caseyear,state,st_case,statename,ve_total,ve_forms,pvh_invl,peds,pernotmvit,permvit,persons,county,countyname,city,cityname,day,dayname,month,monthname,year,day_week,day_weekname,hour,hourname,minute,minutename,nhs,nhsname,rur_urb,rur_urbname,func_sys,func_sysname,rd_owner,rd_ownername,route,routename,tway_id,tway_id2,milept,mileptname,latitude,latitudename,longitud,longitudname,sp_jur,sp_jurname,harm_ev,harm_evname,man_coll,man_collname,reljct1,reljct1name,reljct2,reljct2name,typ_int,typ_intname,wrk_zone,wrk_zonename,road_fnc,road_fncname,rel_road,rel_roadname,lgt_cond,lgt_condname,weather1,weather1name,weather2,weather2name,weather,weathername,sch_bus,sch_busname,rail,railname,not_hour,not_hourname,not_min,not_minname,arr_hour,arr_hourname,arr_min,arr_minname,hosp_hr,hosp_hrname,hosp_mn,hosp_mnname,cf1,cf1name,cf2,cf2name,cf3,cf3name,fatals,drunk_dr
2018,34,340163,New Jersey,1,1,0,0,0,1,1,11,CUMBERLAND (11),420,BRIDGETON,21,21,5,May,2018,2,Monday,5,5:00am-5:59am,19,19,0,This section IS NOT on the NHS,2,Urban,3,Principal Arterial - Other,2,County Highway Agency,4,County Road,CR-638 BURLINGTON RD,,42,42,39.44627500,39.44627500,-75.212108330,-75.212108330,0,No Special Jurisdiction,33,Curb,0,Not a Collision with Motor Vehicle In-Transport,0,No,1,Non-Junction,1,Not an Intersection,0,None,,,4,On Roadside,4,Dawn,10,Cloudy,0,No Additional Atmospheric Conditions,10,Cloudy,0,No,0000000,Not Applicable,5,5:00am-5:59am,21,21,5,5:00am-5:59am,27,27,5,5:00am-5:59am,59,59,0,None,0,None,0,None,1,1
2018,34,340164,New Jersey,2,2,0,0,0,2,2,11,CUMBERLAND (11),420,BRIDGETON,12,12,5,May,2018,7,Saturday,16,4:00pm-4:59pm,14,14,0,This section IS NOT on the NHS,2,Urban,4,Minor Arterial,2,County Highway Agency,4,County Road,CR-552 IRVING AVE,CR-638 BURLINGTON RD,11,11,39.43612500,39.43612500,-75.210577780,-75.210577780,0,No Special Jurisdiction,12,Motor Vehicle In-Transport,6,Angle,0,No,2,Intersection,2,Four-Way Intersection,0,None,,,1,On Roadway,1,Daylight,1,Clear,0,No Additional Atmospheric Conditions,1,Clear,0,No,0000000,Not Applicable,16,4:00pm-4:59pm,13,13,16,4:00pm-4:59pm,17,17,88,Not Applicable (Not Transported),88,Not Applicable (Not Transported),0,None,0,None,0,None,1,0
2018,34,340165,New Jersey,2,2,0,0,0,2,2,29,OCEAN (29),3360,TOMS RIVER,30,30,6,June,2018,7,Saturday,14,2:00pm-2:59pm,55,55,1,This section IS ON the NHS,2,Urban,3,Principal Arterial - Other,2,County Highway Agency,4,County Road,CR-623 NEW HAMPSHIRE RD,,51,51,40.03689167,40.03689167,-74.199166670,-74.199166670,0,No Special Jurisdiction,12,Motor Vehicle In-Transport,2,Front-to-Front,0,No,1,Non-Junction,1,Not an Intersection,0,None,,,1,On Roadway,1,Daylight,1,Clear,0,No Additional Atmospheric Conditions,1,Clear,0,No,0000000,Not Applicable,14,2:00pm-2:59pm,54,54,15,3:00pm-3:59pm,2,2,99,Unknown,99,Unknown EMS Hospital Arrival Time,0,None,0,None,0,None,1,0
2018,34,340166,New Jersey,1,1,0,1,1,1,1,3,BERGEN (3),1860,MAYWOOD,5,5,6,June,2018,3,Tuesday,13,1:00pm-1:59pm,58,58,0,This section IS NOT on the NHS,2,Urban,7,Local,4,City or Municipal Highway Agency,6,Local Street - Municipality,WEST SPRING VALLEY AVE,EDEL AVE,0,None,40.91386389,40.91386389,-74.060058330,-74.060058330,0,No Special Jurisdiction,8,Pedestrian,0,Not a Collision with Motor Vehicle In-Transport,0,No,3,Intersection-Related,2,Four-Way Intersection,0,None,,,1,On Roadway,1,Daylight,1,Clear,0,No Additional Atmospheric Conditions,1,Clear,0,No,0000000,Not Applicable,13,1:00pm-1:59pm,58,58,14,2:00pm-2:59pm,1,1,14,2:00pm-2:59pm,19,19,0,None,0,None,0,None,1,0
2018,34,340167,New Jersey,3,3,0,0,0,3,3,31,PASSAIC (31),3522,WAYNE,8,8,6,June,2018,6,Friday,17,5:00pm-5:59pm,27,27,0,This section IS NOT on the NHS,2,Urban,4,Minor Arterial,2,County Highway Agency,4,County Road,CR-502 BERDAN AVE,VALLEY RD,10,10,40.97311111,40.97311111,-74.239383330,-74.239383330,0,No Special Jurisdiction,12,Motor Vehicle In-Transport,6,Angle,0,No,2,Intersection,3,T-Intersection,0,None,,,1,On Roadway,1,Daylight,1,Clear,0,No Additional Atmospheric Conditions,1,Clear,0,No,0000000,Not Applicable,17,5:00pm-5:59pm,31,31,17,5:00pm-5:59pm,34,34,99,Unknown,99,Unknown EMS Hospital Arrival Time,0,None,0,None,0,None,1,0
2018,34,340168,New Jersey,2,2,0,0,0,2,2,5,BURLINGTON (5),3325,TABERNACLE,24,24,6,June,2018,1,Sunday,15,3:00pm-3:59pm,53,53,0,This section IS NOT on the NHS,1,Rural,5,Major Collector,2,County Highway Agency,4,County Road,CR-532 CHATSWORTH RD,,72,72,39.84669167,39.84669167,-74.676341670,-74.676341670,0,No Special Jurisdiction,58,Ground,0,Not a Collision with Motor Vehicle In-Transport,0,No,1,Non-Junction,1,Not an Intersection,0,None,,,1,On Roadway,1,Daylight,1,Clear,0,No Additional Atmospheric Conditions,1,Clear,0,No,0000000,Not Applicable,15,3:00pm-3:59pm,51,51,15,3:00pm-3:59pm,54,54,88,Not Applicable (Not Transported),88,Not Applicable (Not Transported),0,None,0,None,0,None,1,1
2018,34,340169,New Jersey,1,1,0,0,0,1,1,11,CUMBERLAND (11),1970,MILLVILLE,10,10,6,June,2018,1,Sunday,8,8:00am-8:59am,14,14,0,This section IS NOT on the NHS,2,Urban,5,Major Collector,2,County Highway Agency,4,County Road,CR-698 FAIRTON-MILLVILLE RD,,83,83,39.39676667,39.39676667,-75.067919440,-75.067919440,0,No Special Jurisdiction,53,Mail Box,0,Not a Collision with Motor Vehicle In-Transport,0,No,1,Non-Junction,1,Not an Intersection,0,None,,,4,On Roadside,1,Daylight,1,Clear,0,No Additional Atmospheric Conditions,1,Clear,0,No,0000000,Not Applicable,8,8:00am-8:59am,15,15,8,8:00am-8:59am,27,27,88,Not Applicable (Not Transported),88,Not Applicable (Not Transported),0,None,0,None,0,None,1,1
2018,34,340170,New Jersey,1,1,0,1,1,1,1,3,BERGEN (3),2270,NORTHVALE,22,22,6,June,2018,6,Friday,6,6:00am-6:59am,11,11,1,This section IS ON the NHS,2,Urban,3,Principal Arterial - Other,2,County Highway Agency,4,County Road,CR-505 LIVINGSTON ST,PEGASUS AVE,202,202,41.01522222,41.01522222,-73.945777780,-73.945777780,0,No Special Jurisdiction,8,Pedestrian,0,Not a Collision with Motor Vehicle In-Transport,0,No,3,Intersection-Related,2,Four-Way Intersection,0,None,,,1,On Roadway,1,Daylight,1,Clear,0,No Additional Atmospheric Conditions,1,Clear,0,No,0000000,Not Applicable,6,6:00am-6:59am,17,17,6,6:00am-6:59am,21,21,6,6:00am-6:59am,58,58,0,None,0,None,0,None,1,0
2018,34,340171,New Jersey,1,1,0,1,1,1,1,21,MERCER (21),1265,HAMILTON TOWNSHIP,12,12,6,June,2018,3,Tuesday,16,4:00pm-4:59pm,8,8,0,This section IS NOT on the NHS,2,Urban,7,Local,4,City or Municipal Highway Agency,6,Local Street - Municipality,LOCUST HILL BLVD,BACK CREEK WAY,0,None,40.19341389,40.19341389,-74.668077780,-74.668077780,0,No Special Jurisdiction,8,Pedestrian,0,Not a Collision with Motor Vehicle In-Transport,0,No,3,Intersection-Related,2,Four-Way Intersection,0,None,,,1,On Roadway,1,Daylight,1,Clear,0,No Additional Atmospheric Conditions,1,Clear,0,No,0000000,Not Applicable,16,4:00pm-4:59pm,13,13,16,4:00pm-4:59pm,20,20,17,5:00pm-5:59pm,4,4,0,None,0,None,0,None,1,0
2018,34,340172,New Jersey,2,1,1,0,0,1,1,1,ATLANTIC (1),90,ATLANTIC CITY,13,13,5,May,2018,1,Sunday,20,8:00pm-8:59pm,14,14,0,This section IS NOT on the NHS,2,Urban,7,Local,4,City or Municipal Highway Agency,6,Local Street - Municipality,MASSACHUSETTS AVE,,0,None,39.36858056,39.36858056,-74.418005560,-74.418005560,0,No Special Jurisdiction,14,Parked Motor Vehicle,0,Not a Collision with Motor Vehicle In-Transport,0,No,1,Non-Junction,1,Not an Intersection,0,None,,,4,On Roadside,3,Dark - Lighted,1,Clear,0,No Additional Atmospheric Conditions,1,Clear,0,No,0000000,Not Applicable,20,8:00pm-8:59pm,17,17,20,8:00pm-8:59pm,20,20,20,8:00pm-8:59pm,47,47,0,None,0,None,0,None,1,1
2018,34,340173,New Jersey,2,1,1,1,1,1,1,1,ATLANTIC (1),2640,PLEASANTVILLE,26,26,6,June,2018,3,Tuesday,15,3:00pm-3:59pm,15,15,0,This section IS NOT on the NHS,2,Urban,4,Minor Arterial,2,County Highway Agency,4,County Road,CR-646 DELILAH RD,LINDEN AVE,64,64,39.40478889,39.40478889,-74.512988890,-74.512988890,0,No Special Jurisdiction,33,Curb,0,Not a Collision with Motor Vehicle In-Transport,0,No,3,Intersection-Related,2,Four-Way Intersection,0,None,,,4,On Roadside,1,Daylight,1,Clear,0,No Additional Atmospheric Conditions,1,Clear,0,No,0000000,Not Applicable,15,3:00pm-3:59pm,16,16,15,3:00pm-3:59pm,21,21,99,Unknown,99,Unknown EMS Hospital Arrival Time,0,None,0,None,0,None,1,0
2018,34,340174,New Jersey,1,1,0,1,1,1,1,5,BURLINGTON (5),370,BORDENTOWN,14,14,5,May,2018,2,Monday,22,10:00pm-10:59pm,15,15,1,This section IS ON the NHS,2,Urban,3,Principal Arterial - Other,1,State Highway Agency,2,U.S. Highway,US-130,CR-528 CROSSWICKS ST,559,559,40.14532222,40.14532222,-74.701841670,-74.701841670,0,No Special Jurisdiction,8,Pedestrian,0,Not a Collision with Motor Vehicle In-Transport,0,No,3,Intersection-Related,2,Four-Way Intersection,0,None,,,1,On Roadway,3,Dark - Lighted,1,Clear,0,No Additional Atmospheric Conditions,1,Clear,0,No,0000000,Not Applicable,22,10:00pm-10:59pm,17,17,22,10:00pm-10:59pm,25,25,22,10:00pm-10:59pm,59,59,0,None,0,None,0,None,1,0
2018,34,340175,New Jersey,1,1,0,0,0,2,2,15,GLOUCESTER (15),0,NOT APPLICABLE,26,26,6,June,2018,3,Tuesday,9,9:00am-9:59am,55,55,1,This section IS ON the NHS,2,Urban,2,Principal Arterial - Other Freeways and Expressways,1,State Highway Agency,3,State Highway,SR-55,,481,481,39.68997778,39.68997778,-75.136733330,-75.136733330,0,No Special Jurisdiction,42,Tree (Standing Only),0,Not a Collision with Motor Vehicle In-Transport,0,No,1,Non-Junction,1,Not an Intersection,0,None,,,3,On Median,1,Daylight,1,Clear,0,No Additional Atmospheric Conditions,1,Clear,0,No,0000000,Not Applicable,9,9:00am-9:59am,55,55,10,10:00am-10:59am,7,7,10,10:00am-10:59am,25,25,20,Police Pursuit Involved,0,None,0,None,1,0
2018,34,340176,New Jersey,1,1,0,0,0,1,1,7,CAMDEN (7),3694,WINSLOW,29,29,6,June,2018,6,Friday,1,1:00am-1:59am,2,2,1,This section IS ON the NHS,2,Urban,2,Principal Arterial - Other Freeways and Expressways,31,State Toll Road,8,Other,446 ACE,,394,394,39.72543611,39.72543611,-75.000452780,-75.000452780,0,No Special Jurisdiction,42,Tree (Standing Only),0,Not a Collision with Motor Vehicle In-Transport,0,No,1,Non-Junction,1,Not an Intersection,0,None,,,3,On Median,2,Dark - Not Lighted,1,Clear,0,No Additional Atmospheric Conditions,1,Clear,0,No,0000000,Not Applicable,1,1:00am-1:59am,1,1,1,1:00am-1:59am,4,4,88,Not Applicable (Not Transported),88,Not Applicable (Not Transported),0,None,0,None,0,None,1,0
2018,34,340177,New Jersey,1,1,0,0,0,1,1,5,BURLINGTON (5),613,CINNAMINSON,11,11,4,April,2018,4,Wednesday,14,2:00pm-2:59pm,0,0,1,This section IS ON the NHS,2,Urban,2,Principal Arterial - Other Freeways and Expressways,1,State Highway Agency,3,State Highway,SR-90,,31,31,39.97589722,39.97589722,-75.013630560,-75.013630560,0,No Special Jurisdiction,25,Concrete Traffic Barrier,0,Not a Collision with Motor Vehicle In-Transport,0,No,1,Non-Junction,1,Not an Intersection,0,None,,,3,On Median,1,Daylight,1,Clear,0,No Additional Atmospheric Conditions,1,Clear,0,No,0000000,Not Applicable,99,Unknown,99,Unknown,99,Unknown EMS Scene Arrival Hour,99,Unknown EMS Scene Arrival Minutes,88,Not Applicable (Not Transported),88,Not Applicable (Not Transported),0,None,0,None,0,None,1,0
2018,34,340178,New Jersey,2,2,0,0,0,2,2,27,MORRIS (27),2084,MT OLIVE,1,1,6,June,2018,6,Friday,2,2:00am-2:59am,0,0,1,This section IS ON the NHS,2,Urban,1,Interstate,1,State Highway Agency,1,Interstate,I-80,,257,257,40.90102222,40.90102222,-74.720405560,-74.720405560,0,No Special Jurisdiction,11,Live Animal,0,Not a Collision with Motor Vehicle In-Transport,0,No,1,Non-Junction,1,Not an Intersection,0,None,,,1,On Roadway,2,Dark - Not Lighted,5,"Fog, Smog, Smoke",0,No Additional Atmospheric Conditions,5,"Fog, Smog, Smoke",0,No,0000000,Not Applicable,2,2:00am-2:59am,5,5,2,2:00am-2:59am,21,21,88,Not Applicable (Not Transported),88,Not Applicable (Not Transported),0,None,0,None,0,None,1,0
2018,34,340179,New Jersey,2,2,0,0,0,2,2,13,ESSEX (13),800,EAST ORANGE,18,18,6,June,2018,2,Monday,19,7:00pm-7:59pm,10,10,0,This section IS NOT on the NHS,2,Urban,7,Local,4,City or Municipal Highway Agency,6,Local Street - Municipality,PROSPECT ST,,0,None,40.76868056,40.76868056,-74.215830560,-74.215830560,0,No Special Jurisdiction,12,Motor Vehicle In-Transport,6,Angle,0,No,8,Driveway Access Related,1,Not an Intersection,0,None,,,1,On Roadway,1,Daylight,1,Clear,0,No Additional Atmospheric Conditions,1,Clear,0,No,0000000,Not Applicable,19,7:00pm-7:59pm,12,12,19,7:00pm-7:59pm,23,23,19,7:00pm-7:59pm,35,35,0,None,0,None,0,None,1,0
2018,34,340180,New Jersey,2,2,0,0,0,5,5,29,OCEAN (29),3360,TOMS RIVER,2,2,7,July,2018,2,Monday,12,12:00pm-12:59pm,13,13,1,This section IS ON the NHS,2,Urban,3,Principal Arterial - Other,1,State Highway Agency,3,State Highway,SR-37,DRIVEWAY ENTRANCE TO SHOPPING,59,59,39.96477500,39.96477500,-74.214038890,-74.214038890,0,No Special Jurisdiction,33,Curb,0,Not a Collision with Motor Vehicle In-Transport,0,No,8,Driveway Access Related,1,Not an Intersection,0,None,,,3,On Median,1,Daylight,1,Clear,0,No Additional Atmospheric Conditions,1,Clear,0,No,0000000,Not Applicable,12,12:00pm-12:59pm,13,13,12,12:00pm-12:59pm,15,15,12,12:00pm-12:59pm,41,41,0,None,0,None,0,None,2,0
2018,34,340181,New Jersey,1,1,0,1,1,1,1,13,ESSEX (13),1745,LIVINGSTON,5,5,7,July,2018,5,Thursday,13,1:00pm-1:59pm,53,53,0,This section IS NOT on the NHS,2,Urban,7,Local,4,City or Municipal Highway Agency,6,Local Street - Municipality,GOODHART DR,,0,None,40.77115000,40.77115000,-74.343536110,-74.343536110,0,No Special Jurisdiction,8,Pedestrian,0,Not a Collision with Motor Vehicle In-Transport,0,No,1,Non-Junction,1,Not an Intersection,0,None,,,1,On Roadway,1,Daylight,1,Clear,0,No Additional Atmospheric Conditions,1,Clear,0,No,0000000,Not Applicable,13,1:00pm-1:59pm,53,53,14,2:00pm-2:59pm,5,5,14,2:00pm-2:59pm,26,26,0,None,0,None,0,None,1,0
2018,34,340182,New Jersey,1,1,0,0,0,1,1,25,MONMOUTH (25),3357,TINTON FALLS,14,14,7,July,2018,7,Saturday,18,6:00pm-6:59pm,34,34,0,This section IS NOT on the NHS,2,Urban,4,Minor Arterial,2,County Highway Agency,4,County Road,CR-547 ASBURY AVE,,231,231,40.24760278,40.24760278,-74.101500000,-74.101500000,0,No Special Jurisdiction,33,Curb,0,Not a Collision with Motor Vehicle In-Transport,0,No,1,Non-Junction,1,Not an Intersection,0,None,,,4,On Roadside,1,Daylight,1,Clear,0,No Additional Atmospheric Conditions,1,Clear,0,No,0000000,Not Applicable,18,6:00pm-6:59pm,36,36,18,6:00pm-6:59pm,42,42,88,Not Applicable (Not Transported),88,Not Applicable (Not Transported),0,None,0,None,0,None,1,1
2018,34,340183,New Jersey,1,1,0,1,1,1,1,35,SOMERSET (35),3100,SOMERVILLE,31,31,7,July,2018,3,Tuesday,9,9:00am-9:59am,4,4,1,This section IS ON the NHS,2,Urban,3,Principal Arterial - Other,1,State Highway Agency,3,State Highway,SR-28,GROVE ST,34,34,40.56769722,40.56769722,-74.609975000,-74.609975000,0,No Special Jurisdiction,8,Pedestrian,0,Not a Collision with Motor Vehicle In-Transport,0,No,3,Intersection-Related,3,T-Intersection,0,None,,,1,On Roadway,1,Daylight,1,Clear,0,No Additional Atmospheric Conditions,1,Clear,0,No,0000000,Not Applicable,9,9:00am-9:59am,4,4,9,9:00am-9:59am,7,7,9,9:00am-9:59am,32,32,0,None,0,None,0,None,1,0
2018,34,340184,New Jersey,1,1,0,0,0,1,1,1,ATLANTIC (1),1050,FOLSOM,7,7,7,July,2018,7,Saturday,15,3:00pm-3:59pm,36,36,0,This section IS NOT on the NHS,2,Urban,4,Minor Arterial,1,State Highway Agency,2,U.S. Highway,US-322,,367,367,39.57251667,39.57251667,-74.823394440,-74.823394440,0,No Special Jurisdiction,33,Curb,0,Not a Collision with Motor Vehicle In-Transport,0,No,1,Non-Junction,1,Not an Intersection,0,None,,,5,Outside Trafficway,1,Daylight,1,Clear,0,No Additional Atmospheric Conditions,1,Clear,0,No,0000000,Not Applicable,15,3:00pm-3:59pm,40,40,15,3:00pm-3:59pm,51,51,16,4:00pm-4:59pm,51,51,0,None,0,None,0,None,1,1
2018,34,340185,New Jersey,1,1,0,0,0,1,1,7,CAMDEN (7),520,CAMDEN,24,24,5,May,2018,5,Thursday,19,7:00pm-7:59pm,24,24,0,This section IS NOT on the NHS,2,Urban,4,Minor Arterial,2,County Highway Agency,4,County Road,CR-601 STATE ST,,13,13,39.94786111,39.94786111,-75.098322220,-75.098322220,0,No Special Jurisdiction,33,Curb,0,Not a Collision with Motor Vehicle In-Transport,0,No,1,Non-Junction,1,Not an Intersection,0,None,,,4,On Roadside,1,Daylight,1,Clear,0,No Additional Atmospheric Conditions,1,Clear,0,No,0000000,Not Applicable,99,Unknown,99,Unknown,99,Unknown EMS Scene Arrival Hour,99,Unknown EMS Scene Arrival Minutes,99,Unknown,99,Unknown EMS Hospital Arrival Time,0,None,0,None,0,None,1,0
2018,34,340186,New Jersey,2,2,0,0,0,5,5,7,CAMDEN (7),520,CAMDEN,24,24,6,June,2018,1,Sunday,13,1:00pm-1:59pm,17,17,0,This section IS NOT on the NHS,2,Urban,7,Local,4,City or Municipal Highway Agency,6,Local Street - Municipality,26TH STREET,PIERCE STREET,0,None,39.95666944,39.95666944,-75.097216670,-75.097216670,0,No Special Jurisdiction,12,Motor Vehicle In-Transport,6,Angle,0,No,2,Intersection,2,Four-Way Intersection,0,None,,,1,On Roadway,1,Daylight,1,Clear,0,No Additional Atmospheric Conditions,1,Clear,0,No,0000000,Not Applicable,13,1:00pm-1:59pm,26,26,13,1:00pm-1:59pm,33,33,13,1:00pm-1:59pm,46,46,0,None,0,None,0,None,1,1
2018,34,340187,New Jersey,1,1,0,0,0,1,1,7,CAMDEN (7),3521,WATERFORD WORKS,15,15,6,June,2018,6,Friday,23,11:00pm-11:59pm,33,33,0,This section IS NOT on the NHS,1,Rural,5,Major Collector,2,County Highway Agency,4,County Road,CR-536 CHEW RD,,371,371,39.70446944,39.70446944,-74.776552780,-74.776552780,0,No Special Jurisdiction,1,Rollover/Overturn,0,Not a Collision with Motor Vehicle In-Transport,0,No,1,Non-Junction,1,Not an Intersection,0,None,,,5,Outside Trafficway,2,Dark - Not Lighted,1,Clear,0,No Additional Atmospheric Conditions,1,Clear,0,No,0000000,Not Applicable,99,Unknown,99,Unknown,99,Unknown EMS Scene Arrival Hour,99,Unknown EMS Scene Arrival Minutes,88,Not Applicable (Not Transported),88,Not Applicable (Not Transported),0,None,0,None,0,None,1,1
2018,34,340188,New Jersey,2,2,0,0,0,2,2,7,CAMDEN (7),3465,VOORHEES,25,25,6,June,2018,2,Monday,18,6:00pm-6:59pm,7,7,1,This section IS ON the NHS,2,Urban,3,Principal Arterial - Other,2,County Highway Agency,4,County Road,CR-561 HADDONFIELD-BERLIN RD,CR-673 WHITE HORSE RD,413,413,39.85371667,39.85371667,-74.982294440,-74.982294440,0,No Special Jurisdiction,12,Motor Vehicle In-Transport,6,Angle,0,No,2,Intersection,2,Four-Way Intersection,0,None,,,1,On Roadway,1,Daylight,1,Clear,0,No Additional Atmospheric Conditions,1,Clear,0,No,0000000,Not Applicable,18,6:00pm-6:59pm,9,9,18,6:00pm-6:59pm,13,13,19,7:00pm-7:59pm,0,0,0,None,0,None,0,None,1,0
2018,34,340189,New Jersey,2,2,0,0,0,2,2,25,MONMOUTH (25),0,NOT APPLICABLE,6,6,7,July,2018,6,Friday,8,8:00am-8:59am,54,54,0,This section IS NOT on the NHS,1,Rural,5,Major Collector,2,County Highway Agency,4,County Road,CR-527,OLD TURKEY SWAMP RD,220,220,40.20446944,40.20446944,-74.348516670,-74.348516670,0,No Special Jurisdiction,12,Motor Vehicle In-Transport,2,Front-to-Front,0,No,1,Non-Junction,1,Not an Intersection,0,None,,,1,On Roadway,1,Daylight,2,Rain,0,No Additional Atmospheric Conditions,2,Rain,0,No,0000000,Not Applicable,8,8:00am-8:59am,58,58,9,9:00am-9:59am,4,4,9,9:00am-9:59am,18,18,0,None,0,None,0,None,1,0
2018,34,340190,New Jersey,2,2,0,0,0,2,2,1,ATLANTIC (1),0,NOT APPLICABLE,10,10,7,July,2018,3,Tuesday,15,3:00pm-3:59pm,20,20,0,This section IS NOT on the NHS,1,Rural,4,Minor Arterial,1,State Highway Agency,3,State Highway,SR-54,,48,48,39.57240556,39.57240556,-74.877197220,-74.877197220,0,No Special Jurisdiction,12,Motor Vehicle In-Transport,6,Angle,0,No,1,Non-Junction,1,Not an Intersection,0,None,,,2,On Shoulder,1,Daylight,1,Clear,0,No Additional Atmospheric Conditions,1,Clear,0,No,0000000,Not Applicable,15,3:00pm-3:59pm,23,23,15,3:00pm-3:59pm,30,30,99,Unknown,99,Unknown EMS Hospital Arrival Time,0,None,0,None,0,None,1,0
2018,34,340191,New Jersey,1,1,0,0,0,1,1,9,CAPE MAY (9),742,DENNISVILLE,16,16,7,July,2018,2,Monday,23,11:00pm-11:59pm,20,20,0,This section IS NOT on the NHS,1,Rural,5,Major Collector,2,County Highway Agency,4,County Road,CR-550,CR-605,59,59,39.26782500,39.26782500,-74.865305560,-74.865305560,0,No Special Jurisdiction,18,Other Object (not fixed),0,Not a Collision with Motor Vehicle In-Transport,0,No,1,Non-Junction,1,Not an Intersection,0,None,,,4,On Roadside,2,Dark - Not Lighted,1,Clear,0,No Additional Atmospheric Conditions,1,Clear,0,No,0000000,Not Applicable,99,Unknown,99,Unknown,99,Unknown EMS Scene Arrival Hour,99,Unknown EMS Scene Arrival Minutes,88,Not Applicable (Not Transported),88,Not Applicable (Not Transported),0,None,0,None,0,None,1,1
2018,34,340192,New Jersey,2,2,0,0,0,2,2,23,MIDDLESEX (23),1920,MIDDLESEX,9,9,8,August,2018,5,Thursday,9,9:00am-9:59am,33,33,1,This section IS ON the NHS,2,Urban,3,Principal Arterial - Other,1,State Highway Agency,3,State Highway,SR-28,CLAY AVE,108,108,40.58391667,40.58391667,-74.484133330,-74.484133330,0,No Special Jurisdiction,12,Motor Vehicle In-Transport,6,Angle,0,No,2,Intersection,2,Four-Way Intersection,0,None,,,1,On Roadway,1,Daylight,1,Clear,0,No Additional Atmospheric Conditions,1,Clear,0,No,0000000,Not Applicable,9,9:00am-9:59am,36,36,9,9:00am-9:59am,49,49,10,10:00am-10:59am,16,16,0,None,0,None,0,None,1,0
2018,34,340193,New Jersey,1,1,0,1,1,1,1,21,MERCER (21),3633,WEST WINDSOR,29,29,6,June,2018,6,Friday,23,11:00pm-11:59pm,5,5,1,This section IS ON the NHS,2,Urban,3,Principal Arterial - Other,1,State Highway Agency,2,U.S. Highway,US-1,,97,97,40.31239722,40.31239722,-74.661369440,-74.661369440,0,No Special Jurisdiction,8,Pedestrian,0,Not a Collision with Motor Vehicle In-Transport,0,No,1,Non-Junction,1,Not an Intersection,0,None,,,1,On Roadway,2,Dark - Not Lighted,1,Clear,0,No Additional Atmospheric Conditions,1,Clear,0,No,0000000,Not Applicable,23,11:00pm-11:59pm,8,8,23,11:00pm-11:59pm,14,14,23,11:00pm-11:59pm,40,40,19,Recent/Previous Crash scene Nearby,0,None,0,None,1,0
2018,34,340194,New Jersey,2,1,1,0,0,1,1,35,SOMERSET (35),1081,FRANKLIN PARK,5,5,8,August,2018,1,Sunday,6,6:00am-6:59am,27,27,0,This section IS NOT on the NHS,9,Unknown,7,Local,4,City or Municipal Highway Agency,6,Local Street - Municipality,RALPH ST,LAFAYETTE AVE,0,None,40.49437222,40.49437222,-74.472836110,-74.472836110,0,No Special Jurisdiction,14,Parked Motor Vehicle,0,Not a Collision with Motor Vehicle In-Transport,0,No,3,Intersection-Related,3,T-Intersection,0,None,,,4,On Roadside,2,Dark - Not Lighted,1,Clear,0,No Additional Atmospheric Conditions,1,Clear,0,No,0000000,Not Applicable,6,6:00am-6:59am,36,36,6,6:00am-6:59am,41,41,6,6:00am-6:59am,54,54,0,None,0,None,0,None,1,1
2018,34,340195,New Jersey,1,1,0,0,0,1,1,7,CAMDEN (7),1710,LINDENWOLD,17,17,5,May,2018,5,Thursday,11,11:00am-11:59am,38,38,0,This section IS NOT on the NHS,2,Urban,7,Local,4,City or Municipal Highway Agency,6,Local Street - Municipality,MAPLE AVE,,0,None,39.82622500,39.82622500,-74.988416670,-74.988416670,0,No Special Jurisdiction,10,Railway Vehicle,0,Not a Collision with Motor Vehicle In-Transport,0,No,6,Railway Grade Crossing,1,Not an Intersection,0,None,,,1,On Roadway,1,Daylight,1,Clear,0,No Additional Atmospheric Conditions,1,Clear,0,No,586030L,586030L,11,11:00am-11:59am,41,41,11,11:00am-11:59am,44,44,88,Not Applicable (Not Transported),88,Not Applicable (Not Transported),0,None,0,None,0,None,1,0
2018,34,340196,New Jersey,1,1,0,0,0,1,1,7,CAMDEN (7),3694,WINSLOW,1,1,8,August,2018,4,Wednesday,12,12:00pm-12:59pm,55,55,1,This section IS ON the NHS,2,Urban,2,Principal Arterial - Other Freeways and Expressways,31,State Toll Road,8,Other,ACE-446,,354,354,39.69160000,39.69160000,-74.923250000,-74.923250000,0,No Special Jurisdiction,24,Guardrail Face,0,Not a Collision with Motor Vehicle In-Transport,0,No,1,Non-Junction,1,Not an Intersection,0,None,,,4,On Roadside,1,Daylight,1,Clear,0,No Additional Atmospheric Conditions,1,Clear,0,No,0000000,Not Applicable,12,12:00pm-12:59pm,56,56,13,1:00pm-1:59pm,3,3,88,Not Applicable (Not Transported),88,Not Applicable (Not Transported),0,None,0,None,0,None,1,0