caseyear,state,st_case,statename,ve_total,ve_forms,pvh_invl,peds,pernotmvit,permvit,persons,county,countyname,city,cityname,day,dayname,month,monthname,year,day_week,day_weekname,hour,hourname,minute,minutename,nhs,nhsname,rur_urb,rur_urbname,func_sys,func_sysname,rd_owner,rd_ownername,route,routename,tway_id,tway_id2,milept,mileptname,latitude,latitudename,longitud,longitudname,sp_jur,sp_jurname,harm_ev,harm_evname,man_coll,man_collname,reljct1,reljct1name,reljct2,reljct2name,typ_int,typ_intname,wrk_zone,wrk_zonename,road_fnc,road_fncname,rel_road,rel_roadname,lgt_cond,lgt_condname,weather1,weather1name,weather2,weather2name,weather,weathername,sch_bus,sch_busname,rail,railname,not_hour,not_hourname,not_min,not_minname,arr_hour,arr_hourname,arr_min,arr_minname,hosp_hr,hosp_hrname,hosp_mn,hosp_mnname,cf1,cf1name,cf2,cf2name,cf3,cf3name,fatals,drunk_dr
2018,34,340197,New Jersey,2,2,0,0,0,3,3,23,MIDDLESEX (23),3705,WOODBRIDGE,12,12,6,June,2018,3,Tuesday,21,9:00pm-9:59pm,30,30,1,This section IS ON the NHS,2,Urban,2,Principal Arterial - Other Freeways and Expressways,31,State Toll Road,8,Other,GSP-444,,1312,1312,40.56129444,40.56129444,-74.322286110,-74.322286110,0,No Special Jurisdiction,12,Motor Vehicle In-Transport,7,Sideswipe - Same Direction,0,No,1,Non-Junction,1,Not an Intersection,0,None,,,1,On Roadway,3,Dark - Lighted,1,Clear,0,No Additional Atmospheric Conditions,1,Clear,0,No,0000000,Not Applicable,21,9:00pm-9:59pm,32,32,21,9:00pm-9:59pm,41,41,22,10:00pm-10:59pm,24,24,0,None,0,None,0,None,1,0
2018,34,340198,New Jersey,1,1,0,0,0,1,1,3,BERGEN (3),3730,WOODCLIFF LAKE,15,15,6,June,2018,6,Friday,21,9:00pm-9:59pm,24,24,1,This section IS ON the NHS,2,Urban,2,Principal Arterial - Other Freeways and Expressways,31,State Toll Road,8,Other,GSP-444,,1699,1699,41.03050833,41.03050833,-74.069647220,-74.069647220,0,No Special Jurisdiction,24,Guardrail Face,0,Not a Collision with Motor Vehicle In-Transport,0,No,1,Non-Junction,1,Not an Intersection,0,None,,,3,On Median,3,Dark - Lighted,1,Clear,0,No Additional Atmospheric Conditions,1,Clear,0,No,0000000,Not Applicable,21,9:00pm-9:59pm,34,34,21,9:00pm-9:59pm,45,45,88,Not Applicable (Not Transported),88,Not Applicable (Not Transported),0,None,0,None,0,None,1,0
2018,34,340199,New Jersey,1,1,0,1,1,1,1,21,MERCER (21),3380,TRENTON,6,6,5,May,2018,1,Sunday,20,8:00pm-8:59pm,50,50,1,This section IS ON the NHS,2,Urban,3,Principal Arterial - Other,1,State Highway Agency,3,State Highway,SR-129,CR-606 HAMILTON AVE,21,21,40.21325833,40.21325833,-74.756372220,-74.756372220,0,No Special Jurisdiction,8,Pedestrian,0,Not a Collision with Motor Vehicle In-Transport,0,No,3,Intersection-Related,2,Four-Way Intersection,0,None,,,1,On Roadway,3,Dark - Lighted,1,Clear,0,No Additional Atmospheric Conditions,1,Clear,0,No,0000000,Not Applicable,20,8:00pm-8:59pm,56,56,20,8:00pm-8:59pm,59,59,21,9:00pm-9:59pm,8,8,0,None,0,None,0,None,1,0
2018,34,340200,New Jersey,2,2,0,0,0,4,4,41,WARREN (41),2580,PHILLIPSBURG,8,8,6,June,2018,6,Friday,8,8:00am-8:59am,33,33,0,This section IS NOT on the NHS,2,Urban,7,Local,4,City or Municipal Highway Agency,6,Local Street - Municipality,HILLCREST BLVD,LINCOLN RD,0,None,40.69863889,40.69863889,-75.188452780,-75.188452780,0,No Special Jurisdiction,12,Motor Vehicle In-Transport,6,Angle,0,No,2,Intersection,2,Four-Way Intersection,0,None,,,1,On Roadway,1,Daylight,1,Clear,0,No Additional Atmospheric Conditions,1,Clear,0,No,0000000,Not Applicable,8,8:00am-8:59am,36,36,8,8:00am-8:59am,38,38,9,9:00am-9:59am,6,6,0,None,0,None,0,None,1,0
2018,34,340201,New Jersey,2,2,0,0,0,5,5,3,BERGEN (3),1410,HILLSDALE,19,19,5,May,2018,7,Saturday,23,11:00pm-11:59pm,57,57,1,This section IS ON the NHS,2,Urban,3,Principal Arterial - Other,2,County Highway Agency,4,County Road,CR-503 KINDERKAMACK RD,HILLSDALE AVE,143,143,41.00293056,41.00293056,-74.034658330,-74.034658330,0,No Special Jurisdiction,12,Motor Vehicle In-Transport,6,Angle,0,No,2,Intersection,2,Four-Way Intersection,0,None,,,1,On Roadway,3,Dark - Lighted,2,Rain,0,No Additional Atmospheric Conditions,2,Rain,0,No,0000000,Not Applicable,23,11:00pm-11:59pm,54,54,0,0:00am-0:59am,1,1,1,1:00am-1:59am,12,12,0,None,0,None,0,None,1,0
2018,34,340202,New Jersey,1,1,0,0,0,2,2,23,MIDDLESEX (23),2582,PISCATAWAY,12,12,5,May,2018,7,Saturday,12,12:00pm-12:59pm,55,55,1,This section IS ON the NHS,2,Urban,1,Interstate,1,State Highway Agency,1,Interstate,I-287,,67,67,40.55588889,40.55588889,-74.453972220,-74.453972220,0,No Special Jurisdiction,42,Tree (Standing Only),0,Not a Collision with Motor Vehicle In-Transport,0,No,1,Non-Junction,1,Not an Intersection,0,None,,,5,Outside Trafficway,1,Daylight,10,Cloudy,0,No Additional Atmospheric Conditions,10,Cloudy,0,No,0000000,Not Applicable,13,1:00pm-1:59pm,11,11,13,1:00pm-1:59pm,22,22,13,1:00pm-1:59pm,56,56,0,None,0,None,0,None,2,0
2018,34,340203,New Jersey,1,1,0,0,0,1,1,35,SOMERSET (35),0,NOT APPLICABLE,11,11,5,May,2018,6,Friday,6,6:00am-6:59am,16,16,1,This section IS ON the NHS,2,Urban,1,Interstate,1,State Highway Agency,1,Interstate,I-78,,330,330,40.64352778,40.64352778,-74.605216670,-74.605216670,0,No Special Jurisdiction,1,Rollover/Overturn,0,Not a Collision with Motor Vehicle In-Transport,0,No,1,Non-Junction,1,Not an Intersection,0,None,,,3,On Median,1,Daylight,1,Clear,0,No Additional Atmospheric Conditions,1,Clear,0,No,0000000,Not Applicable,6,6:00am-6:59am,16,16,6,6:00am-6:59am,25,25,99,Unknown,99,Unknown EMS Hospital Arrival Time,0,None,0,None,0,None,1,0
2018,34,340204,New Jersey,1,1,0,0,0,1,1,25,MONMOUTH (25),1925,MIDDLETOWN,17,17,5,May,2018,5,Thursday,11,11:00am-11:59am,56,56,1,This section IS ON the NHS,2,Urban,3,Principal Arterial - Other,1,State Highway Agency,3,State Highway,SR-36,REGENCY PARK WAY,200,200,40.43451389,40.43451389,-74.123769440,-74.123769440,0,No Special Jurisdiction,33,Curb,0,Not a Collision with Motor Vehicle In-Transport,0,No,3,Intersection-Related,3,T-Intersection,0,None,,,4,On Roadside,1,Daylight,2,Rain,0,No Additional Atmospheric Conditions,2,Rain,0,No,0000000,Not Applicable,12,12:00pm-12:59pm,0,0,12,12:00pm-12:59pm,6,6,88,Not Applicable (Not Transported),88,Not Applicable (Not Transported),0,None,0,None,0,None,1,1
2018,34,340205,New Jersey,1,1,0,0,0,4,4,25,MONMOUTH (25),692,COLTS NECK,15,15,6,June,2018,6,Friday,21,9:00pm-9:59pm,25,25,1,This section IS ON the NHS,2,Urban,2,Principal Arterial - Other Freeways and Expressways,1,State Highway Agency,3,State Highway,SR-18,SR-34 RAMP,191,191,40.27627222,40.27627222,-74.165191670,-74.165191670,0,No Special Jurisdiction,33,Curb,0,Not a Collision with Motor Vehicle In-Transport,1,Yes,5,Entrance/Exit Ramp Related,1,Not an Intersection,0,None,,,10,Separator,2,Dark - Not Lighted,1,Clear,0,No Additional Atmospheric Conditions,1,Clear,0,No,0000000,Not Applicable,99,Unknown,99,Unknown,99,Unknown EMS Scene Arrival Hour,99,Unknown EMS Scene Arrival Minutes,99,Unknown,99,Unknown EMS Hospital Arrival Time,0,None,0,None,0,None,1,1
2018,34,340206,New Jersey,1,1,0,0,0,1,1,7,CAMDEN (7),520,CAMDEN,17,17,6,June,2018,1,Sunday,23,11:00pm-11:59pm,25,25,0,This section IS NOT on the NHS,2,Urban,7,Local,4,City or Municipal Highway Agency,6,Local Street - Municipality,32ND ST,WESTFIELD AVE,0,None,39.95063611,39.95063611,-75.078558330,-75.078558330,0,No Special Jurisdiction,44,"Pavement Surface Irregularity (Ruts, Potholes, Grates, etc.)",0,Not a Collision with Motor Vehicle In-Transport,0,No,2,Intersection,3,T-Intersection,0,None,,,1,On Roadway,3,Dark - Lighted,1,Clear,0,No Additional Atmospheric Conditions,1,Clear,0,No,0000000,Not Applicable,23,11:00pm-11:59pm,23,23,23,11:00pm-11:59pm,27,27,23,11:00pm-11:59pm,46,46,0,None,0,None,0,None,1,1
2018,34,340207,New Jersey,1,1,0,1,1,1,1,39,UNION (39),2910,ROSELLE PARK,12,12,6,June,2018,3,Tuesday,13,1:00pm-1:59pm,39,39,1,This section IS ON the NHS,2,Urban,3,Principal Arterial - Other,1,State Highway Agency,3,State Highway,SR-28,PERSHING AVE,249,249,40.66321389,40.66321389,-74.252677780,-74.252677780,0,No Special Jurisdiction,8,Pedestrian,0,Not a Collision with Motor Vehicle In-Transport,0,No,3,Intersection-Related,3,T-Intersection,0,None,,,1,On Roadway,1,Daylight,1,Clear,0,No Additional Atmospheric Conditions,1,Clear,0,No,0000000,Not Applicable,13,1:00pm-1:59pm,43,43,13,1:00pm-1:59pm,52,52,14,2:00pm-2:59pm,22,22,0,None,0,None,0,None,1,0
2018,34,340208,New Jersey,2,2,0,0,0,2,2,23,MIDDLESEX (23),3705,WOODBRIDGE,8,8,4,April,2018,1,Sunday,9,9:00am-9:59am,39,39,1,This section IS ON the NHS,2,Urban,3,Principal Arterial - Other,1,State Highway Agency,2,U.S. Highway,US-9,PEYSER ST,1355,1355,40.55414444,40.55414444,-74.291858330,-74.291858330,0,No Special Jurisdiction,12,Motor Vehicle In-Transport,2,Front-to-Front,0,No,3,Intersection-Related,3,T-Intersection,0,None,,,1,On Roadway,1,Daylight,1,Clear,0,No Additional Atmospheric Conditions,1,Clear,0,No,0000000,Not Applicable,9,9:00am-9:59am,43,43,9,9:00am-9:59am,55,55,10,10:00am-10:59am,24,24,0,None,0,None,0,None,2,0
2018,34,340209,New Jersey,1,1,0,1,1,1,1,29,OCEAN (29),416,BRICK TOWN,16,16,4,April,2018,2,Monday,20,8:00pm-8:59pm,25,25,1,This section IS ON the NHS,2,Urban,3,Principal Arterial - Other,2,County Highway Agency,4,County Road,CR-549 LANES MILL RD,,119,119,40.09538889,40.09538889,-74.145697220,-74.145697220,0,No Special Jurisdiction,8,Pedestrian,0,Not a Collision with Motor Vehicle In-Transport,0,No,1,Non-Junction,1,Not an Intersection,0,None,,,1,On Roadway,3,Dark - Lighted,1,Clear,0,No Additional Atmospheric Conditions,1,Clear,0,No,0000000,Not Applicable,20,8:00pm-8:59pm,15,15,20,8:00pm-8:59pm,17,17,88,Not Applicable (Not Transported),88,Not Applicable (Not Transported),0,None,0,None,0,None,1,0
2018,34,340210,New Jersey,1,1,0,0,0,2,2,35,SOMERSET (35),0,NOT APPLICABLE,17,17,4,April,2018,3,Tuesday,2,2:00am-2:59am,18,18,0,This section IS NOT on the NHS,9,Unknown,7,Local,4,City or Municipal Highway Agency,6,Local Street - Municipality,SPRING VALLEY RD,ENGLISH PLACE,0,None,40.65520833,40.65520833,-74.564086110,-74.564086110,0,No Special Jurisdiction,33,Curb,0,Not a Collision with Motor Vehicle In-Transport,0,No,1,Non-Junction,1,Not an Intersection,0,None,,,4,On Roadside,3,Dark - Lighted,1,Clear,0,No Additional Atmospheric Conditions,1,Clear,0,No,0000000,Not Applicable,2,2:00am-2:59am,22,22,2,2:00am-2:59am,49,49,88,Not Applicable (Not Transported),88,Not Applicable (Not Transported),0,None,0,None,0,None,1,1
2018,34,340211,New Jersey,1,1,0,0,0,1,1,23,MIDDLESEX (23),2582,PISCATAWAY,17,17,4,April,2018,3,Tuesday,16,4:00pm-4:59pm,54,54,0,This section IS NOT on the NHS,2,Urban,4,Minor Arterial,2,County Highway Agency,4,County Road,CR-601 W SEVENTH ST,,0,None,40.58745278,40.58745278,-74.448469440,-74.448469440,0,No Special Jurisdiction,33,Curb,0,Not a Collision with Motor Vehicle In-Transport,0,No,1,Non-Junction,1,Not an Intersection,0,None,,,4,On Roadside,1,Daylight,1,Clear,0,No Additional Atmospheric Conditions,1,Clear,0,No,0000000,Not Applicable,16,4:00pm-4:59pm,56,56,17,5:00pm-5:59pm,0,0,17,5:00pm-5:59pm,39,39,0,None,0,None,0,None,1,0
2018,34,340212,New Jersey,1,1,0,0,0,1,1,23,MIDDLESEX (23),2582,PISCATAWAY,22,22,4,April,2018,1,Sunday,17,5:00pm-5:59pm,13,13,1,This section IS ON the NHS,2,Urban,3,Principal Arterial - Other,2,County Highway Agency,4,County Road,CR-665 S WASHINGTON AVE,,4,4,40.54795000,40.54795000,-74.443005560,-74.443005560,0,No Special Jurisdiction,33,Curb,0,Not a Collision with Motor Vehicle In-Transport,0,No,1,Non-Junction,1,Not an Intersection,0,None,,,4,On Roadside,1,Daylight,1,Clear,0,No Additional Atmospheric Conditions,1,Clear,0,No,0000000,Not Applicable,17,5:00pm-5:59pm,15,15,99,Unknown EMS Scene Arrival Hour,99,Unknown EMS Scene Arrival Minutes,99,Unknown,99,Unknown EMS Hospital Arrival Time,0,None,0,None,0,None,1,0
2018,34,340213,New Jersey,1,1,0,0,0,9,9,15,GLOUCESTER (15),0,NOT APPLICABLE,13,13,4,April,2018,6,Friday,19,7:00pm-7:59pm,11,11,1,This section IS ON the NHS,2,Urban,2,Principal Arterial - Other Freeways and Expressways,1,State Highway Agency,3,State Highway,SR-55,,482,482,39.69493611,39.69493611,-75.143469440,-75.143469440,0,No Special Jurisdiction,1,Rollover/Overturn,0,Not a Collision with Motor Vehicle In-Transport,0,No,1,Non-Junction,1,Not an Intersection,0,None,,,4,On Roadside,1,Daylight,1,Clear,0,No Additional Atmospheric Conditions,1,Clear,0,No,0000000,Not Applicable,19,7:00pm-7:59pm,10,10,19,7:00pm-7:59pm,20,20,19,7:00pm-7:59pm,48,48,0,None,0,None,0,None,1,0
2018,34,340214,New Jersey,1,1,0,0,0,3,3,15,GLOUCESTER (15),1082,FRANKLINVILLE,6,6,5,May,2018,1,Sunday,12,12:00pm-12:59pm,26,26,0,This section IS NOT on the NHS,1,Rural,4,Minor Arterial,2,County Highway Agency,4,County Road,CR-557 TUCKAHOE RD,,354,354,39.60441111,39.60441111,-74.993225000,-74.993225000,0,No Special Jurisdiction,30,Utility Pole/Light Support,0,Not a Collision with Motor Vehicle In-Transport,0,No,1,Non-Junction,1,Not an Intersection,0,None,,,4,On Roadside,1,Daylight,1,Clear,0,No Additional Atmospheric Conditions,1,Clear,0,No,0000000,Not Applicable,12,12:00pm-12:59pm,29,29,12,12:00pm-12:59pm,35,35,13,1:00pm-1:59pm,41,41,0,None,0,None,0,None,1,0
2018,34,340215,New Jersey,2,2,0,0,0,2,2,1,ATLANTIC (1),851,EGG HARBOR TOWNSHIP,4,4,5,May,2018,6,Friday,22,10:00pm-10:59pm,54,54,1,This section IS ON the NHS,2,Urban,3,Principal Arterial - Other,1,State Highway Agency,2,U.S. Highway,US-40,PINEVIEW AVE,563,563,39.41244167,39.41244167,-74.572175000,-74.572175000,0,No Special Jurisdiction,12,Motor Vehicle In-Transport,6,Angle,0,No,7,Crossover-Related,1,Not an Intersection,0,None,,,1,On Roadway,3,Dark - Lighted,1,Clear,0,No Additional Atmospheric Conditions,1,Clear,0,No,0000000,Not Applicable,22,10:00pm-10:59pm,57,57,23,11:00pm-11:59pm,0,0,23,11:00pm-11:59pm,34,34,0,None,0,None,0,None,1,0
2018,34,340216,New Jersey,1,1,0,0,0,1,1,35,SOMERSET (35),1417,HILLSBOROUGH,19,19,5,May,2018,7,Saturday,5,5:00am-5:59am,44,44,0,This section IS NOT on the NHS,9,Unknown,7,Local,4,City or Municipal Highway Agency,6,Local Street - Municipality,WILLOW RD,,0,None,40.46768889,40.46768889,-74.630547220,-74.630547220,0,No Special Jurisdiction,31,"Post, Pole or Other Supports",0,Not a Collision with Motor Vehicle In-Transport,0,No,1,Non-Junction,1,Not an Intersection,0,None,,,4,On Roadside,4,Dawn,1,Clear,0,No Additional Atmospheric Conditions,1,Clear,0,No,0000000,Not Applicable,99,Unknown,99,Unknown,99,Unknown EMS Scene Arrival Hour,99,Unknown EMS Scene Arrival Minutes,99,Unknown,99,Unknown EMS Hospital Arrival Time,0,None,0,None,0,None,1,1
2018,34,340217,New Jersey,1,1,0,0,0,3,3,13,ESSEX (13),2130,NEWARK,8,8,6,June,2018,6,Friday,16,4:00pm-4:59pm,35,35,1,This section IS ON the NHS,2,Urban,1,Interstate,31,State Toll Road,1,Interstate,I-95,,590,590,40.70150833,40.70150833,-74.154963890,-74.154963890,0,No Special Jurisdiction,24,Guardrail Face,0,Not a Collision with Motor Vehicle In-Transport,0,No,1,Non-Junction,1,Not an Intersection,0,None,,,4,On Roadside,1,Daylight,1,Clear,0,No Additional Atmospheric Conditions,1,Clear,0,No,0000000,Not Applicable,16,4:00pm-4:59pm,39,39,17,5:00pm-5:59pm,4,4,88,Not Applicable (Not Transported),88,Not Applicable (Not Transported),0,None,0,None,0,None,2,0
2018,34,340218,New Jersey,3,2,1,1,1,2,2,35,SOMERSET (35),425,BRIDGEWATER,6,6,6,June,2018,4,Wednesday,13,1:00pm-1:59pm,44,44,1,This section IS ON the NHS,2,Urban,1,Interstate,1,State Highway Agency,1,Interstate,I-287,,180,180,40.59945833,40.59945833,-74.626886110,-74.626886110,0,No Special Jurisdiction,8,Pedestrian,0,Not a Collision with Motor Vehicle In-Transport,0,No,5,Entrance/Exit Ramp Related,1,Not an Intersection,0,None,,,8,Gore,1,Daylight,1,Clear,0,No Additional Atmospheric Conditions,1,Clear,0,No,0000000,Not Applicable,13,1:00pm-1:59pm,49,49,14,2:00pm-2:59pm,1,1,14,2:00pm-2:59pm,53,53,19,Recent/Previous Crash scene Nearby,0,None,0,None,1,0
2018,34,340219,New Jersey,2,2,0,0,0,2,2,23,MIDDLESEX (23),3705,WOODBRIDGE,11,11,6,June,2018,2,Monday,11,11:00am-11:59am,28,28,1,This section IS ON the NHS,2,Urban,1,Interstate,31,State Toll Road,1,Interstate,I-95,,482,482,40.56584444,40.56584444,-74.256291670,-74.256291670,0,No Special Jurisdiction,12,Motor Vehicle In-Transport,2,Front-to-Front,0,No,1,Non-Junction,1,Not an Intersection,0,None,,,1,On Roadway,1,Daylight,1,Clear,0,No Additional Atmospheric Conditions,1,Clear,0,No,0000000,Not Applicable,11,11:00am-11:59am,28,28,11,11:00am-11:59am,39,39,99,Unknown,99,Unknown EMS Hospital Arrival Time,0,None,0,None,0,None,1,1
2018,34,340220,New Jersey,1,1,0,1,1,1,1,7,CAMDEN (7),3694,WINSLOW,26,26,6,June,2018,3,Tuesday,13,1:00pm-1:59pm,48,48,0,This section IS NOT on the NHS,2,Urban,5,Major Collector,2,County Highway Agency,4,County Road,CR-706 ERIAL RD,,33,33,39.74143889,39.74143889,-74.975622220,-74.975622220,0,No Special Jurisdiction,9,Pedalcyclist,0,Not a Collision with Motor Vehicle In-Transport,0,No,1,Non-Junction,1,Not an Intersection,0,None,,,1,On Roadway,1,Daylight,1,Clear,0,No Additional Atmospheric Conditions,1,Clear,0,No,0000000,Not Applicable,13,1:00pm-1:59pm,50,50,13,1:00pm-1:59pm,56,56,14,2:00pm-2:59pm,25,25,0,None,0,None,0,None,1,0
2018,34,340221,New Jersey,2,2,0,0,0,2,2,39,UNION (39),1700,LINDEN,13,13,6,June,2018,4,Wednesday,11,11:00am-11:59am,31,31,1,This section IS ON the NHS,2,Urban,3,Principal Arterial - Other,1,State Highway Agency,3,State Highway,SR-27,ERCAMA ST,300,300,40.62988333,40.62988333,-74.270702780,-74.270702780,0,No Special Jurisdiction,12,Motor Vehicle In-Transport,6,Angle,0,No,2,Intersection,3,T-Intersection,0,None,,,1,On Roadway,1,Daylight,1,Clear,0,No Additional Atmospheric Conditions,1,Clear,0,No,0000000,Not Applicable,11,11:00am-11:59am,33,33,11,11:00am-11:59am,35,35,12,12:00pm-12:59pm,15,15,0,None,0,None,0,None,1,0
2018,34,340222,New Jersey,2,2,0,0,0,2,2,9,CAPE MAY (9),742,DENNISVILLE,15,15,6,June,2018,6,Friday,14,2:00pm-2:59pm,48,48,1,This section IS ON the NHS,2,Urban,3,Principal Arterial - Other,1,State Highway Agency,3,State Highway,SR-47,,193,193,39.19483611,39.19483611,-74.841233330,-74.841233330,0,No Special Jurisdiction,1,Rollover/Overturn,0,Not a Collision with Motor Vehicle In-Transport,0,No,1,Non-Junction,1,Not an Intersection,0,None,,,2,On Shoulder,1,Daylight,1,Clear,0,No Additional Atmospheric Conditions,1,Clear,0,No,0000000,Not Applicable,99,Unknown,99,Unknown,99,Unknown EMS Scene Arrival Hour,99,Unknown EMS Scene Arrival Minutes,88,Not Applicable (Not Transported),88,Not Applicable (Not Transported),0,None,0,None,0,None,1,1
2018,34,340223,New Jersey,3,3,0,0,0,9,9,33,SALEM (33),567,CARNEYS POINT,18,18,6,June,2018,2,Monday,0,0:00am-0:59am,24,24,1,This section IS ON the NHS,2,Urban,1,Interstate,1,State Highway Agency,1,Interstate,I-295,,31,31,39.70100000,39.70100000,-75.460427780,-75.460427780,0,No Special Jurisdiction,12,Motor Vehicle In-Transport,2,Front-to-Front,0,No,1,Non-Junction,1,Not an Intersection,0,None,,,1,On Roadway,2,Dark - Not Lighted,1,Clear,0,No Additional Atmospheric Conditions,1,Clear,0,No,0000000,Not Applicable,0,0:00am-0:59am,31,31,0,0:00am-0:59am,58,58,1,1:00am-1:59am,17,17,19,Recent/Previous Crash scene Nearby,0,None,0,None,1,0
2018,34,340224,New Jersey,2,2,0,0,0,2,2,23,MIDDLESEX (23),2570,PERTH AMBOY,14,14,6,June,2018,5,Thursday,6,6:00am-6:59am,19,19,1,This section IS ON the NHS,2,Urban,2,Principal Arterial - Other Freeways and Expressways,21,Other State Agency,3,State Highway,SR-440,RAMP TO STATE ST,41,41,40.52521667,40.52521667,-74.266113890,-74.266113890,0,No Special Jurisdiction,1,Rollover/Overturn,0,Not a Collision with Motor Vehicle In-Transport,1,Yes,5,Entrance/Exit Ramp Related,1,Not an Intersection,0,None,,,1,On Roadway,4,Dawn,1,Clear,0,No Additional Atmospheric Conditions,1,Clear,0,No,0000000,Not Applicable,6,6:00am-6:59am,23,23,6,6:00am-6:59am,34,34,88,Not Applicable (Not Transported),88,Not Applicable (Not Transported),0,None,0,None,0,None,1,0
2018,34,340225,New Jersey,2,2,0,0,0,2,2,31,PASSAIC (31),3610,WEST PATERSON,24,24,6,June,2018,1,Sunday,4,4:00am-4:59am,38,38,1,This section IS ON the NHS,2,Urban,1,Interstate,1,State Highway Agency,1,Interstate,I-80,,571,571,40.90410000,40.90410000,-74.193133330,-74.193133330,0,No Special Jurisdiction,12,Motor Vehicle In-Transport,2,Front-to-Front,0,No,1,Non-Junction,1,Not an Intersection,0,None,,,1,On Roadway,3,Dark - Lighted,10,Cloudy,0,No Additional Atmospheric Conditions,10,Cloudy,0,No,0000000,Not Applicable,4,4:00am-4:59am,49,49,5,5:00am-5:59am,12,12,5,5:00am-5:59am,37,37,0,None,0,None,0,None,1,1
2018,34,340226,New Jersey,2,2,0,0,0,2,2,39,UNION (39),2730,RAHWAY,26,26,6,June,2018,3,Tuesday,13,1:00pm-1:59pm,35,35,1,This section IS ON the NHS,2,Urban,3,Principal Arterial - Other,1,State Highway Agency,3,State Highway,SR-27,,291,291,40.61891944,40.61891944,-74.282580560,-74.282580560,0,No Special Jurisdiction,12,Motor Vehicle In-Transport,2,Front-to-Front,0,No,1,Non-Junction,1,Not an Intersection,0,None,,,1,On Roadway,1,Daylight,1,Clear,0,No Additional Atmospheric Conditions,1,Clear,0,No,0000000,Not Applicable,13,1:00pm-1:59pm,36,36,13,1:00pm-1:59pm,39,39,14,2:00pm-2:59pm,17,17,0,None,0,None,0,None,1,0
2018,34,340227,New Jersey,2,2,0,0,0,3,3,31,PASSAIC (31),1350,HAWTHORNE,30,30,6,June,2018,7,Saturday,21,9:00pm-9:59pm,44,44,0,This section IS NOT on the NHS,2,Urban,4,Minor Arterial,2,County Highway Agency,4,County Road,CR-665 LAYFETTE AVE,,9,9,40.95373056,40.95373056,-74.155413890,-74.155413890,0,No Special Jurisdiction,12,Motor Vehicle In-Transport,6,Angle,0,No,8,Driveway Access Related,1,Not an Intersection,0,None,,,1,On Roadway,3,Dark - Lighted,1,Clear,0,No Additional Atmospheric Conditions,1,Clear,0,No,0000000,Not Applicable,21,9:00pm-9:59pm,54,54,22,10:00pm-10:59pm,1,1,99,Unknown,99,Unknown EMS Hospital Arrival Time,0,None,0,None,0,None,2,0
2018,34,340228,New Jersey,1,1,0,0,0,2,2,23,MIDDLESEX (23),2582,PISCATAWAY,6,6,5,May,2018,1,Sunday,2,2:00am-2:59am,57,57,1,This section IS ON the NHS,2,Urban,3,Principal Arterial - Other,2,County Highway Agency,4,County Road,CR-529  STELTON RD,JESSE WAY,24,24,40.53081944,40.53081944,-74.417594440,-74.417594440,0,No Special Jurisdiction,33,Curb,0,Not a Collision with Motor Vehicle In-Transport,0,No,1,Non-Junction,1,Not an Intersection,0,None,,,4,On Roadside,3,Dark - Lighted,1,Clear,0,No Additional Atmospheric Conditions,1,Clear,0,No,0000000,Not Applicable,2,2:00am-2:59am,59,59,3,3:00am-3:59am,4,4,3,3:00am-3:59am,21,21,0,None,0,None,0,None,1,1
2018,34,340229,New Jersey,1,1,0,1,1,1,1,27,MORRIS (27),2030,MORRISTOWN,27,27,6,June,2018,4,Wednesday,23,11:00pm-11:59pm,6,6,0,This section IS NOT on the NHS,2,Urban,4,Minor Arterial,4,City or Municipal Highway Agency,6,Local Street - Municipality,MARTIN LUTHER KING AVE,,0,None,40.80279722,40.80279722,-74.475469440,-74.475469440,0,No Special Jurisdiction,8,Pedestrian,0,Not a Collision with Motor Vehicle In-Transport,0,No,1,Non-Junction,1,Not an Intersection,0,None,,,1,On Roadway,3,Dark - Lighted,1,Clear,0,No Additional Atmospheric Conditions,1,Clear,0,No,0000000,Not Applicable,23,11:00pm-11:59pm,6,6,23,11:00pm-11:59pm,11,11,23,11:00pm-11:59pm,36,36,0,None,0,None,0,None,1,0
2018,34,340230,New Jersey,1,1,0,1,1,1,1,25,MONMOUTH (25),1832,MARLBORO,11,11,7,July,2018,4,Wednesday,22,10:00pm-10:59pm,15,15,1,This section IS ON the NHS,2,Urban,3,Principal Arterial - Other,1,State Highway Agency,2,U.S. Highway,US-9,,1193,1193,40.32925278,40.32925278,-74.305708330,-74.305708330,0,No Special Jurisdiction,8,Pedestrian,0,Not a Collision with Motor Vehicle In-Transport,0,No,7,Crossover-Related,1,Not an Intersection,0,None,,,1,On Roadway,3,Dark - Lighted,1,Clear,0,No Additional Atmospheric Conditions,1,Clear,0,No,0000000,Not Applicable,99,Unknown,99,Unknown,99,Unknown EMS Scene Arrival Hour,99,Unknown EMS Scene Arrival Minutes,88,Not Applicable (Not Transported),88,Not Applicable (Not Transported),0,None,0,None,0,None,1,0
2018,34,340231,New Jersey,1,1,0,0,0,4,4,27,MORRIS (27),745,DENVILLE,15,15,7,July,2018,1,Sunday,1,1:00am-1:59am,29,29,1,This section IS ON the NHS,2,Urban,3,Principal Arterial - Other,1,State Highway Agency,3,State Highway,SR-53,DURBIN AVE,33,33,40.87344167,40.87344167,-74.481402780,-74.481402780,0,No Special Jurisdiction,30,Utility Pole/Light Support,0,Not a Collision with Motor Vehicle In-Transport,0,No,3,Intersection-Related,2,Four-Way Intersection,0,None,,,4,On Roadside,3,Dark - Lighted,2,Rain,0,No Additional Atmospheric Conditions,2,Rain,0,No,0000000,Not Applicable,1,1:00am-1:59am,32,32,1,1:00am-1:59am,42,42,2,2:00am-2:59am,17,17,0,None,0,None,0,None,1,0