caseyear,state,st_case,statename,ve_total,ve_forms,pvh_invl,peds,pernotmvit,permvit,persons,county,countyname,city,cityname,day,dayname,month,monthname,year,day_week,day_weekname,hour,hourname,minute,minutename,nhs,nhsname,rur_urb,rur_urbname,func_sys,func_sysname,rd_owner,rd_ownername,route,routename,tway_id,tway_id2,milept,mileptname,latitude,latitudename,longitud,longitudname,sp_jur,sp_jurname,harm_ev,harm_evname,man_coll,man_collname,reljct1,reljct1name,reljct2,reljct2name,typ_int,typ_intname,wrk_zone,wrk_zonename,road_fnc,road_fncname,rel_road,rel_roadname,lgt_cond,lgt_condname,weather1,weather1name,weather2,weather2name,weather,weathername,sch_bus,sch_busname,rail,railname,not_hour,not_hourname,not_min,not_minname,arr_hour,arr_hourname,arr_min,arr_minname,hosp_hr,hosp_hrname,hosp_mn,hosp_mnname,cf1,cf1name,cf2,cf2name,cf3,cf3name,fatals,drunk_dr
2018,34,340335,New Jersey,2,2,0,0,0,4,4,33,SALEM (33),2565,PENNSVILLE,5,5,10,October,2018,6,Friday,20,8:00pm-8:59pm,47,47,0,This section IS NOT on the NHS,2,Urban,4,Minor Arterial,2,County Highway Agency,4,County Road,CR-551,,7,7,39.62891389,39.62891389,-75.498569440,-75.498569440,0,No Special Jurisdiction,12,Motor Vehicle In-Transport,2,Front-to-Front,0,No,1,Non-Junction,1,Not an Intersection,0,None,,,1,On Roadway,3,Dark - Lighted,1,Clear,0,No Additional Atmospheric Conditions,1,Clear,0,No,0000000,Not Applicable,20,8:00pm-8:59pm,50,50,20,8:00pm-8:59pm,53,53,21,9:00pm-9:59pm,24,24,0,None,0,None,0,None,3,0
2018,34,340336,New Jersey,1,1,0,0,0,2,2,29,OCEAN (29),1590,LAKEWOOD,7,7,6,June,2018,5,Thursday,20,8:00pm-8:59pm,49,49,0,This section IS NOT on the NHS,2,Urban,5,Major Collector,2,County Highway Agency,4,County Road,CR-637,,19,19,40.06130278,40.06130278,-74.229272220,-74.229272220,0,No Special Jurisdiction,42,Tree (Standing Only),0,Not a Collision with Motor Vehicle In-Transport,0,No,1,Non-Junction,1,Not an Intersection,0,None,,,5,Outside Trafficway,3,Dark - Lighted,1,Clear,0,No Additional Atmospheric Conditions,1,Clear,0,No,0000000,Not Applicable,99,Unknown,99,Unknown,99,Unknown EMS Scene Arrival Hour,99,Unknown EMS Scene Arrival Minutes,99,Unknown,99,Unknown EMS Hospital Arrival Time,20,Police Pursuit Involved,0,None,0,None,2,0
2018,34,340337,New Jersey,1,1,0,1,1,1,1,3,BERGEN (3),2780,RIDGEFIELD PARK,29,29,10,October,2018,2,Monday,2,2:00am-2:59am,58,58,1,This section IS ON the NHS,2,Urban,1,Interstate,31,State Toll Road,1,Interstate,I-95,,731,731,40.86453611,40.86453611,-74.014427780,-74.014427780,0,No Special Jurisdiction,8,Pedestrian,0,Not a Collision with Motor Vehicle In-Transport,0,No,1,Non-Junction,1,Not an Intersection,0,None,,,1,On Roadway,2,Dark - Not Lighted,2,Rain,0,No Additional Atmospheric Conditions,2,Rain,0,No,0000000,Not Applicable,3,3:00am-3:59am,4,4,3,3:00am-3:59am,11,11,88,Not Applicable (Not Transported),88,Not Applicable (Not Transported),23,Indication of a Stalled/Disabled Vehicle,0,None,0,None,1,0
2018,34,340338,New Jersey,3,2,1,0,0,4,4,27,MORRIS (27),0,NOT APPLICABLE,8,8,11,November,2018,5,Thursday,15,3:00pm-3:59pm,29,29,1,This section IS ON the NHS,2,Urban,3,Principal Arterial - Other,1,State Highway Agency,2,U.S. Highway,US-206,FURNANCE RD,860,860,40.79454167,40.79454167,-74.702975000,-74.702975000,0,No Special Jurisdiction,12,Motor Vehicle In-Transport,6,Angle,0,No,2,Intersection,2,Four-Way Intersection,0,None,,,1,On Roadway,1,Daylight,1,Clear,0,No Additional Atmospheric Conditions,1,Clear,0,No,0000000,Not Applicable,15,3:00pm-3:59pm,28,28,15,3:00pm-3:59pm,33,33,99,Unknown,99,Unknown EMS Hospital Arrival Time,0,None,0,None,0,None,2,0
2018,34,340339,New Jersey,1,1,0,0,0,1,1,25,MONMOUTH (25),1465,HOWELL,8,8,11,November,2018,5,Thursday,6,6:00am-6:59am,40,40,1,This section IS ON the NHS,2,Urban,3,Principal Arterial - Other,1,State Highway Agency,3,State Highway,SR-33 BYPASS,,67,67,40.23352778,40.23352778,-74.218583330,-74.218583330,0,No Special Jurisdiction,24,Guardrail Face,0,Not a Collision with Motor Vehicle In-Transport,1,Yes,5,Entrance/Exit Ramp Related,1,Not an Intersection,0,None,,,4,On Roadside,2,Dark - Not Lighted,1,Clear,0,No Additional Atmospheric Conditions,1,Clear,0,No,0000000,Not Applicable,99,Unknown,99,Unknown,99,Unknown EMS Scene Arrival Hour,99,Unknown EMS Scene Arrival Minutes,88,Not Applicable (Not Transported),88,Not Applicable (Not Transported),0,None,0,None,0,None,1,1
2018,34,340340,New Jersey,1,1,0,0,0,1,1,29,OCEAN (29),3360,TOMS RIVER,13,13,11,November,2018,3,Tuesday,20,8:00pm-8:59pm,7,7,0,This section IS NOT on the NHS,2,Urban,7,Local,4,City or Municipal Highway Agency,6,Local Street - Municipality,YORKTOWNE BLVD,,0,None,40.01963889,40.01963889,-74.154436110,-74.154436110,0,No Special Jurisdiction,33,Curb,0,Not a Collision with Motor Vehicle In-Transport,0,No,1,Non-Junction,1,Not an Intersection,0,None,,,4,On Roadside,3,Dark - Lighted,1,Clear,0,No Additional Atmospheric Conditions,1,Clear,0,No,0000000,Not Applicable,20,8:00pm-8:59pm,7,7,20,8:00pm-8:59pm,20,20,21,9:00pm-9:59pm,4,4,0,None,0,None,0,None,1,0
2018,34,340341,New Jersey,2,2,0,0,0,3,3,21,MERCER (21),935,EWING TOWNSHIP,30,30,10,October,2018,3,Tuesday,12,12:00pm-12:59pm,59,59,0,This section IS NOT on the NHS,2,Urban,4,Minor Arterial,2,County Highway Agency,4,County Road,CR-611 SCOTCH RD,,4,4,40.26926667,40.26926667,-74.800097220,-74.800097220,0,No Special Jurisdiction,12,Motor Vehicle In-Transport,6,Angle,0,No,8,Driveway Access Related,1,Not an Intersection,0,None,,,1,On Roadway,1,Daylight,1,Clear,0,No Additional Atmospheric Conditions,1,Clear,0,No,0000000,Not Applicable,13,1:00pm-1:59pm,3,3,13,1:00pm-1:59pm,17,17,13,1:00pm-1:59pm,29,29,0,None,0,None,0,None,1,0
2018,34,340342,New Jersey,1,1,0,1,1,1,1,23,MIDDLESEX (23),844,EDISON,17,17,9,September,2018,2,Monday,8,8:00am-8:59am,20,20,0,This section IS NOT on the NHS,2,Urban,4,Minor Arterial,4,City or Municipal Highway Agency,6,Local Street - Municipality,KING GEORGES POST RD,,0,None,40.52151667,40.52151667,-74.337219440,-74.337219440,0,No Special Jurisdiction,8,Pedestrian,0,Not a Collision with Motor Vehicle In-Transport,0,No,1,Non-Junction,1,Not an Intersection,0,None,,,1,On Roadway,1,Daylight,1,Clear,0,No Additional Atmospheric Conditions,1,Clear,0,No,0000000,Not Applicable,8,8:00am-8:59am,22,22,8,8:00am-8:59am,31,31,9,9:00am-9:59am,3,3,0,None,0,None,0,None,1,0
2018,34,340343,New Jersey,1,1,0,0,0,1,1,29,OCEAN (29),0,NOT APPLICABLE,4,4,10,October,2018,5,Thursday,5,5:00am-5:59am,26,26,1,This section IS ON the NHS,2,Urban,2,Principal Arterial - Other Freeways and Expressways,31,State Toll Road,8,Other,444-GSP,,572,572,39.64050278,39.64050278,-74.368736110,-74.368736110,0,No Special Jurisdiction,42,Tree (Standing Only),0,Not a Collision with Motor Vehicle In-Transport,0,No,1,Non-Junction,1,Not an Intersection,0,None,,,3,On Median,2,Dark - Not Lighted,1,Clear,0,No Additional Atmospheric Conditions,1,Clear,0,No,0000000,Not Applicable,99,Unknown,99,Unknown,99,Unknown EMS Scene Arrival Hour,99,Unknown EMS Scene Arrival Minutes,88,Not Applicable (Not Transported),88,Not Applicable (Not Transported),0,None,0,None,0,None,1,0
2018,34,340344,New Jersey,1,1,0,0,0,1,1,13,ESSEX (13),2130,NEWARK,3,3,11,November,2018,7,Saturday,4,4:00am-4:59am,31,31,1,This section IS ON the NHS,2,Urban,3,Principal Arterial - Other,1,State Highway Agency,3,State Highway,SR-27,,367,367,40.69993889,40.69993889,-74.196961110,-74.196961110,0,No Special Jurisdiction,42,Tree (Standing Only),0,Not a Collision with Motor Vehicle In-Transport,0,No,1,Non-Junction,1,Not an Intersection,0,None,,,4,On Roadside,3,Dark - Lighted,2,Rain,0,No Additional Atmospheric Conditions,2,Rain,0,No,0000000,Not Applicable,4,4:00am-4:59am,53,53,5,5:00am-5:59am,1,1,5,5:00am-5:59am,30,30,0,None,0,None,0,None,1,0
2018,34,340345,New Jersey,2,2,0,0,0,2,2,31,PASSAIC (31),660,CLIFTON,21,21,11,November,2018,4,Wednesday,16,4:00pm-4:59pm,10,10,1,This section IS ON the NHS,2,Urban,3,Principal Arterial - Other,2,County Highway Agency,4,County Road,CR-601 MAIN AVE,,51,51,40.88797500,40.88797500,-74.152722220,-74.152722220,0,No Special Jurisdiction,12,Motor Vehicle In-Transport,6,Angle,0,No,8,Driveway Access Related,1,Not an Intersection,0,None,,,1,On Roadway,1,Daylight,1,Clear,0,No Additional Atmospheric Conditions,1,Clear,0,No,0000000,Not Applicable,16,4:00pm-4:59pm,12,12,16,4:00pm-4:59pm,22,22,16,4:00pm-4:59pm,39,39,0,None,0,None,0,None,1,0
2018,34,340346,New Jersey,1,1,0,1,1,1,1,31,PASSAIC (31),660,CLIFTON,26,26,11,November,2018,2,Monday,16,4:00pm-4:59pm,36,36,0,This section IS NOT on the NHS,2,Urban,4,Minor Arterial,2,County Highway Agency,4,County Road,CR-611 CLIFTON AVE,COLFAX AVE,3,3,40.86748611,40.86748611,-74.156730560,-74.156730560,0,No Special Jurisdiction,8,Pedestrian,0,Not a Collision with Motor Vehicle In-Transport,0,No,3,Intersection-Related,2,Four-Way Intersection,0,None,,,1,On Roadway,3,Dark - Lighted,2,Rain,0,No Additional Atmospheric Conditions,2,Rain,0,No,0000000,Not Applicable,16,4:00pm-4:59pm,45,45,16,4:00pm-4:59pm,53,53,17,5:00pm-5:59pm,26,26,0,None,0,None,0,None,1,0
2018,34,340347,New Jersey,1,1,0,1,1,1,1,25,MONMOUTH (25),1798,MANALAPAN,17,17,11,November,2018,7,Saturday,20,8:00pm-8:59pm,42,42,1,This section IS ON the NHS,2,Urban,3,Principal Arterial - Other,1,State Highway Agency,3,State Highway,SR-33,,225,225,40.25401389,40.25401389,-74.369138890,-74.369138890,0,No Special Jurisdiction,8,Pedestrian,0,Not a Collision with Motor Vehicle In-Transport,0,No,1,Non-Junction,1,Not an Intersection,0,None,,,1,On Roadway,2,Dark - Not Lighted,1,Clear,0,No Additional Atmospheric Conditions,1,Clear,0,No,0000000,Not Applicable,20,8:00pm-8:59pm,46,46,20,8:00pm-8:59pm,49,49,21,9:00pm-9:59pm,26,26,0,None,0,None,0,None,1,0
2018,34,340348,New Jersey,1,1,0,0,0,2,2,11,CUMBERLAND (11),1845,MAURICETOWN,6,6,11,November,2018,3,Tuesday,23,11:00pm-11:59pm,57,57,1,This section IS ON the NHS,1,Rural,3,Principal Arterial - Other,2,County Highway Agency,3,State Highway,SR-347,,30,30,39.23818611,39.23818611,-74.900163890,-74.900163890,0,No Special Jurisdiction,42,Tree (Standing Only),0,Not a Collision with Motor Vehicle In-Transport,0,No,1,Non-Junction,1,Not an Intersection,0,None,,,5,Outside Trafficway,2,Dark - Not Lighted,10,Cloudy,0,No Additional Atmospheric Conditions,10,Cloudy,0,No,0000000,Not Applicable,99,Unknown,99,Unknown,99,Unknown EMS Scene Arrival Hour,99,Unknown EMS Scene Arrival Minutes,99,Unknown,99,Unknown EMS Hospital Arrival Time,0,None,0,None,0,None,1,0
2018,34,340349,New Jersey,1,1,0,0,0,2,2,27,MORRIS (27),2030,MORRISTOWN,18,18,6,June,2018,2,Monday,20,8:00pm-8:59pm,1,1,0,This section IS NOT on the NHS,2,Urban,7,Local,4,City or Municipal Highway Agency,6,Local Street - Municipality,FORD AVE,,0,None,40.79168611,40.79168611,-74.470250000,-74.470250000,0,No Special Jurisdiction,16,Thrown or Falling Object,0,Not a Collision with Motor Vehicle In-Transport,0,No,1,Non-Junction,1,Not an Intersection,0,None,,,1,On Roadway,1,Daylight,2,Rain,0,No Additional Atmospheric Conditions,2,Rain,0,No,0000000,Not Applicable,20,8:00pm-8:59pm,7,7,20,8:00pm-8:59pm,19,19,21,9:00pm-9:59pm,4,4,0,None,0,None,0,None,1,0
2018,34,340350,New Jersey,2,2,0,0,0,3,3,27,MORRIS (27),2745,RANDOLPH,27,27,8,August,2018,2,Monday,17,5:00pm-5:59pm,25,25,1,This section IS ON the NHS,2,Urban,3,Principal Arterial - Other,1,State Highway Agency,3,State Highway,SR-10,,39,39,40.86034444,40.86034444,-74.589916670,-74.589916670,0,No Special Jurisdiction,12,Motor Vehicle In-Transport,7,Sideswipe - Same Direction,0,No,1,Non-Junction,1,Not an Intersection,0,None,,,1,On Roadway,1,Daylight,1,Clear,0,No Additional Atmospheric Conditions,1,Clear,0,No,0000000,Not Applicable,17,5:00pm-5:59pm,29,29,17,5:00pm-5:59pm,32,32,17,5:00pm-5:59pm,54,54,0,None,0,None,0,None,1,0
2018,34,340351,New Jersey,1,1,0,0,0,2,2,29,OCEAN (29),3360,TOMS RIVER,21,21,7,July,2018,7,Saturday,22,10:00pm-10:59pm,38,38,0,This section IS NOT on the NHS,2,Urban,5,Major Collector,2,County Highway Agency,4,County Road,CR-22,,3,3,39.96871389,39.96871389,-74.171966670,-74.171966670,0,No Special Jurisdiction,5,Fell/Jumped from Vehicle,0,Not a Collision with Motor Vehicle In-Transport,0,No,1,Non-Junction,1,Not an Intersection,0,None,,,1,On Roadway,3,Dark - Lighted,2,Rain,0,No Additional Atmospheric Conditions,2,Rain,0,No,0000000,Not Applicable,22,10:00pm-10:59pm,38,38,22,10:00pm-10:59pm,39,39,23,11:00pm-11:59pm,34,34,0,None,0,None,0,None,1,0
2018,34,340352,New Jersey,2,2,0,0,0,2,2,11,CUMBERLAND (11),3460,VINELAND,19,19,8,August,2018,1,Sunday,12,12:00pm-12:59pm,7,7,0,This section IS NOT on the NHS,2,Urban,7,Local,4,City or Municipal Highway Agency,6,Local Street - Municipality,WEST CHESTNUT AVE,NOTTINGHAM DR,0,None,39.48037222,39.48037222,-75.057525000,-75.057525000,0,No Special Jurisdiction,12,Motor Vehicle In-Transport,6,Angle,0,No,2,Intersection,3,T-Intersection,0,None,,,1,On Roadway,1,Daylight,1,Clear,0,No Additional Atmospheric Conditions,1,Clear,0,No,0000000,Not Applicable,12,12:00pm-12:59pm,7,7,12,12:00pm-12:59pm,12,12,13,1:00pm-1:59pm,17,17,0,None,0,None,0,None,1,2
2018,34,340353,New Jersey,1,1,0,1,1,1,1,23,MIDDLESEX (23),2970,SAYREVILLE,28,28,1,January,2018,1,Sunday,3,3:00am-3:59am,32,32,1,This section IS ON the NHS,2,Urban,3,Principal Arterial - Other,1,State Highway Agency,3,State Highway,SR-35,,513,513,40.50644722,40.50644722,-74.292858330,-74.292858330,0,No Special Jurisdiction,8,Pedestrian,0,Not a Collision with Motor Vehicle In-Transport,0,No,1,Non-Junction,1,Not an Intersection,0,None,,,1,On Roadway,2,Dark - Not Lighted,2,Rain,0,No Additional Atmospheric Conditions,2,Rain,0,No,0000000,Not Applicable,3,3:00am-3:59am,40,40,3,3:00am-3:59am,48,48,4,4:00am-4:59am,37,37,0,None,0,None,0,None,1,0
2018,34,340354,New Jersey,1,1,0,1,1,1,1,13,ESSEX (13),2130,NEWARK,3,3,3,March,2018,7,Saturday,14,2:00pm-2:59pm,44,44,1,This section IS ON the NHS,2,Urban,3,Principal Arterial - Other,4,City or Municipal Highway Agency,6,Local Street - Municipality,BROAD ST,,0,None,99.99990000,Unknown,999.999900000,Unknown,0,No Special Jurisdiction,8,Pedestrian,0,Not a Collision with Motor Vehicle In-Transport,0,No,1,Non-Junction,1,Not an Intersection,0,None,,,1,On Roadway,1,Daylight,1,Clear,0,No Additional Atmospheric Conditions,1,Clear,0,No,0000000,Not Applicable,14,2:00pm-2:59pm,37,37,14,2:00pm-2:59pm,40,40,88,Not Applicable (Not Transported),88,Not Applicable (Not Transported),0,None,0,None,0,None,1,0
2018,34,340355,New Jersey,2,2,0,0,0,6,6,17,HUDSON (17),1520,JERSEY CITY,11,11,2,February,2018,1,Sunday,3,3:00am-3:59am,20,20,1,This section IS ON the NHS,2,Urban,3,Principal Arterial - Other,1,State Highway Agency,2,U.S. Highway,US-1,,555,555,40.75004167,40.75004167,-74.059963890,-74.059963890,0,No Special Jurisdiction,12,Motor Vehicle In-Transport,7,Sideswipe - Same Direction,0,No,1,Non-Junction,1,Not an Intersection,0,None,,,1,On Roadway,3,Dark - Lighted,2,Rain,0,No Additional Atmospheric Conditions,2,Rain,0,No,0000000,Not Applicable,3,3:00am-3:59am,20,20,3,3:00am-3:59am,26,26,4,4:00am-4:59am,4,4,0,None,0,None,0,None,2,1
2018,34,340356,New Jersey,2,2,0,0,0,2,2,1,ATLANTIC (1),1270,HAMMONTON,29,29,3,March,2018,5,Thursday,21,9:00pm-9:59pm,1,1,1,This section IS ON the NHS,2,Urban,3,Principal Arterial - Other,1,State Highway Agency,2,U.S. Highway,US-206,,46,46,39.70635000,39.70635000,-74.747669440,-74.747669440,0,No Special Jurisdiction,12,Motor Vehicle In-Transport,1,Front-to-Rear,0,No,1,Non-Junction,1,Not an Intersection,0,None,,,1,On Roadway,3,Dark - Lighted,1,Clear,0,No Additional Atmospheric Conditions,1,Clear,0,No,0000000,Not Applicable,21,9:00pm-9:59pm,6,6,21,9:00pm-9:59pm,12,12,88,Not Applicable (Not Transported),88,Not Applicable (Not Transported),0,None,0,None,0,None,1,1
2018,34,340357,New Jersey,1,1,0,0,0,1,1,23,MIDDLESEX (23),3705,WOODBRIDGE,31,31,3,March,2018,7,Saturday,16,4:00pm-4:59pm,49,49,0,This section IS NOT on the NHS,2,Urban,4,Minor Arterial,2,County Highway Agency,4,County Road,CR-656,,3,3,40.52344722,40.52344722,-74.306827780,-74.306827780,0,No Special Jurisdiction,33,Curb,0,Not a Collision with Motor Vehicle In-Transport,0,No,1,Non-Junction,1,Not an Intersection,0,None,,,4,On Roadside,1,Daylight,1,Clear,0,No Additional Atmospheric Conditions,1,Clear,0,No,0000000,Not Applicable,99,Unknown,99,Unknown,99,Unknown EMS Scene Arrival Hour,99,Unknown EMS Scene Arrival Minutes,88,Not Applicable (Not Transported),88,Not Applicable (Not Transported),0,None,0,None,0,None,1,1
2018,34,340358,New Jersey,2,2,0,0,0,2,2,25,MONMOUTH (25),1760,LONG BRANCH,3,3,4,April,2018,3,Tuesday,13,1:00pm-1:59pm,33,33,0,This section IS NOT on the NHS,2,Urban,4,Minor Arterial,2,County Highway Agency,4,County Road,CR-57 OCEAN BLVD,BATH AVE,8,8,40.29362500,40.29362500,-73.982058330,-73.982058330,0,No Special Jurisdiction,12,Motor Vehicle In-Transport,1,Front-to-Rear,0,No,2,Intersection,2,Four-Way Intersection,0,None,,,1,On Roadway,1,Daylight,99,Reported as Unknown,0,No Additional Atmospheric Conditions,99,Reported as Unknown,0,No,0000000,Not Applicable,13,1:00pm-1:59pm,42,42,99,Unknown EMS Scene Arrival Hour,99,Unknown EMS Scene Arrival Minutes,99,Unknown,99,Unknown EMS Hospital Arrival Time,0,None,0,None,0,None,1,1
2018,34,340359,New Jersey,5,5,0,0,0,6,6,23,MIDDLESEX (23),3144,SOUTH BRUNSWICK,30,30,4,April,2018,2,Monday,18,6:00pm-6:59pm,49,49,1,This section IS ON the NHS,2,Urban,3,Principal Arterial - Other,1,State Highway Agency,3,State Highway,SR-32,CR-535 CRANBURY RD,9,9,40.34606111,40.34606111,-74.481447220,-74.481447220,0,No Special Jurisdiction,12,Motor Vehicle In-Transport,1,Front-to-Rear,0,No,2,Intersection,2,Four-Way Intersection,0,None,,,1,On Roadway,1,Daylight,1,Clear,0,No Additional Atmospheric Conditions,1,Clear,0,No,0000000,Not Applicable,18,6:00pm-6:59pm,54,54,18,6:00pm-6:59pm,57,57,99,Unknown,99,Unknown EMS Hospital Arrival Time,0,None,0,None,0,None,1,0
2018,34,340360,New Jersey,1,1,0,1,1,2,2,25,MONMOUTH (25),1352,HAZLET,14,14,5,May,2018,2,Monday,21,9:00pm-9:59pm,22,22,1,This section IS ON the NHS,2,Urban,3,Principal Arterial - Other,1,State Highway Agency,3,State Highway,SR-36,LAUREL AVE,209,209,40.43720000,40.43720000,-74.141175000,-74.141175000,0,No Special Jurisdiction,8,Pedestrian,0,Not a Collision with Motor Vehicle In-Transport,0,No,3,Intersection-Related,2,Four-Way Intersection,0,None,,,1,On Roadway,3,Dark - Lighted,1,Clear,0,No Additional Atmospheric Conditions,1,Clear,0,No,0000000,Not Applicable,21,9:00pm-9:59pm,35,35,21,9:00pm-9:59pm,36,36,88,Not Applicable (Not Transported),88,Not Applicable (Not Transported),0,None,0,None,0,None,1,1
2018,34,340361,New Jersey,2,2,0,0,0,3,3,19,HUNTERDON (19),1160,GLEN GARDNER,25,25,5,May,2018,6,Friday,8,8:00am-8:59am,0,0,1,This section IS ON the NHS,2,Urban,3,Principal Arterial - Other,1,State Highway Agency,3,State Highway,SR-31,GLEN MANOR DR,377,377,40.70066111,40.70066111,-74.945100000,-74.945100000,0,No Special Jurisdiction,12,Motor Vehicle In-Transport,6,Angle,0,No,2,Intersection,2,Four-Way Intersection,0,None,,,1,On Roadway,1,Daylight,1,Clear,0,No Additional Atmospheric Conditions,1,Clear,0,No,0000000,Not Applicable,7,7:00am-7:59am,59,59,8,8:00am-8:59am,1,1,8,8:00am-8:59am,24,24,0,None,0,None,0,None,1,0
2018,34,340362,New Jersey,1,1,0,0,0,1,1,7,CAMDEN (7),520,CAMDEN,3,3,6,June,2018,1,Sunday,6,6:00am-6:59am,4,4,0,This section IS NOT on the NHS,2,Urban,4,Minor Arterial,2,County Highway Agency,4,County Road,CR-543 RIVER RD,,2,2,39.94552500,39.94552500,-75.103225000,-75.103225000,0,No Special Jurisdiction,30,Utility Pole/Light Support,0,Not a Collision with Motor Vehicle In-Transport,0,No,1,Non-Junction,1,Not an Intersection,0,None,,,4,On Roadside,4,Dawn,1,Clear,0,No Additional Atmospheric Conditions,1,Clear,0,No,0000000,Not Applicable,6,6:00am-6:59am,3,3,6,6:00am-6:59am,8,8,6,6:00am-6:59am,24,24,0,None,0,None,0,None,1,0
2018,34,340363,New Jersey,2,2,0,0,0,2,2,41,WARREN (41),0,NOT APPLICABLE,29,29,6,June,2018,6,Friday,5,5:00am-5:59am,56,56,1,This section IS ON the NHS,2,Urban,3,Principal Arterial - Other,1,State Highway Agency,3,State Highway,SR-57,,29,29,40.71049167,40.71049167,-75.100255560,-75.100255560,0,No Special Jurisdiction,12,Motor Vehicle In-Transport,6,Angle,0,No,8,Driveway Access Related,1,Not an Intersection,0,None,,,1,On Roadway,1,Daylight,1,Clear,0,No Additional Atmospheric Conditions,1,Clear,0,No,0000000,Not Applicable,6,6:00am-6:59am,0,0,6,6:00am-6:59am,10,10,6,6:00am-6:59am,27,27,0,None,0,None,0,None,1,0
2018,34,340364,New Jersey,1,1,0,1,1,2,2,23,MIDDLESEX (23),2970,SAYREVILLE,10,10,6,June,2018,1,Sunday,3,3:00am-3:59am,11,11,1,This section IS ON the NHS,2,Urban,3,Principal Arterial - Other,1,State Highway Agency,2,U.S. Highway,US-9,,1310,1310,40.49489167,40.49489167,-74.297650000,-74.297650000,0,No Special Jurisdiction,8,Pedestrian,0,Not a Collision with Motor Vehicle In-Transport,0,No,1,Non-Junction,1,Not an Intersection,0,None,,,1,On Roadway,3,Dark - Lighted,1,Clear,0,No Additional Atmospheric Conditions,1,Clear,0,No,0000000,Not Applicable,3,3:00am-3:59am,12,12,3,3:00am-3:59am,23,23,88,Not Applicable (Not Transported),88,Not Applicable (Not Transported),0,None,0,None,0,None,1,0
2018,34,340365,New Jersey,1,1,0,1,1,1,1,21,MERCER (21),3380,TRENTON,15,15,6,June,2018,6,Friday,22,10:00pm-10:59pm,39,39,0,This section IS NOT on the NHS,2,Urban,7,Local,4,City or Municipal Highway Agency,6,Local Street - Municipality,RUSLING ST,,0,None,40.20727222,40.20727222,-74.739991670,-74.739991670,0,No Special Jurisdiction,9,Pedalcyclist,0,Not a Collision with Motor Vehicle In-Transport,0,No,1,Non-Junction,1,Not an Intersection,0,None,,,1,On Roadway,3,Dark - Lighted,1,Clear,0,No Additional Atmospheric Conditions,1,Clear,0,No,0000000,Not Applicable,22,10:00pm-10:59pm,38,38,22,10:00pm-10:59pm,47,47,22,10:00pm-10:59pm,59,59,0,None,0,None,0,None,1,0
2018,34,340366,New Jersey,1,1,0,0,0,1,1,1,ATLANTIC (1),1270,HAMMONTON,3,3,7,July,2018,3,Tuesday,13,1:00pm-1:59pm,55,55,0,This section IS NOT on the NHS,2,Urban,4,Minor Arterial,2,County Highway Agency,4,County Road,CR-542 CENTRAL AVE,,13,13,39.63345833,39.63345833,-74.779108330,-74.779108330,0,No Special Jurisdiction,33,Curb,0,Not a Collision with Motor Vehicle In-Transport,0,No,1,Non-Junction,1,Not an Intersection,0,None,,,4,On Roadside,1,Daylight,1,Clear,0,No Additional Atmospheric Conditions,1,Clear,0,No,0000000,Not Applicable,99,Unknown,99,Unknown,99,Unknown EMS Scene Arrival Hour,99,Unknown EMS Scene Arrival Minutes,88,Not Applicable (Not Transported),88,Not Applicable (Not Transported),0,None,0,None,0,None,1,0
2018,34,340367,New Jersey,2,2,0,0,0,2,2,29,OCEAN (29),1505,JACKSON,5,5,7,July,2018,5,Thursday,22,10:00pm-10:59pm,20,20,0,This section IS NOT on the NHS,2,Urban,4,Minor Arterial,2,County Highway Agency,4,County Road,CR-641 S NEW PROSPECT RD,OAK DR,41,41,40.11981667,40.11981667,-74.253544440,-74.253544440,0,No Special Jurisdiction,12,Motor Vehicle In-Transport,6,Angle,0,No,2,Intersection,2,Four-Way Intersection,0,None,,,1,On Roadway,3,Dark - Lighted,1,Clear,0,No Additional Atmospheric Conditions,1,Clear,0,No,0000000,Not Applicable,22,10:00pm-10:59pm,25,25,22,10:00pm-10:59pm,39,39,23,11:00pm-11:59pm,0,0,3,Other Maintenance or Construction-Created Condition,0,None,0,None,2,0
2018,34,340368,New Jersey,5,5,0,0,0,9,9,29,OCEAN (29),0,NOT APPLICABLE,27,27,7,July,2018,6,Friday,9,9:00am-9:59am,50,50,1,This section IS ON the NHS,2,Urban,3,Principal Arterial - Other,1,State Highway Agency,3,State Highway,SR-72,MARSHA DR,257,257,39.67317222,39.67317222,-74.223591670,-74.223591670,0,No Special Jurisdiction,12,Motor Vehicle In-Transport,6,Angle,0,No,2,Intersection,2,Four-Way Intersection,0,None,,,1,On Roadway,1,Daylight,1,Clear,0,No Additional Atmospheric Conditions,1,Clear,0,No,0000000,Not Applicable,9,9:00am-9:59am,53,53,10,10:00am-10:59am,6,6,10,10:00am-10:59am,40,40,0,None,0,None,0,None,1,0