caseyear,state,st_case,statename,ve_total,ve_forms,pvh_invl,peds,pernotmvit,permvit,persons,county,countyname,city,cityname,day,dayname,month,monthname,year,day_week,day_weekname,hour,hourname,minute,minutename,nhs,nhsname,rur_urb,rur_urbname,func_sys,func_sysname,rd_owner,rd_ownername,route,routename,tway_id,tway_id2,milept,mileptname,latitude,latitudename,longitud,longitudname,sp_jur,sp_jurname,harm_ev,harm_evname,man_coll,man_collname,reljct1,reljct1name,reljct2,reljct2name,typ_int,typ_intname,wrk_zone,wrk_zonename,road_fnc,road_fncname,rel_road,rel_roadname,lgt_cond,lgt_condname,weather1,weather1name,weather2,weather2name,weather,weathername,sch_bus,sch_busname,rail,railname,not_hour,not_hourname,not_min,not_minname,arr_hour,arr_hourname,arr_min,arr_minname,hosp_hr,hosp_hrname,hosp_mn,hosp_mnname,cf1,cf1name,cf2,cf2name,cf3,cf3name,fatals,drunk_dr
2018,34,340369,New Jersey,2,2,0,0,0,3,3,15,GLOUCESTER (15),1814,MANTUA,21,21,7,July,2018,7,Saturday,15,3:00pm-3:59pm,12,12,0,This section IS NOT on the NHS,2,Urban,4,Minor Arterial,2,County Highway Agency,4,County Road,CR-553A,,49,49,39.78126944,39.78126944,-75.169033330,-75.169033330,0,No Special Jurisdiction,12,Motor Vehicle In-Transport,2,Front-to-Front,0,No,1,Non-Junction,1,Not an Intersection,0,None,,,1,On Roadway,1,Daylight,2,Rain,0,No Additional Atmospheric Conditions,2,Rain,0,No,0000000,Not Applicable,15,3:00pm-3:59pm,24,24,99,Unknown EMS Scene Arrival Hour,99,Unknown EMS Scene Arrival Minutes,99,Unknown,99,Unknown EMS Hospital Arrival Time,0,None,0,None,0,None,1,0
2018,34,340370,New Jersey,1,1,0,1,1,1,1,7,CAMDEN (7),598,CHERRY HILL,2,2,7,July,2018,2,Monday,13,1:00pm-1:59pm,50,50,0,This section IS NOT on the NHS,2,Urban,4,Minor Arterial,2,County Highway Agency,4,County Road,CR-616,HADDONFIELD RD,26,26,39.94674444,39.94674444,-75.028144440,-75.028144440,0,No Special Jurisdiction,9,Pedalcyclist,0,Not a Collision with Motor Vehicle In-Transport,0,No,3,Intersection-Related,2,Four-Way Intersection,0,None,,,1,On Roadway,1,Daylight,1,Clear,0,No Additional Atmospheric Conditions,1,Clear,0,No,0000000,Not Applicable,13,1:00pm-1:59pm,47,47,13,1:00pm-1:59pm,54,54,14,2:00pm-2:59pm,27,27,0,None,0,None,0,None,1,0
2018,34,340371,New Jersey,8,8,0,0,0,18,18,3,BERGEN (3),1060,FORT LEE,8,8,7,July,2018,1,Sunday,19,7:00pm-7:59pm,15,15,1,This section IS ON the NHS,2,Urban,1,Interstate,31,State Toll Road,1,Interstate,I-95,,777,777,40.85269722,40.85269722,-73.958316670,-73.958316670,0,No Special Jurisdiction,12,Motor Vehicle In-Transport,1,Front-to-Rear,0,No,1,Non-Junction,1,Not an Intersection,0,None,,,1,On Roadway,3,Dark - Lighted,1,Clear,0,No Additional Atmospheric Conditions,1,Clear,0,No,0000000,Not Applicable,19,7:00pm-7:59pm,15,15,19,7:00pm-7:59pm,24,24,20,8:00pm-8:59pm,10,10,0,None,0,None,0,None,1,0
2018,34,340372,New Jersey,2,2,0,0,0,2,2,25,MONMOUTH (25),1445,HOLMDEL,22,22,5,May,2018,3,Tuesday,18,6:00pm-6:59pm,29,29,0,This section IS NOT on the NHS,2,Urban,4,Minor Arterial,2,County Highway Agency,4,County Road,CR-7I,TANNERS LANDING WAY,4,4,40.41682222,40.41682222,-74.136213890,-74.136213890,0,No Special Jurisdiction,33,Curb,0,Not a Collision with Motor Vehicle In-Transport,0,No,3,Intersection-Related,2,Four-Way Intersection,0,None,,,4,On Roadside,1,Daylight,1,Clear,0,No Additional Atmospheric Conditions,1,Clear,0,No,0000000,Not Applicable,99,Unknown,99,Unknown,99,Unknown EMS Scene Arrival Hour,99,Unknown EMS Scene Arrival Minutes,99,Unknown,99,Unknown EMS Hospital Arrival Time,0,None,0,None,0,None,1,1
2018,34,340373,New Jersey,2,2,0,0,0,2,2,37,SUSSEX (37),70,ANDOVER,10,10,9,September,2018,2,Monday,14,2:00pm-2:59pm,41,41,1,This section IS ON the NHS,2,Urban,3,Principal Arterial - Other,1,State Highway Agency,2,U.S. Highway,US-206,,1027,1027,40.97486111,40.97486111,-74.739577780,-74.739577780,0,No Special Jurisdiction,12,Motor Vehicle In-Transport,2,Front-to-Front,0,No,1,Non-Junction,1,Not an Intersection,0,None,,,1,On Roadway,1,Daylight,2,Rain,0,No Additional Atmospheric Conditions,2,Rain,0,No,0000000,Not Applicable,14,2:00pm-2:59pm,45,45,15,3:00pm-3:59pm,2,2,15,3:00pm-3:59pm,50,50,0,None,0,None,0,None,1,0
2018,34,340374,New Jersey,2,2,0,0,0,4,4,3,BERGEN (3),890,ENGLEWOOD,26,26,9,September,2018,4,Wednesday,21,9:00pm-9:59pm,20,20,1,This section IS ON the NHS,2,Urban,1,Interstate,31,State Toll Road,1,Interstate,I-95,,751,751,40.87563889,40.87563889,-73.986497220,-73.986497220,0,No Special Jurisdiction,12,Motor Vehicle In-Transport,1,Front-to-Rear,0,No,1,Non-Junction,1,Not an Intersection,0,None,,,1,On Roadway,3,Dark - Lighted,1,Clear,0,No Additional Atmospheric Conditions,1,Clear,0,No,0000000,Not Applicable,99,Unknown,99,Unknown,99,Unknown EMS Scene Arrival Hour,99,Unknown EMS Scene Arrival Minutes,99,Unknown,99,Unknown EMS Hospital Arrival Time,0,None,0,None,0,None,1,0
2018,34,340375,New Jersey,3,2,1,1,1,3,3,39,UNION (39),2630,PLAINFIELD,7,7,6,June,2018,5,Thursday,19,7:00pm-7:59pm,27,27,0,This section IS NOT on the NHS,2,Urban,7,Local,4,City or Municipal Highway Agency,6,Local Street - Municipality,MADISON AVE,WEST 8TH ST,0,None,40.61228889,40.61228889,-74.417736110,-74.417736110,0,No Special Jurisdiction,12,Motor Vehicle In-Transport,6,Angle,0,No,2,Intersection,2,Four-Way Intersection,0,None,,,1,On Roadway,1,Daylight,1,Clear,0,No Additional Atmospheric Conditions,1,Clear,0,No,0000000,Not Applicable,19,7:00pm-7:59pm,32,32,19,7:00pm-7:59pm,35,35,88,Not Applicable (Not Transported),88,Not Applicable (Not Transported),0,None,0,None,0,None,1,0
2018,34,340376,New Jersey,1,1,0,1,1,1,1,39,UNION (39),3395,UNION,10,10,9,September,2018,2,Monday,21,9:00pm-9:59pm,16,16,1,This section IS ON the NHS,2,Urban,3,Principal Arterial - Other,1,State Highway Agency,2,U.S. Highway,US-22,GREELEY AVE AVE,535,535,40.68932778,40.68932778,-74.299972220,-74.299972220,0,No Special Jurisdiction,8,Pedestrian,0,Not a Collision with Motor Vehicle In-Transport,0,No,3,Intersection-Related,2,Four-Way Intersection,0,None,,,1,On Roadway,3,Dark - Lighted,2,Rain,0,No Additional Atmospheric Conditions,2,Rain,0,No,0000000,Not Applicable,21,9:00pm-9:59pm,18,18,21,9:00pm-9:59pm,22,22,21,9:00pm-9:59pm,54,54,0,None,0,None,0,None,1,0
2018,34,340377,New Jersey,1,1,0,1,1,1,1,39,UNION (39),1700,LINDEN,29,29,9,September,2018,7,Saturday,20,8:00pm-8:59pm,10,10,0,This section IS NOT on the NHS,2,Urban,4,Minor Arterial,2,County Highway Agency,4,County Road,CR-514 W ELIZABETH AVE,,402,402,40.62571667,40.62571667,-74.257566670,-74.257566670,0,No Special Jurisdiction,8,Pedestrian,0,Not a Collision with Motor Vehicle In-Transport,0,No,1,Non-Junction,1,Not an Intersection,0,None,,,1,On Roadway,2,Dark - Not Lighted,1,Clear,0,No Additional Atmospheric Conditions,1,Clear,0,No,0000000,Not Applicable,20,8:00pm-8:59pm,11,11,20,8:00pm-8:59pm,14,14,20,8:00pm-8:59pm,33,33,0,None,0,None,0,None,1,0
2018,34,340378,New Jersey,2,2,0,0,0,3,3,1,ATLANTIC (1),90,ATLANTIC CITY,2,2,9,September,2018,1,Sunday,10,10:00am-10:59am,51,51,1,This section IS ON the NHS,2,Urban,3,Principal Arterial - Other,1,State Highway Agency,3,State Highway,SR-87,,4,4,39.37628333,39.37628333,-74.434475000,-74.434475000,0,No Special Jurisdiction,12,Motor Vehicle In-Transport,6,Angle,1,Yes,5,Entrance/Exit Ramp Related,1,Not an Intersection,0,None,,,1,On Roadway,1,Daylight,1,Clear,0,No Additional Atmospheric Conditions,1,Clear,0,No,0000000,Not Applicable,10,10:00am-10:59am,56,56,11,11:00am-11:59am,1,1,11,11:00am-11:59am,22,22,0,None,0,None,0,None,2,0
2018,34,340379,New Jersey,1,1,0,0,0,1,1,15,GLOUCESTER (15),1082,FRANKLINVILLE,22,22,7,July,2018,1,Sunday,6,6:00am-6:59am,10,10,0,This section IS NOT on the NHS,2,Urban,4,Minor Arterial,2,County Highway Agency,4,County Road,CR-615 WEST BLVD,,13,13,39.55936111,39.55936111,-75.033825000,-75.033825000,0,No Special Jurisdiction,42,Tree (Standing Only),0,Not a Collision with Motor Vehicle In-Transport,0,No,1,Non-Junction,1,Not an Intersection,0,None,,,5,Outside Trafficway,1,Daylight,2,Rain,0,No Additional Atmospheric Conditions,2,Rain,0,No,0000000,Not Applicable,6,6:00am-6:59am,12,12,6,6:00am-6:59am,19,19,88,Not Applicable (Not Transported),88,Not Applicable (Not Transported),0,None,0,None,0,None,1,1
2018,34,340380,New Jersey,2,2,0,0,0,3,3,7,CAMDEN (7),3694,WINSLOW,2,2,9,September,2018,1,Sunday,15,3:00pm-3:59pm,4,4,0,This section IS NOT on the NHS,1,Rural,5,Major Collector,2,County Highway Agency,4,County Road,CR-561 EGG HARBOR RD,HALL ST,248,248,39.65732222,39.65732222,-74.843047220,-74.843047220,0,No Special Jurisdiction,12,Motor Vehicle In-Transport,2,Front-to-Front,0,No,3,Intersection-Related,4,Y-Intersection,0,None,,,1,On Roadway,1,Daylight,10,Cloudy,0,No Additional Atmospheric Conditions,10,Cloudy,0,No,0000000,Not Applicable,15,3:00pm-3:59pm,6,6,15,3:00pm-3:59pm,14,14,15,3:00pm-3:59pm,51,51,0,None,0,None,0,None,1,0
2018,34,340381,New Jersey,2,2,0,1,1,3,3,39,UNION (39),2900,ROSELLE,24,24,10,October,2018,4,Wednesday,18,6:00pm-6:59pm,52,52,1,This section IS ON the NHS,2,Urban,3,Principal Arterial - Other,1,State Highway Agency,3,State Highway,SR-27,HARRISON AVE,319,319,40.64785556,40.64785556,-74.247286110,-74.247286110,0,No Special Jurisdiction,8,Pedestrian,0,Not a Collision with Motor Vehicle In-Transport,0,No,3,Intersection-Related,3,T-Intersection,0,None,,,1,On Roadway,3,Dark - Lighted,1,Clear,0,No Additional Atmospheric Conditions,1,Clear,0,No,0000000,Not Applicable,99,Unknown,99,Unknown,99,Unknown EMS Scene Arrival Hour,99,Unknown EMS Scene Arrival Minutes,99,Unknown,99,Unknown EMS Hospital Arrival Time,14,"Motor Vehicle struck by falling cargo,or something that came loose from or something that was set in motion by a vehicle",0,None,0,None,1,0
2018,34,340382,New Jersey,1,1,0,0,0,1,1,7,CAMDEN (7),110,AUDUBON,1,1,11,November,2018,5,Thursday,2,2:00am-2:59am,53,53,0,This section IS NOT on the NHS,2,Urban,7,Local,4,City or Municipal Highway Agency,6,Local Street - Municipality,S LOGAN AVE,,0,None,39.89467500,39.89467500,-75.066000000,-75.066000000,0,No Special Jurisdiction,33,Curb,0,Not a Collision with Motor Vehicle In-Transport,0,No,1,Non-Junction,1,Not an Intersection,0,None,,,4,On Roadside,3,Dark - Lighted,1,Clear,0,No Additional Atmospheric Conditions,1,Clear,0,No,0000000,Not Applicable,2,2:00am-2:59am,57,57,3,3:00am-3:59am,4,4,3,3:00am-3:59am,40,40,0,None,0,None,0,None,1,1
2018,34,340383,New Jersey,1,1,0,1,1,1,1,39,UNION (39),2900,ROSELLE,21,21,12,December,2018,6,Friday,17,5:00pm-5:59pm,6,6,1,This section IS ON the NHS,2,Urban,3,Principal Arterial - Other,1,State Highway Agency,3,State Highway,SR-27,CAROLYN TERRACE,322,322,40.64977500,40.64977500,-74.241600000,-74.241600000,0,No Special Jurisdiction,8,Pedestrian,0,Not a Collision with Motor Vehicle In-Transport,0,No,3,Intersection-Related,3,T-Intersection,0,None,,,1,On Roadway,3,Dark - Lighted,1,Clear,0,No Additional Atmospheric Conditions,1,Clear,0,No,0000000,Not Applicable,17,5:00pm-5:59pm,8,8,17,5:00pm-5:59pm,17,17,17,5:00pm-5:59pm,43,43,0,None,0,None,0,None,1,0
2018,34,340384,New Jersey,3,3,0,0,0,5,5,39,UNION (39),1700,LINDEN,22,22,10,October,2018,2,Monday,12,12:00pm-12:59pm,7,7,1,This section IS ON the NHS,2,Urban,3,Principal Arterial - Other,1,State Highway Agency,2,U.S. Highway,US-1,S STILES ST,407,407,40.62275000,40.62275000,-74.246986110,-74.246986110,0,No Special Jurisdiction,12,Motor Vehicle In-Transport,6,Angle,0,No,2,Intersection,2,Four-Way Intersection,0,None,,,1,On Roadway,1,Daylight,1,Clear,0,No Additional Atmospheric Conditions,1,Clear,0,No,0000000,Not Applicable,12,12:00pm-12:59pm,10,10,12,12:00pm-12:59pm,12,12,12,12:00pm-12:59pm,38,38,0,None,0,None,0,None,1,0
2018,34,340385,New Jersey,1,1,0,1,1,1,1,29,OCEAN (29),1580,LAKEHURST,25,25,10,October,2018,5,Thursday,22,10:00pm-10:59pm,56,56,1,This section IS ON the NHS,2,Urban,3,Principal Arterial - Other,1,State Highway Agency,3,State Highway,SR-70,MANAPAQUA AVE,443,443,40.01486389,40.01486389,-74.315463890,-74.315463890,0,No Special Jurisdiction,8,Pedestrian,0,Not a Collision with Motor Vehicle In-Transport,0,No,3,Intersection-Related,2,Four-Way Intersection,0,None,,,1,On Roadway,3,Dark - Lighted,1,Clear,0,No Additional Atmospheric Conditions,1,Clear,0,No,0000000,Not Applicable,22,10:00pm-10:59pm,57,57,23,11:00pm-11:59pm,6,6,23,11:00pm-11:59pm,23,23,0,None,0,None,0,None,1,0
2018,34,340386,New Jersey,1,1,0,1,1,1,1,17,HUDSON (17),2205,NORTH BERGEN,2,2,10,October,2018,3,Tuesday,9,9:00am-9:59am,3,3,0,This section IS NOT on the NHS,2,Urban,4,Minor Arterial,2,County Highway Agency,4,County Road,CR-693 BLVD EAST,MAIN DR,20,20,40.80614722,40.80614722,-74.001302780,-74.001302780,0,No Special Jurisdiction,8,Pedestrian,0,Not a Collision with Motor Vehicle In-Transport,0,No,3,Intersection-Related,3,T-Intersection,0,None,,,1,On Roadway,1,Daylight,1,Clear,0,No Additional Atmospheric Conditions,1,Clear,0,No,0000000,Not Applicable,9,9:00am-9:59am,3,3,9,9:00am-9:59am,6,6,9,9:00am-9:59am,30,30,0,None,0,None,0,None,1,0
2018,34,340387,New Jersey,1,1,0,0,0,1,1,15,GLOUCESTER (15),747,DEPTFORD,3,3,10,October,2018,4,Wednesday,3,3:00am-3:59am,18,18,1,This section IS ON the NHS,2,Urban,2,Principal Arterial - Other Freeways and Expressways,1,State Highway Agency,3,State Highway,SR-55,,570,570,39.80310556,39.80310556,-75.106316670,-75.106316670,0,No Special Jurisdiction,42,Tree (Standing Only),0,Not a Collision with Motor Vehicle In-Transport,0,No,1,Non-Junction,1,Not an Intersection,0,None,,,3,On Median,2,Dark - Not Lighted,10,Cloudy,0,No Additional Atmospheric Conditions,10,Cloudy,0,No,0000000,Not Applicable,4,4:00am-4:59am,9,9,4,4:00am-4:59am,32,32,88,Not Applicable (Not Transported),88,Not Applicable (Not Transported),0,None,0,None,0,None,1,1
2018,34,340388,New Jersey,2,2,0,0,0,4,4,21,MERCER (21),3380,TRENTON,22,22,10,October,2018,2,Monday,11,11:00am-11:59am,28,28,1,This section IS ON the NHS,2,Urban,3,Principal Arterial - Other,1,State Highway Agency,3,State Highway,SR-129,LALOR ST,11,11,40.19830556,40.19830556,-74.752988890,-74.752988890,0,No Special Jurisdiction,12,Motor Vehicle In-Transport,6,Angle,0,No,2,Intersection,2,Four-Way Intersection,0,None,,,1,On Roadway,1,Daylight,1,Clear,0,No Additional Atmospheric Conditions,1,Clear,0,No,0000000,Not Applicable,11,11:00am-11:59am,32,32,11,11:00am-11:59am,36,36,11,11:00am-11:59am,58,58,0,None,0,None,0,None,1,0
2018,34,340389,New Jersey,1,1,0,1,1,1,1,27,MORRIS (27),2745,RANDOLPH,14,14,10,October,2018,1,Sunday,1,1:00am-1:59am,47,47,1,This section IS ON the NHS,2,Urban,3,Principal Arterial - Other,1,State Highway Agency,3,State Highway,SR-10,,32,32,40.85672222,40.85672222,-74.604086110,-74.604086110,0,No Special Jurisdiction,8,Pedestrian,0,Not a Collision with Motor Vehicle In-Transport,0,No,1,Non-Junction,1,Not an Intersection,0,None,,,1,On Roadway,2,Dark - Not Lighted,1,Clear,0,No Additional Atmospheric Conditions,1,Clear,0,No,0000000,Not Applicable,1,1:00am-1:59am,49,49,1,1:00am-1:59am,57,57,88,Not Applicable (Not Transported),88,Not Applicable (Not Transported),0,None,0,None,0,None,1,0
2018,34,340390,New Jersey,1,1,0,1,1,1,1,3,BERGEN (3),2170,NEW MILFORD,25,25,10,October,2018,5,Thursday,6,6:00am-6:59am,27,27,1,This section IS ON the NHS,2,Urban,3,Principal Arterial - Other,2,County Highway Agency,4,County Road,CR-70 HENLEY AVE,CHESTNUT ST,10,10,40.93125278,40.93125278,-74.014655560,-74.014655560,0,No Special Jurisdiction,8,Pedestrian,0,Not a Collision with Motor Vehicle In-Transport,0,No,98,Not Reported,98,Not Reported,0,None,,,98,Not Reported,2,Dark - Not Lighted,1,Clear,0,No Additional Atmospheric Conditions,1,Clear,0,No,0000000,Not Applicable,99,Unknown,99,Unknown,99,Unknown EMS Scene Arrival Hour,99,Unknown EMS Scene Arrival Minutes,99,Unknown,99,Unknown EMS Hospital Arrival Time,0,None,0,None,0,None,1,0
2018,34,340391,New Jersey,2,2,0,0,0,3,3,1,ATLANTIC (1),0,NOT APPLICABLE,23,23,10,October,2018,3,Tuesday,15,3:00pm-3:59pm,27,27,0,This section IS NOT on the NHS,2,Urban,5,Major Collector,2,County Highway Agency,4,County Road,CR-561A,DARMSTADT AVE,146,146,39.55541389,39.55541389,-74.652677780,-74.652677780,0,No Special Jurisdiction,12,Motor Vehicle In-Transport,6,Angle,0,No,2,Intersection,2,Four-Way Intersection,0,None,,,1,On Roadway,1,Daylight,1,Clear,0,No Additional Atmospheric Conditions,1,Clear,0,No,0000000,Not Applicable,99,Unknown,99,Unknown,99,Unknown EMS Scene Arrival Hour,99,Unknown EMS Scene Arrival Minutes,99,Unknown,99,Unknown EMS Hospital Arrival Time,0,None,0,None,0,None,1,0
2018,34,340392,New Jersey,2,2,0,0,0,4,4,1,ATLANTIC (1),90,ATLANTIC CITY,6,6,10,October,2018,7,Saturday,8,8:00am-8:59am,30,30,1,This section IS ON the NHS,2,Urban,3,Principal Arterial - Other,1,State Highway Agency,2,U.S. Highway,US-40,,618,618,39.37620000,39.37620000,-74.484466670,-74.484466670,0,No Special Jurisdiction,25,Concrete Traffic Barrier,0,Not a Collision with Motor Vehicle In-Transport,0,No,1,Non-Junction,1,Not an Intersection,0,None,,,3,On Median,1,Daylight,2,Rain,0,No Additional Atmospheric Conditions,2,Rain,0,No,0000000,Not Applicable,99,Unknown,99,Unknown,99,Unknown EMS Scene Arrival Hour,99,Unknown EMS Scene Arrival Minutes,99,Unknown,99,Unknown EMS Hospital Arrival Time,0,None,0,None,0,None,1,1
2018,34,340393,New Jersey,1,1,0,1,1,1,1,21,MERCER (21),825,EAST WINDSOR,30,30,10,October,2018,3,Tuesday,18,6:00pm-6:59pm,45,45,1,This section IS ON the NHS,2,Urban,3,Principal Arterial - Other,1,State Highway Agency,3,State Highway,SR-33,,160,160,40.26751667,40.26751667,-74.490100000,-74.490100000,0,No Special Jurisdiction,9,Pedalcyclist,0,Not a Collision with Motor Vehicle In-Transport,0,No,1,Non-Junction,1,Not an Intersection,0,None,,,1,On Roadway,2,Dark - Not Lighted,1,Clear,0,No Additional Atmospheric Conditions,1,Clear,0,No,0000000,Not Applicable,18,6:00pm-6:59pm,46,46,18,6:00pm-6:59pm,51,51,19,7:00pm-7:59pm,34,34,0,None,0,None,0,None,1,0
2018,34,340394,New Jersey,1,1,0,0,0,4,4,1,ATLANTIC (1),1105,GALLOWAY TOWNSHIP,7,7,10,October,2018,1,Sunday,3,3:00am-3:59am,12,12,1,This section IS ON the NHS,2,Urban,2,Principal Arterial - Other Freeways and Expressways,31,State Toll Road,8,Other,GSP 444,,421,421,39.47308889,39.47308889,-74.528930560,-74.528930560,0,No Special Jurisdiction,59,Traffic Sign Support,0,Not a Collision with Motor Vehicle In-Transport,0,No,1,Non-Junction,1,Not an Intersection,0,None,,,4,On Roadside,3,Dark - Lighted,1,Clear,0,No Additional Atmospheric Conditions,1,Clear,0,No,0000000,Not Applicable,3,3:00am-3:59am,23,23,3,3:00am-3:59am,32,32,4,4:00am-4:59am,6,6,0,None,0,None,0,None,3,0
2018,34,340395,New Jersey,1,1,0,0,0,1,1,7,CAMDEN (7),520,CAMDEN,27,27,9,September,2018,5,Thursday,13,1:00pm-1:59pm,44,44,1,This section IS ON the NHS,2,Urban,5,Major Collector,4,City or Municipal Highway Agency,6,Local Street - Municipality,ATLANTIC AVE,S 3RD ST,0,None,39.92841667,39.92841667,-75.123361110,-75.123361110,0,No Special Jurisdiction,18,Other Object (not fixed),0,Not a Collision with Motor Vehicle In-Transport,0,No,3,Intersection-Related,3,T-Intersection,0,None,,,4,On Roadside,1,Daylight,1,Clear,0,No Additional Atmospheric Conditions,1,Clear,0,No,0000000,Not Applicable,13,1:00pm-1:59pm,35,35,13,1:00pm-1:59pm,42,42,14,2:00pm-2:59pm,7,7,0,None,0,None,0,None,1,0
2018,34,340396,New Jersey,1,1,0,0,0,5,5,7,CAMDEN (7),0,NOT APPLICABLE,3,3,11,November,2018,7,Saturday,21,9:00pm-9:59pm,23,23,1,This section IS ON the NHS,2,Urban,2,Principal Arterial - Other Freeways and Expressways,1,State Highway Agency,3,State Highway,SR-42,,92,92,39.80775278,39.80775278,-75.058405560,-75.058405560,0,No Special Jurisdiction,1,Rollover/Overturn,0,Not a Collision with Motor Vehicle In-Transport,0,No,1,Non-Junction,1,Not an Intersection,0,None,,,5,Outside Trafficway,2,Dark - Not Lighted,1,Clear,0,No Additional Atmospheric Conditions,1,Clear,0,No,0000000,Not Applicable,21,9:00pm-9:59pm,23,23,21,9:00pm-9:59pm,37,37,21,9:00pm-9:59pm,57,57,0,None,0,None,0,None,2,1
2018,34,340397,New Jersey,2,2,0,0,0,6,6,23,MIDDLESEX (23),2970,SAYREVILLE,25,25,4,April,2018,4,Wednesday,14,2:00pm-2:59pm,23,23,0,This section IS NOT on the NHS,2,Urban,4,Minor Arterial,4,City or Municipal Highway Agency,6,Local Street - Municipality,RARITAN ST,VAL ST,0,None,40.47843611,40.47843611,-74.297866670,-74.297866670,0,No Special Jurisdiction,12,Motor Vehicle In-Transport,7,Sideswipe - Same Direction,0,No,1,Non-Junction,1,Not an Intersection,0,None,,,1,On Roadway,1,Daylight,10,Cloudy,0,No Additional Atmospheric Conditions,10,Cloudy,0,No,0000000,Not Applicable,14,2:00pm-2:59pm,27,27,14,2:00pm-2:59pm,31,31,15,3:00pm-3:59pm,12,12,0,None,0,None,0,None,1,0
2018,34,340398,New Jersey,1,1,0,0,0,1,1,39,UNION (39),860,ELIZABETH,26,26,8,August,2018,1,Sunday,18,6:00pm-6:59pm,37,37,1,This section IS ON the NHS,2,Urban,3,Principal Arterial - Other,1,State Highway Agency,2,U.S. Highway,US-1,GARDEN ST,436,436,40.65283611,40.65283611,-74.213391670,-74.213391670,0,No Special Jurisdiction,30,Utility Pole/Light Support,0,Not a Collision with Motor Vehicle In-Transport,0,No,3,Intersection-Related,3,T-Intersection,0,None,,,4,On Roadside,1,Daylight,1,Clear,0,No Additional Atmospheric Conditions,1,Clear,0,No,0000000,Not Applicable,18,6:00pm-6:59pm,26,26,18,6:00pm-6:59pm,32,32,18,6:00pm-6:59pm,48,48,0,None,0,None,0,None,1,1
2018,34,340399,New Jersey,2,2,0,0,0,2,2,31,PASSAIC (31),2510,PATERSON,19,19,10,October,2018,6,Friday,21,9:00pm-9:59pm,37,37,1,This section IS ON the NHS,2,Urban,3,Principal Arterial - Other,2,County Highway Agency,4,County Road,CR-649,,10,10,40.91228056,40.91228056,-74.155680560,-74.155680560,0,No Special Jurisdiction,12,Motor Vehicle In-Transport,1,Front-to-Rear,0,No,1,Non-Junction,1,Not an Intersection,0,None,,,1,On Roadway,3,Dark - Lighted,1,Clear,0,No Additional Atmospheric Conditions,1,Clear,0,No,0000000,Not Applicable,99,Unknown,99,Unknown,99,Unknown EMS Scene Arrival Hour,99,Unknown EMS Scene Arrival Minutes,99,Unknown,99,Unknown EMS Hospital Arrival Time,0,None,0,None,0,None,1,0
2018,34,340400,New Jersey,1,1,0,1,1,1,1,39,UNION (39),860,ELIZABETH,22,22,11,November,2018,5,Thursday,21,9:00pm-9:59pm,45,45,0,This section IS NOT on the NHS,2,Urban,7,Local,4,City or Municipal Highway Agency,6,Local Street - Municipality,CHERRY ST,,0,None,40.66186389,40.66186389,-74.219283330,-74.219283330,0,No Special Jurisdiction,8,Pedestrian,0,Not a Collision with Motor Vehicle In-Transport,0,No,1,Non-Junction,1,Not an Intersection,0,None,,,1,On Roadway,3,Dark - Lighted,1,Clear,0,No Additional Atmospheric Conditions,1,Clear,0,No,0000000,Not Applicable,99,Unknown,99,Unknown,99,Unknown EMS Scene Arrival Hour,99,Unknown EMS Scene Arrival Minutes,99,Unknown,99,Unknown EMS Hospital Arrival Time,0,None,0,None,0,None,1,0
2018,34,340401,New Jersey,1,1,0,0,0,1,1,35,SOMERSET (35),1081,FRANKLIN PARK,10,10,11,November,2018,7,Saturday,23,11:00pm-11:59pm,37,37,0,This section IS NOT on the NHS,9,Unknown,7,Local,4,City or Municipal Highway Agency,6,Local Street - Municipality,BLACKWELLS MILL RD,,0,None,40.47894167,40.47894167,-74.563361110,-74.563361110,0,No Special Jurisdiction,34,Ditch,0,Not a Collision with Motor Vehicle In-Transport,0,No,1,Non-Junction,1,Not an Intersection,0,None,,,4,On Roadside,3,Dark - Lighted,1,Clear,0,No Additional Atmospheric Conditions,1,Clear,0,No,0000000,Not Applicable,23,11:00pm-11:59pm,39,39,23,11:00pm-11:59pm,39,39,88,Not Applicable (Not Transported),88,Not Applicable (Not Transported),0,None,0,None,0,None,1,1
2018,34,340402,New Jersey,2,2,0,1,1,6,6,15,GLOUCESTER (15),0,NOT APPLICABLE,30,30,11,November,2018,6,Friday,18,6:00pm-6:59pm,58,58,1,This section IS ON the NHS,2,Urban,3,Principal Arterial - Other,1,State Highway Agency,3,State Highway,SR-42,,5,5,39.69550000,39.69550000,-74.998861110,-74.998861110,0,No Special Jurisdiction,8,Pedestrian,0,Not a Collision with Motor Vehicle In-Transport,0,No,1,Non-Junction,1,Not an Intersection,0,None,,,1,On Roadway,3,Dark - Lighted,10,Cloudy,0,No Additional Atmospheric Conditions,10,Cloudy,0,No,0000000,Not Applicable,19,7:00pm-7:59pm,0,0,19,7:00pm-7:59pm,5,5,88,Not Applicable (Not Transported),88,Not Applicable (Not Transported),0,None,0,None,0,None,1,0