caseyear,state,st_case,statename,ve_total,ve_forms,pvh_invl,peds,pernotmvit,permvit,persons,county,countyname,city,cityname,day,dayname,month,monthname,year,day_week,day_weekname,hour,hourname,minute,minutename,nhs,nhsname,rur_urb,rur_urbname,func_sys,func_sysname,rd_owner,rd_ownername,route,routename,tway_id,tway_id2,milept,mileptname,latitude,latitudename,longitud,longitudname,sp_jur,sp_jurname,harm_ev,harm_evname,man_coll,man_collname,reljct1,reljct1name,reljct2,reljct2name,typ_int,typ_intname,wrk_zone,wrk_zonename,road_fnc,road_fncname,rel_road,rel_roadname,lgt_cond,lgt_condname,weather1,weather1name,weather2,weather2name,weather,weathername,sch_bus,sch_busname,rail,railname,not_hour,not_hourname,not_min,not_minname,arr_hour,arr_hourname,arr_min,arr_minname,hosp_hr,hosp_hrname,hosp_mn,hosp_mnname,cf1,cf1name,cf2,cf2name,cf3,cf3name,fatals,drunk_dr
2018,34,340475,New Jersey,1,1,0,1,1,2,2,35,SOMERSET (35),1820,MANVILLE,26,26,11,November,2018,2,Monday,18,6:00pm-6:59pm,5,5,0,This section IS NOT on the NHS,2,Urban,4,Minor Arterial,2,County Highway Agency,4,County Road,CR-533,SOUTH ST,285,285,40.54385278,40.54385278,-74.587038890,-74.587038890,0,No Special Jurisdiction,8,Pedestrian,0,Not a Collision with Motor Vehicle In-Transport,0,No,3,Intersection-Related,3,T-Intersection,0,None,,,1,On Roadway,3,Dark - Lighted,2,Rain,0,No Additional Atmospheric Conditions,2,Rain,0,No,0000000,Not Applicable,18,6:00pm-6:59pm,10,10,18,6:00pm-6:59pm,16,16,18,6:00pm-6:59pm,51,51,0,None,0,None,0,None,1,0
2018,34,340476,New Jersey,1,1,0,0,0,1,1,35,SOMERSET (35),1194,GREEN BROOK,13,13,11,November,2018,3,Tuesday,13,1:00pm-1:59pm,10,10,0,This section IS NOT on the NHS,2,Urban,5,Major Collector,2,County Highway Agency,4,County Road,CR-529,,88,88,40.60501111,40.60501111,-74.478600000,-74.478600000,0,No Special Jurisdiction,24,Guardrail Face,0,Not a Collision with Motor Vehicle In-Transport,0,No,1,Non-Junction,1,Not an Intersection,0,None,,,4,On Roadside,1,Daylight,10,Cloudy,0,No Additional Atmospheric Conditions,10,Cloudy,0,No,0000000,Not Applicable,13,1:00pm-1:59pm,11,11,13,1:00pm-1:59pm,19,19,14,2:00pm-2:59pm,4,4,0,None,0,None,0,None,1,1
2018,34,340477,New Jersey,1,1,0,0,0,1,1,1,ATLANTIC (1),0,NOT APPLICABLE,21,21,11,November,2018,4,Wednesday,21,9:00pm-9:59pm,22,22,1,This section IS ON the NHS,2,Urban,3,Principal Arterial - Other,1,State Highway Agency,2,U.S. Highway,US-40,,352,352,39.51294444,39.51294444,-74.924088890,-74.924088890,0,No Special Jurisdiction,33,Curb,0,Not a Collision with Motor Vehicle In-Transport,0,No,1,Non-Junction,1,Not an Intersection,0,None,,,4,On Roadside,3,Dark - Lighted,1,Clear,0,No Additional Atmospheric Conditions,1,Clear,0,No,0000000,Not Applicable,21,9:00pm-9:59pm,22,22,21,9:00pm-9:59pm,35,35,88,Not Applicable (Not Transported),88,Not Applicable (Not Transported),0,None,0,None,0,None,1,1
2018,34,340478,New Jersey,3,3,0,0,0,7,7,23,MIDDLESEX (23),3705,WOODBRIDGE,26,26,11,November,2018,2,Monday,1,1:00am-1:59am,30,30,1,This section IS ON the NHS,2,Urban,2,Principal Arterial - Other Freeways and Expressways,31,State Toll Road,8,Other,GSP 444,,1326,1326,40.57691111,40.57691111,-74.331302780,-74.331302780,0,No Special Jurisdiction,12,Motor Vehicle In-Transport,1,Front-to-Rear,0,No,1,Non-Junction,1,Not an Intersection,0,None,,,1,On Roadway,2,Dark - Not Lighted,10,Cloudy,0,No Additional Atmospheric Conditions,10,Cloudy,0,No,0000000,Not Applicable,1,1:00am-1:59am,31,31,1,1:00am-1:59am,40,40,2,2:00am-2:59am,9,9,14,"Motor Vehicle struck by falling cargo,or something that came loose from or something that was set in motion by a vehicle",0,None,0,None,1,1
2018,34,340479,New Jersey,2,2,0,0,0,5,5,37,SUSSEX (37),0,NOT APPLICABLE,1,1,11,November,2018,5,Thursday,18,6:00pm-6:59pm,27,27,1,This section IS ON the NHS,1,Rural,3,Principal Arterial - Other,1,State Highway Agency,2,U.S. Highway,US-206,,1129,1129,41.10296389,41.10296389,-74.728488890,-74.728488890,0,No Special Jurisdiction,12,Motor Vehicle In-Transport,2,Front-to-Front,0,No,8,Driveway Access Related,1,Not an Intersection,0,None,,,1,On Roadway,2,Dark - Not Lighted,1,Clear,0,No Additional Atmospheric Conditions,1,Clear,0,No,0000000,Not Applicable,19,7:00pm-7:59pm,26,26,19,7:00pm-7:59pm,38,38,19,7:00pm-7:59pm,51,51,0,None,0,None,0,None,1,0
2018,34,340480,New Jersey,1,1,0,0,0,1,1,5,BURLINGTON (5),2081,MT LAUREL,12,12,11,November,2018,2,Monday,14,2:00pm-2:59pm,17,17,1,This section IS ON the NHS,2,Urban,2,Principal Arterial - Other Freeways and Expressways,31,State Toll Road,8,Other,NJTP 700,,380,380,39.97533889,39.97533889,-74.899194440,-74.899194440,0,No Special Jurisdiction,31,"Post, Pole or Other Supports",0,Not a Collision with Motor Vehicle In-Transport,0,No,1,Non-Junction,1,Not an Intersection,0,None,,,4,On Roadside,1,Daylight,1,Clear,0,No Additional Atmospheric Conditions,1,Clear,0,No,0000000,Not Applicable,14,2:00pm-2:59pm,18,18,14,2:00pm-2:59pm,29,29,88,Not Applicable (Not Transported),88,Not Applicable (Not Transported),0,None,0,None,0,None,1,0
2018,34,340481,New Jersey,2,2,0,0,0,2,2,27,MORRIS (27),2498,PARSIPPANY,8,8,11,November,2018,5,Thursday,4,4:00am-4:59am,16,16,1,This section IS ON the NHS,2,Urban,1,Interstate,1,State Highway Agency,1,Interstate,I-80,,466,466,40.86194722,40.86194722,-74.361986110,-74.361986110,0,No Special Jurisdiction,12,Motor Vehicle In-Transport,1,Front-to-Rear,0,No,1,Non-Junction,1,Not an Intersection,1,Construction,,,1,On Roadway,2,Dark - Not Lighted,1,Clear,0,No Additional Atmospheric Conditions,1,Clear,0,No,0000000,Not Applicable,4,4:00am-4:59am,26,26,4,4:00am-4:59am,38,38,88,Not Applicable (Not Transported),88,Not Applicable (Not Transported),0,None,0,None,0,None,1,1
2018,34,340482,New Jersey,2,2,0,0,0,2,2,5,BURLINGTON (5),0,NOT APPLICABLE,9,9,11,November,2018,6,Friday,17,5:00pm-5:59pm,15,15,1,This section IS ON the NHS,1,Rural,3,Principal Arterial - Other,1,State Highway Agency,3,State Highway,SR-72,,66,66,39.84735556,39.84735556,-74.491016670,-74.491016670,0,No Special Jurisdiction,12,Motor Vehicle In-Transport,2,Front-to-Front,0,No,1,Non-Junction,1,Not an Intersection,0,None,,,1,On Roadway,2,Dark - Not Lighted,2,Rain,0,No Additional Atmospheric Conditions,2,Rain,0,No,0000000,Not Applicable,17,5:00pm-5:59pm,19,19,17,5:00pm-5:59pm,36,36,18,6:00pm-6:59pm,59,59,0,None,0,None,0,None,1,0
2018,34,340483,New Jersey,2,2,0,0,0,8,8,21,MERCER (21),935,EWING TOWNSHIP,2,2,12,December,2018,1,Sunday,2,2:00am-2:59am,7,7,1,This section IS ON the NHS,2,Urban,3,Principal Arterial - Other,1,State Highway Agency,3,State Highway,SR-31,,25,25,40.26059722,40.26059722,-74.780347220,-74.780347220,0,No Special Jurisdiction,12,Motor Vehicle In-Transport,2,Front-to-Front,0,No,1,Non-Junction,1,Not an Intersection,0,None,,,1,On Roadway,3,Dark - Lighted,2,Rain,0,No Additional Atmospheric Conditions,2,Rain,0,No,0000000,Not Applicable,2,2:00am-2:59am,8,8,2,2:00am-2:59am,16,16,2,2:00am-2:59am,33,33,0,None,0,None,0,None,1,1
2018,34,340484,New Jersey,1,1,0,1,1,1,1,29,OCEAN (29),1590,LAKEWOOD,9,9,12,December,2018,1,Sunday,17,5:00pm-5:59pm,26,26,0,This section IS NOT on the NHS,2,Urban,7,Local,4,City or Municipal Highway Agency,6,Local Street - Municipality,MADISON AVE,,0,None,40.09603889,40.09603889,-74.217466670,-74.217466670,0,No Special Jurisdiction,8,Pedestrian,0,Not a Collision with Motor Vehicle In-Transport,0,No,1,Non-Junction,1,Not an Intersection,0,None,,,1,On Roadway,3,Dark - Lighted,1,Clear,0,No Additional Atmospheric Conditions,1,Clear,0,No,0000000,Not Applicable,17,5:00pm-5:59pm,27,27,17,5:00pm-5:59pm,29,29,17,5:00pm-5:59pm,48,48,0,None,0,None,0,None,1,0
2018,34,340485,New Jersey,1,1,0,0,0,2,2,1,ATLANTIC (1),1264,HAMILTON ATLANTIC,20,20,12,December,2018,5,Thursday,2,2:00am-2:59am,51,51,0,This section IS NOT on the NHS,1,Rural,5,Major Collector,2,County Highway Agency,4,County Road,CR-552 MILLVILLE AVE,,255,255,39.45930833,39.45930833,-74.787969440,-74.787969440,0,No Special Jurisdiction,42,Tree (Standing Only),0,Not a Collision with Motor Vehicle In-Transport,0,No,1,Non-Junction,1,Not an Intersection,0,None,,,5,Outside Trafficway,3,Dark - Lighted,1,Clear,0,No Additional Atmospheric Conditions,1,Clear,0,No,0000000,Not Applicable,2,2:00am-2:59am,54,54,3,3:00am-3:59am,5,5,3,3:00am-3:59am,40,40,0,None,0,None,0,None,1,1
2018,34,340486,New Jersey,3,3,0,0,0,4,4,25,MONMOUTH (25),1925,MIDDLETOWN,3,3,12,December,2018,2,Monday,12,12:00pm-12:59pm,57,57,0,This section IS NOT on the NHS,2,Urban,4,Minor Arterial,2,County Highway Agency,4,County Road,CR-50 MIDDLETOWN LINCROFT RD,STORM RD,22,22,40.33566389,40.33566389,-74.125661110,-74.125661110,0,No Special Jurisdiction,12,Motor Vehicle In-Transport,1,Front-to-Rear,0,No,8,Driveway Access Related,1,Not an Intersection,0,None,,,1,On Roadway,1,Daylight,1,Clear,0,No Additional Atmospheric Conditions,1,Clear,0,No,0000000,Not Applicable,12,12:00pm-12:59pm,57,57,13,1:00pm-1:59pm,13,13,88,Not Applicable (Not Transported),88,Not Applicable (Not Transported),14,"Motor Vehicle struck by falling cargo,or something that came loose from or something that was set in motion by a vehicle",0,None,0,None,1,0
2018,34,340487,New Jersey,1,1,0,1,1,1,1,3,BERGEN (3),820,EAST RUTHERFORD,21,21,12,December,2018,6,Friday,23,11:00pm-11:59pm,36,36,1,This section IS ON the NHS,2,Urban,2,Principal Arterial - Other Freeways and Expressways,1,State Highway Agency,3,State Highway,SR-3,,80,80,40.80500556,40.80500556,-74.072766670,-74.072766670,0,No Special Jurisdiction,33,Curb,0,Not a Collision with Motor Vehicle In-Transport,1,Yes,5,Entrance/Exit Ramp Related,1,Not an Intersection,0,None,,,4,On Roadside,3,Dark - Lighted,1,Clear,0,No Additional Atmospheric Conditions,1,Clear,0,No,0000000,Not Applicable,23,11:00pm-11:59pm,35,35,23,11:00pm-11:59pm,50,50,88,Not Applicable (Not Transported),88,Not Applicable (Not Transported),23,Indication of a Stalled/Disabled Vehicle,0,None,0,None,1,0
2018,34,340488,New Jersey,1,1,0,1,1,1,1,7,CAMDEN (7),520,CAMDEN,15,15,12,December,2018,7,Saturday,17,5:00pm-5:59pm,15,15,0,This section IS NOT on the NHS,2,Urban,7,Local,4,City or Municipal Highway Agency,6,Local Street - Municipality,11TH ST,NEWTON AVE,0,None,39.94222778,39.94222778,-75.110405560,-75.110405560,0,No Special Jurisdiction,8,Pedestrian,0,Not a Collision with Motor Vehicle In-Transport,0,No,3,Intersection-Related,2,Four-Way Intersection,0,None,,,1,On Roadway,3,Dark - Lighted,2,Rain,0,No Additional Atmospheric Conditions,2,Rain,0,No,0000000,Not Applicable,99,Unknown,99,Unknown,99,Unknown EMS Scene Arrival Hour,99,Unknown EMS Scene Arrival Minutes,99,Unknown,99,Unknown EMS Hospital Arrival Time,0,None,0,None,0,None,1,0
2018,34,340489,New Jersey,1,1,0,0,0,2,2,7,CAMDEN (7),2545,PENNSAUKEN,6,6,12,December,2018,5,Thursday,12,12:00pm-12:59pm,34,34,0,This section IS NOT on the NHS,2,Urban,4,Minor Arterial,2,County Highway Agency,4,County Road,CR-537 MAPLE AVE,UNION AVE,54,54,39.95229722,39.95229722,-75.031011110,-75.031011110,0,No Special Jurisdiction,33,Curb,0,Not a Collision with Motor Vehicle In-Transport,0,No,3,Intersection-Related,3,T-Intersection,0,None,,,4,On Roadside,1,Daylight,1,Clear,0,No Additional Atmospheric Conditions,1,Clear,0,No,0000000,Not Applicable,12,12:00pm-12:59pm,38,38,12,12:00pm-12:59pm,42,42,13,1:00pm-1:59pm,8,8,0,None,0,None,0,None,1,0
2018,34,340490,New Jersey,1,1,0,0,0,1,1,7,CAMDEN (7),3694,WINSLOW,25,25,12,December,2018,3,Tuesday,19,7:00pm-7:59pm,39,39,0,This section IS NOT on the NHS,2,Urban,7,Local,4,City or Municipal Highway Agency,6,Local Street - Municipality,PINEY HOLLOW RD,,0,None,39.64889722,39.64889722,-74.868680560,-74.868680560,0,No Special Jurisdiction,30,Utility Pole/Light Support,0,Not a Collision with Motor Vehicle In-Transport,0,No,1,Non-Junction,1,Not an Intersection,0,None,,,4,On Roadside,2,Dark - Not Lighted,1,Clear,0,No Additional Atmospheric Conditions,1,Clear,0,No,0000000,Not Applicable,19,7:00pm-7:59pm,41,41,19,7:00pm-7:59pm,49,49,20,8:00pm-8:59pm,5,5,0,None,0,None,0,None,1,0
2018,34,340491,New Jersey,2,2,0,0,0,3,3,7,CAMDEN (7),0,NOT APPLICABLE,4,4,12,December,2018,3,Tuesday,18,6:00pm-6:59pm,18,18,0,This section IS NOT on the NHS,2,Urban,4,Minor Arterial,2,County Highway Agency,4,County Road,CR-706 ERIAL RD,DOUGLAS AVE,89,89,39.79928333,39.79928333,-75.047494440,-75.047494440,0,No Special Jurisdiction,12,Motor Vehicle In-Transport,6,Angle,0,No,2,Intersection,2,Four-Way Intersection,0,None,,,1,On Roadway,3,Dark - Lighted,1,Clear,0,No Additional Atmospheric Conditions,1,Clear,0,No,0000000,Not Applicable,18,6:00pm-6:59pm,21,21,18,6:00pm-6:59pm,27,27,18,6:00pm-6:59pm,47,47,0,None,0,None,0,None,1,0
2018,34,340492,New Jersey,1,1,0,0,0,1,1,39,UNION (39),1412,HILLSIDE,22,22,12,December,2018,7,Saturday,4,4:00am-4:59am,9,9,1,This section IS ON the NHS,2,Urban,3,Principal Arterial - Other,1,State Highway Agency,2,U.S. Highway,US-22,,577,577,40.69773889,40.69773889,-74.224991670,-74.224991670,0,No Special Jurisdiction,33,Curb,0,Not a Collision with Motor Vehicle In-Transport,0,No,1,Non-Junction,1,Not an Intersection,0,None,,,4,On Roadside,3,Dark - Lighted,1,Clear,0,No Additional Atmospheric Conditions,1,Clear,0,No,0000000,Not Applicable,4,4:00am-4:59am,10,10,4,4:00am-4:59am,19,19,88,Not Applicable (Not Transported),88,Not Applicable (Not Transported),0,None,0,None,0,None,1,0
2018,34,340493,New Jersey,1,1,0,1,1,1,1,31,PASSAIC (31),1350,HAWTHORNE,19,19,12,December,2018,4,Wednesday,19,7:00pm-7:59pm,43,43,1,This section IS ON the NHS,2,Urban,3,Principal Arterial - Other,2,County Highway Agency,4,County Road,CR-659 GROFFIE RD,RAMP SR-208,23,23,40.96840000,40.96840000,-74.153425000,-74.153425000,0,No Special Jurisdiction,8,Pedestrian,0,Not a Collision with Motor Vehicle In-Transport,0,No,1,Non-Junction,1,Not an Intersection,0,None,,,1,On Roadway,2,Dark - Not Lighted,1,Clear,0,No Additional Atmospheric Conditions,1,Clear,0,No,0000000,Not Applicable,19,7:00pm-7:59pm,43,43,19,7:00pm-7:59pm,44,44,20,8:00pm-8:59pm,0,0,0,None,0,None,0,None,1,0
2018,34,340494,New Jersey,1,1,0,1,1,3,3,29,OCEAN (29),0,NOT APPLICABLE,7,7,12,December,2018,6,Friday,18,6:00pm-6:59pm,53,53,0,This section IS NOT on the NHS,1,Rural,7,Local,4,City or Municipal Highway Agency,6,Local Street - Municipality,HAINES ST,,0,None,39.86032778,39.86032778,-74.189927780,-74.189927780,0,No Special Jurisdiction,8,Pedestrian,0,Not a Collision with Motor Vehicle In-Transport,0,No,1,Non-Junction,1,Not an Intersection,0,None,,,1,On Roadway,2,Dark - Not Lighted,1,Clear,0,No Additional Atmospheric Conditions,1,Clear,0,No,0000000,Not Applicable,18,6:00pm-6:59pm,50,50,18,6:00pm-6:59pm,54,54,19,7:00pm-7:59pm,34,34,0,None,0,None,0,None,1,0
2018,34,340495,New Jersey,2,2,0,0,0,2,2,1,ATLANTIC (1),10,ABSECON,19,19,12,December,2018,4,Wednesday,23,11:00pm-11:59pm,38,38,0,This section IS NOT on the NHS,2,Urban,4,Minor Arterial,2,County Highway Agency,4,County Road,CR-634 PITNEY RD,,7,7,39.43687500,39.43687500,-74.498600000,-74.498600000,0,No Special Jurisdiction,12,Motor Vehicle In-Transport,2,Front-to-Front,0,No,1,Non-Junction,1,Not an Intersection,0,None,,,1,On Roadway,2,Dark - Not Lighted,1,Clear,0,No Additional Atmospheric Conditions,1,Clear,0,No,0000000,Not Applicable,23,11:00pm-11:59pm,41,41,23,11:00pm-11:59pm,45,45,0,0:00am-0:59am,27,27,0,None,0,None,0,None,1,1
2018,34,340496,New Jersey,2,1,1,1,1,1,1,3,BERGEN (3),350,BOGOTA,12,12,12,December,2018,4,Wednesday,19,7:00pm-7:59pm,36,36,0,This section IS NOT on the NHS,2,Urban,4,Minor Arterial,2,County Highway Agency,4,County Road,CR-56III,CRESTVIEW PLACE,11,11,40.87615556,40.87615556,-74.023175000,-74.023175000,0,No Special Jurisdiction,8,Pedestrian,0,Not a Collision with Motor Vehicle In-Transport,0,No,3,Intersection-Related,3,T-Intersection,0,None,,,1,On Roadway,3,Dark - Lighted,1,Clear,0,No Additional Atmospheric Conditions,1,Clear,0,No,0000000,Not Applicable,19,7:00pm-7:59pm,38,38,19,7:00pm-7:59pm,42,42,20,8:00pm-8:59pm,6,6,0,None,0,None,0,None,1,0
2018,34,340497,New Jersey,1,1,0,0,0,2,2,11,CUMBERLAND (11),420,BRIDGETON,16,16,12,December,2018,1,Sunday,21,9:00pm-9:59pm,14,14,0,This section IS NOT on the NHS,2,Urban,5,Major Collector,2,County Highway Agency,4,County Road,CR-621,,20,20,39.44460833,39.44460833,-75.240277780,-75.240277780,0,No Special Jurisdiction,42,Tree (Standing Only),0,Not a Collision with Motor Vehicle In-Transport,0,No,1,Non-Junction,1,Not an Intersection,0,None,,,5,Outside Trafficway,2,Dark - Not Lighted,2,Rain,0,No Additional Atmospheric Conditions,2,Rain,0,No,0000000,Not Applicable,21,9:00pm-9:59pm,13,13,21,9:00pm-9:59pm,14,14,21,9:00pm-9:59pm,50,50,0,None,0,None,0,None,1,1
2018,34,340498,New Jersey,1,1,0,1,1,1,1,25,MONMOUTH (25),80,ASBURY PARK,22,22,12,December,2018,7,Saturday,19,7:00pm-7:59pm,55,55,0,This section IS NOT on the NHS,2,Urban,4,Minor Arterial,2,County Highway Agency,4,County Road,CR-16 ASBURY AVE,MEMORIAL DR,61,61,40.22062778,40.22062778,-74.013202780,-74.013202780,0,No Special Jurisdiction,8,Pedestrian,0,Not a Collision with Motor Vehicle In-Transport,0,No,3,Intersection-Related,2,Four-Way Intersection,0,None,,,1,On Roadway,3,Dark - Lighted,1,Clear,0,No Additional Atmospheric Conditions,1,Clear,0,No,0000000,Not Applicable,19,7:00pm-7:59pm,56,56,19,7:00pm-7:59pm,57,57,20,8:00pm-8:59pm,7,7,0,None,0,None,0,None,1,1
2018,34,340499,New Jersey,1,1,0,1,1,1,1,13,ESSEX (13),2130,NEWARK,7,7,12,December,2018,6,Friday,13,1:00pm-1:59pm,8,8,0,This section IS NOT on the NHS,2,Urban,7,Local,4,City or Municipal Highway Agency,6,Local Street - Municipality,LINCOLN PARK,CLINTON AVE,0,None,40.72624722,40.72624722,-74.180077780,-74.180077780,0,No Special Jurisdiction,8,Pedestrian,0,Not a Collision with Motor Vehicle In-Transport,0,No,3,Intersection-Related,4,Y-Intersection,0,None,,,1,On Roadway,1,Daylight,1,Clear,0,No Additional Atmospheric Conditions,1,Clear,0,No,0000000,Not Applicable,13,1:00pm-1:59pm,11,11,13,1:00pm-1:59pm,17,17,13,1:00pm-1:59pm,30,30,0,None,0,None,0,None,1,0
2018,34,340500,New Jersey,1,1,0,1,1,1,1,19,HUNTERDON (19),0,NOT APPLICABLE,21,21,12,December,2018,6,Friday,19,7:00pm-7:59pm,45,45,0,This section IS NOT on the NHS,1,Rural,5,Major Collector,2,County Highway Agency,4,County Road,CR-517,,34,34,40.70343333,40.70343333,-74.772427780,-74.772427780,0,No Special Jurisdiction,8,Pedestrian,0,Not a Collision with Motor Vehicle In-Transport,0,No,1,Non-Junction,1,Not an Intersection,0,None,,,1,On Roadway,2,Dark - Not Lighted,5,"Fog, Smog, Smoke",0,No Additional Atmospheric Conditions,5,"Fog, Smog, Smoke",0,No,0000000,Not Applicable,99,Unknown,99,Unknown,99,Unknown EMS Scene Arrival Hour,99,Unknown EMS Scene Arrival Minutes,99,Unknown,99,Unknown EMS Hospital Arrival Time,0,None,0,None,0,None,1,0
2018,34,340501,New Jersey,1,1,0,1,1,1,1,17,HUDSON (17),1520,JERSEY CITY,22,22,12,December,2018,7,Saturday,18,6:00pm-6:59pm,30,30,0,This section IS NOT on the NHS,2,Urban,7,Local,4,City or Municipal Highway Agency,6,Local Street - Municipality,MONMOUTH ST,12TH ST,0,None,40.73084444,40.73084444,-74.048000000,-74.048000000,0,No Special Jurisdiction,8,Pedestrian,0,Not a Collision with Motor Vehicle In-Transport,0,No,98,Not Reported,98,Not Reported,0,None,,,1,On Roadway,3,Dark - Lighted,1,Clear,0,No Additional Atmospheric Conditions,1,Clear,0,No,0000000,Not Applicable,99,Unknown,99,Unknown,99,Unknown EMS Scene Arrival Hour,99,Unknown EMS Scene Arrival Minutes,99,Unknown,99,Unknown EMS Hospital Arrival Time,0,None,0,None,0,None,1,0
2018,34,340502,New Jersey,1,1,0,0,0,1,1,1,ATLANTIC (1),1264,HAMILTON ATLANTIC,25,25,12,December,2018,3,Tuesday,6,6:00am-6:59am,19,19,0,This section IS NOT on the NHS,1,Rural,7,Local,4,City or Municipal Highway Agency,6,Local Street - Municipality,LANDIS AVE,ESTELLE AVE,0,None,39.47195833,39.47195833,-74.843094440,-74.843094440,0,No Special Jurisdiction,24,Guardrail Face,0,Not a Collision with Motor Vehicle In-Transport,0,No,3,Intersection-Related,2,Four-Way Intersection,0,None,,,4,On Roadside,3,Dark - Lighted,1,Clear,0,No Additional Atmospheric Conditions,1,Clear,0,No,0000000,Not Applicable,6,6:00am-6:59am,23,23,6,6:00am-6:59am,25,25,88,Not Applicable (Not Transported),88,Not Applicable (Not Transported),0,None,0,None,0,None,1,0
2018,34,340503,New Jersey,1,1,0,0,0,1,1,11,CUMBERLAND (11),3460,VINELAND,27,27,12,December,2018,5,Thursday,22,10:00pm-10:59pm,27,27,0,This section IS NOT on the NHS,2,Urban,5,Major Collector,4,City or Municipal Highway Agency,6,Local Street - Municipality,NORTH MILL RD,,0,None,39.53279167,39.53279167,-75.058661110,-75.058661110,0,No Special Jurisdiction,1,Rollover/Overturn,0,Not a Collision with Motor Vehicle In-Transport,0,No,1,Non-Junction,1,Not an Intersection,0,None,,,5,Outside Trafficway,3,Dark - Lighted,1,Clear,0,No Additional Atmospheric Conditions,1,Clear,0,No,0000000,Not Applicable,88,Not Applicable (Not Notified),88,Not Applicable (Not Notified),88,Not Applicable,88,Not Applicable,88,Not Applicable (Not Transported),88,Not Applicable (Not Transported),0,None,0,None,0,None,1,0
2018,34,340504,New Jersey,1,1,0,1,1,1,1,25,MONMOUTH (25),0,NOT APPLICABLE,6,6,12,December,2018,5,Thursday,17,5:00pm-5:59pm,41,41,1,This section IS ON the NHS,2,Urban,3,Principal Arterial - Other,2,County Highway Agency,4,County Road,CR-537,,510,510,40.24847222,40.24847222,-74.291938890,-74.291938890,0,No Special Jurisdiction,8,Pedestrian,0,Not a Collision with Motor Vehicle In-Transport,0,No,1,Non-Junction,1,Not an Intersection,0,None,,,1,On Roadway,3,Dark - Lighted,1,Clear,0,No Additional Atmospheric Conditions,1,Clear,0,No,0000000,Not Applicable,99,Unknown,99,Unknown,99,Unknown EMS Scene Arrival Hour,99,Unknown EMS Scene Arrival Minutes,99,Unknown,99,Unknown EMS Hospital Arrival Time,0,None,0,None,0,None,1,0
2018,34,340505,New Jersey,2,2,0,1,1,2,2,3,BERGEN (3),883,ELMWOOD PARK,20,20,12,December,2018,5,Thursday,18,6:00pm-6:59pm,23,23,1,This section IS ON the NHS,2,Urban,3,Principal Arterial - Other,2,County Highway Agency,4,County Road,CR-507 RIVER DR,ROOSEVELT AVE,121,121,40.89215556,40.89215556,-74.127169440,-74.127169440,0,No Special Jurisdiction,8,Pedestrian,0,Not a Collision with Motor Vehicle In-Transport,0,No,3,Intersection-Related,3,T-Intersection,0,None,,,1,On Roadway,2,Dark - Not Lighted,2,Rain,0,No Additional Atmospheric Conditions,2,Rain,0,No,0000000,Not Applicable,99,Unknown,99,Unknown,99,Unknown EMS Scene Arrival Hour,99,Unknown EMS Scene Arrival Minutes,88,Not Applicable (Not Transported),88,Not Applicable (Not Transported),0,None,0,None,0,None,1,0
2018,34,340506,New Jersey,2,2,0,0,0,3,3,21,MERCER (21),1265,HAMILTON TOWNSHIP,27,27,12,December,2018,5,Thursday,17,5:00pm-5:59pm,17,17,0,This section IS NOT on the NHS,2,Urban,7,Local,4,City or Municipal Highway Agency,6,Local Street - Municipality,YOUNGS RD,,0,None,40.26783611,40.26783611,-74.687913890,-74.687913890,0,No Special Jurisdiction,12,Motor Vehicle In-Transport,6,Angle,0,No,1,Non-Junction,1,Not an Intersection,0,None,,,1,On Roadway,2,Dark - Not Lighted,1,Clear,0,No Additional Atmospheric Conditions,1,Clear,0,No,0000000,Not Applicable,17,5:00pm-5:59pm,11,11,17,5:00pm-5:59pm,15,15,17,5:00pm-5:59pm,46,46,0,None,0,None,0,None,1,1
2018,34,340507,New Jersey,2,2,0,0,0,2,2,29,OCEAN (29),1801,MANCHESTER TOWNSHIP,11,11,12,December,2018,3,Tuesday,8,8:00am-8:59am,32,32,0,This section IS NOT on the NHS,2,Urban,4,Minor Arterial,2,County Highway Agency,4,County Road,CR-547,,20,20,40.04299722,40.04299722,-74.298552780,-74.298552780,0,No Special Jurisdiction,12,Motor Vehicle In-Transport,1,Front-to-Rear,0,No,1,Non-Junction,1,Not an Intersection,0,None,,,1,On Roadway,1,Daylight,1,Clear,0,No Additional Atmospheric Conditions,1,Clear,0,No,0000000,Not Applicable,99,Unknown,99,Unknown,99,Unknown EMS Scene Arrival Hour,99,Unknown EMS Scene Arrival Minutes,88,Not Applicable (Not Transported),88,Not Applicable (Not Transported),0,None,0,None,0,None,1,0
2018,34,340508,New Jersey,2,2,0,1,1,2,2,3,BERGEN (3),1060,FORT LEE,19,19,12,December,2018,4,Wednesday,16,4:00pm-4:59pm,54,54,0,This section IS NOT on the NHS,2,Urban,4,Minor Arterial,2,County Highway Agency,4,County Road,CR-56III,JONES RD,39,39,40.85683611,40.85683611,-73.979275000,-73.979275000,0,No Special Jurisdiction,8,Pedestrian,0,Not a Collision with Motor Vehicle In-Transport,0,No,3,Intersection-Related,3,T-Intersection,0,None,,,1,On Roadway,3,Dark - Lighted,1,Clear,0,No Additional Atmospheric Conditions,1,Clear,0,No,0000000,Not Applicable,16,4:00pm-4:59pm,55,55,16,4:00pm-4:59pm,58,58,17,5:00pm-5:59pm,27,27,0,None,0,None,0,None,1,0