caseyear,state,st_case,statename,ve_total,ve_forms,pvh_invl,peds,pernotmvit,permvit,persons,county,countyname,city,cityname,day,dayname,month,monthname,year,day_week,day_weekname,hour,hourname,minute,minutename,nhs,nhsname,rur_urb,rur_urbname,func_sys,func_sysname,rd_owner,rd_ownername,route,routename,tway_id,tway_id2,milept,mileptname,latitude,latitudename,longitud,longitudname,sp_jur,sp_jurname,harm_ev,harm_evname,man_coll,man_collname,reljct1,reljct1name,reljct2,reljct2name,typ_int,typ_intname,wrk_zone,wrk_zonename,road_fnc,road_fncname,rel_road,rel_roadname,lgt_cond,lgt_condname,weather1,weather1name,weather2,weather2name,weather,weathername,sch_bus,sch_busname,rail,railname,not_hour,not_hourname,not_min,not_minname,arr_hour,arr_hourname,arr_min,arr_minname,hosp_hr,hosp_hrname,hosp_mn,hosp_mnname,cf1,cf1name,cf2,cf2name,cf3,cf3name,fatals,drunk_dr
2018,34,340509,New Jersey,1,1,0,1,1,1,1,5,BURLINGTON (5),2080,MT HOLLY,20,20,12,December,2018,5,Thursday,16,4:00pm-4:59pm,57,57,0,This section IS NOT on the NHS,2,Urban,4,Minor Arterial,2,County Highway Agency,4,County Road,CR-537,,191,191,39.99507500,39.99507500,-74.782375000,-74.782375000,0,No Special Jurisdiction,8,Pedestrian,0,Not a Collision with Motor Vehicle In-Transport,0,No,1,Non-Junction,1,Not an Intersection,0,None,,,1,On Roadway,3,Dark - Lighted,2,Rain,0,No Additional Atmospheric Conditions,2,Rain,0,No,0000000,Not Applicable,16,4:00pm-4:59pm,59,59,17,5:00pm-5:59pm,3,3,18,6:00pm-6:59pm,13,13,0,None,0,None,0,None,1,0
2018,34,340510,New Jersey,1,1,0,1,1,1,1,21,MERCER (21),935,EWING TOWNSHIP,20,20,12,December,2018,5,Thursday,18,6:00pm-6:59pm,7,7,0,This section IS NOT on the NHS,2,Urban,4,Minor Arterial,2,County Highway Agency,4,County Road,CR-627 PROSPECT ST,,2,2,40.24069444,40.24069444,-74.768452780,-74.768452780,0,No Special Jurisdiction,8,Pedestrian,0,Not a Collision with Motor Vehicle In-Transport,0,No,1,Non-Junction,1,Not an Intersection,0,None,,,1,On Roadway,3,Dark - Lighted,2,Rain,0,No Additional Atmospheric Conditions,2,Rain,0,No,0000000,Not Applicable,18,6:00pm-6:59pm,9,9,18,6:00pm-6:59pm,15,15,18,6:00pm-6:59pm,30,30,0,None,0,None,0,None,1,0
2018,34,340511,New Jersey,1,1,0,1,1,1,1,1,ATLANTIC (1),2640,PLEASANTVILLE,28,28,12,December,2018,6,Friday,6,6:00am-6:59am,28,28,1,This section IS ON the NHS,2,Urban,3,Principal Arterial - Other,1,State Highway Agency,2,U.S. Highway,US-40,CR-585,595,595,39.39005278,39.39005278,-74.524161110,-74.524161110,0,No Special Jurisdiction,8,Pedestrian,0,Not a Collision with Motor Vehicle In-Transport,0,No,3,Intersection-Related,2,Four-Way Intersection,0,None,,,1,On Roadway,3,Dark - Lighted,2,Rain,0,No Additional Atmospheric Conditions,2,Rain,0,No,0000000,Not Applicable,6,6:00am-6:59am,24,24,6,6:00am-6:59am,27,27,6,6:00am-6:59am,54,54,0,None,0,None,0,None,1,0
2018,34,340512,New Jersey,1,1,0,1,1,2,2,15,GLOUCESTER (15),0,NOT APPLICABLE,13,13,12,December,2018,5,Thursday,11,11:00am-11:59am,54,54,0,This section IS NOT on the NHS,2,Urban,4,Minor Arterial,2,County Highway Agency,4,County Road,CR-655,,92,92,39.73596667,39.73596667,-75.047911110,-75.047911110,0,No Special Jurisdiction,8,Pedestrian,0,Not a Collision with Motor Vehicle In-Transport,0,No,1,Non-Junction,1,Not an Intersection,0,None,,,1,On Roadway,1,Daylight,1,Clear,0,No Additional Atmospheric Conditions,1,Clear,0,No,0000000,Not Applicable,11,11:00am-11:59am,56,56,11,11:00am-11:59am,59,59,88,Not Applicable (Not Transported),88,Not Applicable (Not Transported),0,None,0,None,0,None,1,0
2018,34,340513,New Jersey,1,1,0,1,1,1,1,15,GLOUCESTER (15),1082,FRANKLINVILLE,1,1,12,December,2018,7,Saturday,8,8:00am-8:59am,14,14,0,This section IS NOT on the NHS,1,Rural,4,Minor Arterial,1,State Highway Agency,3,State Highway,SR-47,,575,575,39.63251667,39.63251667,-75.084875000,-75.084875000,0,No Special Jurisdiction,9,Pedalcyclist,0,Not a Collision with Motor Vehicle In-Transport,0,No,1,Non-Junction,1,Not an Intersection,0,None,,,98,Not Reported,1,Daylight,1,Clear,0,No Additional Atmospheric Conditions,1,Clear,0,No,0000000,Not Applicable,8,8:00am-8:59am,16,16,8,8:00am-8:59am,18,18,88,Not Applicable (Not Transported),88,Not Applicable (Not Transported),0,None,0,None,0,None,1,0
2018,34,340514,New Jersey,2,1,1,0,0,1,1,37,SUSSEX (37),3448,VERNON,12,12,12,December,2018,4,Wednesday,19,7:00pm-7:59pm,12,12,0,This section IS NOT on the NHS,1,Rural,7,Local,4,City or Municipal Highway Agency,6,Local Street - Municipality,WEST SHORE DR,,0,None,41.17938889,41.17938889,-74.555027780,-74.555027780,0,No Special Jurisdiction,14,Parked Motor Vehicle,0,Not a Collision with Motor Vehicle In-Transport,0,No,1,Non-Junction,1,Not an Intersection,0,None,,,4,On Roadside,2,Dark - Not Lighted,1,Clear,0,No Additional Atmospheric Conditions,1,Clear,0,No,0000000,Not Applicable,19,7:00pm-7:59pm,15,15,19,7:00pm-7:59pm,28,28,19,7:00pm-7:59pm,57,57,0,None,0,None,0,None,1,1
2018,34,340515,New Jersey,1,1,0,0,0,1,1,27,MORRIS (27),2498,PARSIPPANY,26,26,12,December,2018,4,Wednesday,9,9:00am-9:59am,0,0,0,This section IS NOT on the NHS,2,Urban,4,Minor Arterial,2,County Highway Agency,4,County Road,CR-637,,16,16,40.83843333,40.83843333,-74.390016670,-74.390016670,0,No Special Jurisdiction,24,Guardrail Face,0,Not a Collision with Motor Vehicle In-Transport,0,No,1,Non-Junction,1,Not an Intersection,0,None,,,4,On Roadside,1,Daylight,1,Clear,0,No Additional Atmospheric Conditions,1,Clear,0,No,0000000,Not Applicable,9,9:00am-9:59am,14,14,9,9:00am-9:59am,18,18,9,9:00am-9:59am,40,40,0,None,0,None,0,None,1,0
2018,34,340516,New Jersey,2,2,0,1,1,1,1,3,BERGEN (3),1795,MAHWAH,18,18,12,December,2018,3,Tuesday,23,11:00pm-11:59pm,30,30,1,This section IS ON the NHS,2,Urban,1,Interstate,1,State Highway Agency,1,Interstate,I-287,,671,671,41.10746667,41.10746667,-74.166138890,-74.166138890,0,No Special Jurisdiction,12,Motor Vehicle In-Transport,2,Front-to-Front,0,No,1,Non-Junction,1,Not an Intersection,0,None,,,1,On Roadway,3,Dark - Lighted,1,Clear,0,No Additional Atmospheric Conditions,1,Clear,0,No,0000000,Not Applicable,99,Unknown,99,Unknown,99,Unknown EMS Scene Arrival Hour,99,Unknown EMS Scene Arrival Minutes,88,Not Applicable (Not Transported),88,Not Applicable (Not Transported),19,Recent/Previous Crash scene Nearby,0,None,0,None,1,0
2018,34,340517,New Jersey,2,2,0,0,0,2,2,21,MERCER (21),1650,LAWRENCEVILLE,26,26,12,December,2018,4,Wednesday,22,10:00pm-10:59pm,55,55,1,This section IS ON the NHS,2,Urban,1,Interstate,1,State Highway Agency,1,Interstate,I-295,,666,666,40.27104444,40.27104444,-74.691105560,-74.691105560,0,No Special Jurisdiction,12,Motor Vehicle In-Transport,1,Front-to-Rear,0,No,1,Non-Junction,1,Not an Intersection,0,None,,,1,On Roadway,2,Dark - Not Lighted,1,Clear,0,No Additional Atmospheric Conditions,1,Clear,0,No,0000000,Not Applicable,23,11:00pm-11:59pm,2,2,23,11:00pm-11:59pm,8,8,23,11:00pm-11:59pm,48,48,0,None,0,None,0,None,1,0
2018,34,340518,New Jersey,2,1,1,0,1,1,2,23,MIDDLESEX (23),844,EDISON,2,2,12,December,2018,1,Sunday,22,10:00pm-10:59pm,40,40,1,This section IS ON the NHS,2,Urban,1,Interstate,1,State Highway Agency,1,Interstate,I-287,,6,6,40.52913611,40.52913611,-74.348588890,-74.348588890,0,No Special Jurisdiction,14,Parked Motor Vehicle,0,Not a Collision with Motor Vehicle In-Transport,0,No,1,Non-Junction,1,Not an Intersection,0,None,,,2,On Shoulder,3,Dark - Lighted,2,Rain,0,No Additional Atmospheric Conditions,2,Rain,0,No,0000000,Not Applicable,22,10:00pm-10:59pm,59,59,23,11:00pm-11:59pm,3,3,88,Not Applicable (Not Transported),88,Not Applicable (Not Transported),0,None,0,None,0,None,1,1
2018,34,340519,New Jersey,1,1,0,0,0,3,3,5,BURLINGTON (5),0,NOT APPLICABLE,22,22,12,December,2018,7,Saturday,3,3:00am-3:59am,2,2,0,This section IS NOT on the NHS,1,Rural,5,Major Collector,2,County Highway Agency,4,County Road,CR-563,,430,430,39.86075833,39.86075833,-74.547772220,-74.547772220,0,No Special Jurisdiction,1,Rollover/Overturn,0,Not a Collision with Motor Vehicle In-Transport,0,No,1,Non-Junction,1,Not an Intersection,0,None,,,5,Outside Trafficway,2,Dark - Not Lighted,1,Clear,0,No Additional Atmospheric Conditions,1,Clear,0,No,0000000,Not Applicable,3,3:00am-3:59am,1,1,3,3:00am-3:59am,22,22,4,4:00am-4:59am,53,53,0,None,0,None,0,None,1,1
2018,34,340520,New Jersey,1,1,0,0,0,1,1,35,SOMERSET (35),0,NOT APPLICABLE,27,27,12,December,2018,5,Thursday,0,0:00am-0:59am,5,5,1,This section IS ON the NHS,2,Urban,1,Interstate,1,State Highway Agency,1,Interstate,I-78,,336,336,40.64614167,40.64614167,-74.591952780,-74.591952780,0,No Special Jurisdiction,24,Guardrail Face,0,Not a Collision with Motor Vehicle In-Transport,0,No,1,Non-Junction,1,Not an Intersection,0,None,,,3,On Median,2,Dark - Not Lighted,1,Clear,0,No Additional Atmospheric Conditions,1,Clear,0,No,0000000,Not Applicable,0,0:00am-0:59am,7,7,0,0:00am-0:59am,26,26,88,Not Applicable (Not Transported),88,Not Applicable (Not Transported),0,None,0,None,0,None,1,1
2018,34,340521,New Jersey,2,2,0,0,0,5,5,29,OCEAN (29),3360,TOMS RIVER,26,26,12,December,2018,4,Wednesday,2,2:00am-2:59am,50,50,1,This section IS ON the NHS,2,Urban,2,Principal Arterial - Other Freeways and Expressways,31,State Toll Road,8,Other,GSP-444,,815,815,39.94943056,39.94943056,-74.207708330,-74.207708330,0,No Special Jurisdiction,12,Motor Vehicle In-Transport,1,Front-to-Rear,0,No,1,Non-Junction,1,Not an Intersection,0,None,,,1,On Roadway,2,Dark - Not Lighted,1,Clear,0,No Additional Atmospheric Conditions,1,Clear,0,No,0000000,Not Applicable,2,2:00am-2:59am,52,52,3,3:00am-3:59am,22,22,3,3:00am-3:59am,29,29,0,None,0,None,0,None,4,1
2018,34,340522,New Jersey,3,3,0,0,0,4,4,17,HUDSON (17),1540,KEARNY,13,13,12,December,2018,5,Thursday,18,6:00pm-6:59pm,5,5,1,This section IS ON the NHS,2,Urban,1,Interstate,1,State Highway Agency,1,Interstate,I-280,,154,154,40.74500556,40.74500556,-74.136216670,-74.136216670,0,No Special Jurisdiction,12,Motor Vehicle In-Transport,1,Front-to-Rear,0,No,1,Non-Junction,1,Not an Intersection,0,None,,,1,On Roadway,5,Dusk,1,Clear,0,No Additional Atmospheric Conditions,1,Clear,0,No,0000000,Not Applicable,18,6:00pm-6:59pm,10,10,18,6:00pm-6:59pm,18,18,19,7:00pm-7:59pm,2,2,0,None,0,None,0,None,1,0
2018,34,340523,New Jersey,2,2,0,0,0,2,2,7,CAMDEN (7),520,CAMDEN,7,7,12,December,2018,6,Friday,2,2:00am-2:59am,56,56,1,This section IS ON the NHS,2,Urban,1,Interstate,1,State Highway Agency,1,Interstate,I-676,,8,8,39.90638889,39.90638889,-75.114041670,-75.114041670,0,No Special Jurisdiction,12,Motor Vehicle In-Transport,1,Front-to-Rear,0,No,1,Non-Junction,1,Not an Intersection,1,Construction,,,1,On Roadway,3,Dark - Lighted,1,Clear,0,No Additional Atmospheric Conditions,1,Clear,0,No,0000000,Not Applicable,2,2:00am-2:59am,57,57,3,3:00am-3:59am,3,3,88,Not Applicable (Not Transported),88,Not Applicable (Not Transported),0,None,0,None,0,None,1,1
2018,34,340524,New Jersey,2,2,0,0,0,4,4,7,CAMDEN (7),598,CHERRY HILL,17,17,12,December,2018,2,Monday,0,0:00am-0:59am,2,2,1,This section IS ON the NHS,2,Urban,1,Interstate,1,State Highway Agency,1,Interstate,I-295,,350,350,39.91329167,39.91329167,-74.982127780,-74.982127780,0,No Special Jurisdiction,12,Motor Vehicle In-Transport,1,Front-to-Rear,0,No,1,Non-Junction,1,Not an Intersection,0,None,,,1,On Roadway,2,Dark - Not Lighted,2,Rain,0,No Additional Atmospheric Conditions,2,Rain,0,No,0000000,Not Applicable,0,0:00am-0:59am,11,11,0,0:00am-0:59am,30,30,99,Unknown,99,Unknown EMS Hospital Arrival Time,0,None,0,None,0,None,1,1
2018,34,340525,New Jersey,1,1,0,1,1,1,1,13,ESSEX (13),2130,NEWARK,1,1,10,October,2018,2,Monday,21,9:00pm-9:59pm,12,12,1,This section IS ON the NHS,2,Urban,3,Principal Arterial - Other,4,City or Municipal Highway Agency,6,Local Street - Municipality,RAYMOND BLVD,RAYMOND PLAZA EAST,0,None,40.73464444,40.73464444,-74.162727780,-74.162727780,0,No Special Jurisdiction,8,Pedestrian,0,Not a Collision with Motor Vehicle In-Transport,0,No,3,Intersection-Related,2,Four-Way Intersection,0,None,,,1,On Roadway,3,Dark - Lighted,1,Clear,0,No Additional Atmospheric Conditions,1,Clear,0,No,0000000,Not Applicable,99,Unknown,99,Unknown,99,Unknown EMS Scene Arrival Hour,99,Unknown EMS Scene Arrival Minutes,99,Unknown,99,Unknown EMS Hospital Arrival Time,0,None,0,None,0,None,1,0
2018,34,340526,New Jersey,2,2,0,1,1,2,2,39,UNION (39),1700,LINDEN,10,10,12,December,2018,2,Monday,17,5:00pm-5:59pm,13,13,0,This section IS NOT on the NHS,2,Urban,4,Minor Arterial,2,County Highway Agency,4,County Road,CR-514 ELIZABETH AVE,N WOOD AVE,407,407,40.63075000,40.63075000,-74.252247220,-74.252247220,0,No Special Jurisdiction,8,Pedestrian,0,Not a Collision with Motor Vehicle In-Transport,0,No,3,Intersection-Related,2,Four-Way Intersection,0,None,,,1,On Roadway,3,Dark - Lighted,1,Clear,0,No Additional Atmospheric Conditions,1,Clear,0,No,0000000,Not Applicable,17,5:00pm-5:59pm,16,16,17,5:00pm-5:59pm,18,18,17,5:00pm-5:59pm,58,58,0,None,0,None,0,None,1,0
2018,34,340527,New Jersey,2,2,0,0,0,2,2,9,CAPE MAY (9),0,NOT APPLICABLE,6,6,11,November,2018,3,Tuesday,11,11:00am-11:59am,51,51,0,This section IS NOT on the NHS,2,Urban,4,Minor Arterial,1,State Highway Agency,2,U.S. Highway,US-9,,162,162,39.12398333,39.12398333,-74.788972220,-74.788972220,0,No Special Jurisdiction,12,Motor Vehicle In-Transport,6,Angle,0,No,1,Non-Junction,1,Not an Intersection,0,None,,,1,On Roadway,1,Daylight,1,Clear,0,No Additional Atmospheric Conditions,1,Clear,0,No,0000000,Not Applicable,11,11:00am-11:59am,51,51,11,11:00am-11:59am,57,57,12,12:00pm-12:59pm,20,20,0,None,0,None,0,None,1,0
2018,34,340528,New Jersey,1,1,0,1,1,1,1,13,ESSEX (13),500,CALDWELL,6,6,9,September,2018,5,Thursday,19,7:00pm-7:59pm,1,1,0,This section IS NOT on the NHS,2,Urban,4,Minor Arterial,2,County Highway Agency,4,County Road,CR-527 ROSELAND AVE,,807,807,40.83847778,40.83847778,-74.275461110,-74.275461110,0,No Special Jurisdiction,8,Pedestrian,0,Not a Collision with Motor Vehicle In-Transport,0,No,1,Non-Junction,1,Not an Intersection,0,None,,,1,On Roadway,1,Daylight,10,Cloudy,0,No Additional Atmospheric Conditions,10,Cloudy,0,No,0000000,Not Applicable,19,7:00pm-7:59pm,1,1,19,7:00pm-7:59pm,16,16,19,7:00pm-7:59pm,44,44,0,None,0,None,0,None,1,0
2018,34,340529,New Jersey,2,2,0,0,0,3,3,1,ATLANTIC (1),0,NOT APPLICABLE,31,31,7,July,2018,3,Tuesday,16,4:00pm-4:59pm,40,40,1,This section IS ON the NHS,2,Urban,3,Principal Arterial - Other,1,State Highway Agency,2,U.S. Highway,US-30,DARMSTADT AVE,398,398,39.54272778,39.54272778,-74.667380560,-74.667380560,0,No Special Jurisdiction,12,Motor Vehicle In-Transport,6,Angle,0,No,2,Intersection,2,Four-Way Intersection,0,None,,,1,On Roadway,1,Daylight,1,Clear,0,No Additional Atmospheric Conditions,1,Clear,0,No,0000000,Not Applicable,16,4:00pm-4:59pm,37,37,16,4:00pm-4:59pm,47,47,17,5:00pm-5:59pm,27,27,0,None,0,None,0,None,1,0
2018,34,340530,New Jersey,2,2,0,0,0,3,3,17,HUDSON (17),2205,NORTH BERGEN,20,20,9,September,2018,5,Thursday,21,9:00pm-9:59pm,33,33,0,This section IS NOT on the NHS,2,Urban,5,Major Collector,4,City or Municipal Highway Agency,6,Local Street - Municipality,WESTSIDE AVE,,0,None,40.78816111,40.78816111,-74.035638890,-74.035638890,0,No Special Jurisdiction,12,Motor Vehicle In-Transport,6,Angle,0,No,8,Driveway Access Related,1,Not an Intersection,0,None,,,1,On Roadway,3,Dark - Lighted,1,Clear,0,No Additional Atmospheric Conditions,1,Clear,0,No,0000000,Not Applicable,21,9:00pm-9:59pm,39,39,21,9:00pm-9:59pm,57,57,22,10:00pm-10:59pm,30,30,0,None,0,None,0,None,1,0
2018,34,340531,New Jersey,1,1,0,1,1,1,1,17,HUDSON (17),190,BAYONNE,7,7,11,November,2018,4,Wednesday,21,9:00pm-9:59pm,51,51,1,This section IS ON the NHS,2,Urban,3,Principal Arterial - Other,1,State Highway Agency,3,State Highway,SR-440,,205,205,40.66217222,40.66217222,-74.108013890,-74.108013890,0,No Special Jurisdiction,8,Pedestrian,0,Not a Collision with Motor Vehicle In-Transport,0,No,1,Non-Junction,1,Not an Intersection,0,None,,,1,On Roadway,3,Dark - Lighted,1,Clear,0,No Additional Atmospheric Conditions,1,Clear,0,No,0000000,Not Applicable,21,9:00pm-9:59pm,54,54,21,9:00pm-9:59pm,56,56,88,Not Applicable (Not Transported),88,Not Applicable (Not Transported),0,None,0,None,0,None,1,0
2019,34,340001,New Jersey,1,1,0,1,1,1,1,11,CUMBERLAND (11),3460,VINELAND,26,26,1,January,2019,7,Saturday,6,6:00am-6:59am,11,11,0,This section IS NOT on the NHS,2,Urban,4,Minor Arterial,4,City or Municipal Highway Agency,3,State Highway,SR-56,,93,93,39.48695833,39.48695833,-75.042388890,-75.042388890,0,No Special Jurisdiction,8,Pedestrian,0,The First Harmful Event was Not a Collision with a Motor Vehicle in Transport,0,No,1,Non-Junction,1,Not an Intersection,0,None,,,1,On Roadway,2,Dark - Not Lighted,1,Clear,0,No Additional Atmospheric Conditions,1,Clear,0,No,0000000,Not Applicable,6,6:00am-6:59am,12,12,6,6:00am-6:59am,16,16,88,Not Applicable (Not Transported),88,Not Applicable (Not Transported),0,None,0,None,0,None,1,0
2019,34,340002,New Jersey,2,2,0,1,1,3,3,11,CUMBERLAND (11),3460,VINELAND,18,18,1,January,2019,6,Friday,18,6:00pm-6:59pm,47,47,0,This section IS NOT on the NHS,2,Urban,4,Minor Arterial,1,State Highway Agency,3,State Highway,SR-47,CHIMES TERR,458,458,39.47714167,39.47714167,-75.043805560,-75.043805560,0,No Special Jurisdiction,8,Pedestrian,0,The First Harmful Event was Not a Collision with a Motor Vehicle in Transport,0,No,3,Intersection-Related,3,T-Intersection,0,None,,,1,On Roadway,3,Dark - Lighted,10,Cloudy,0,No Additional Atmospheric Conditions,10,Cloudy,0,No,0000000,Not Applicable,18,6:00pm-6:59pm,49,49,18,6:00pm-6:59pm,53,53,88,Not Applicable (Not Transported),88,Not Applicable (Not Transported),0,None,0,None,0,None,1,1
2019,34,340003,New Jersey,3,3,0,0,0,5,5,25,MONMOUTH (25),1090,FREEHOLD,16,16,1,January,2019,4,Wednesday,12,12:00pm-12:59pm,57,57,1,This section IS ON the NHS,2,Urban,3,Principal Arterial - Other,1,State Highway Agency,2,U.S. Highway,US-9,EAST FREEHOLD RD,1163,1163,40.28705833,40.28705833,-74.294855560,-74.294855560,0,No Special Jurisdiction,12,Motor Vehicle In-Transport,6,Angle,0,No,2,Intersection,2,Four-Way Intersection,0,None,,,1,On Roadway,1,Daylight,1,Clear,0,No Additional Atmospheric Conditions,1,Clear,0,No,0000000,Not Applicable,99,Unknown,99,Unknown,99,Unknown EMS Scene Arrival Hour,99,Unknown EMS Scene Arrival Minutes,99,Unknown,99,Unknown EMS Hospital Arrival Time,0,None,0,None,0,None,2,1
2019,34,340004,New Jersey,2,2,0,0,0,3,3,19,HUNTERDON (19),0,NOT APPLICABLE,31,31,1,January,2019,5,Thursday,10,10:00am-10:59am,39,39,1,This section IS ON the NHS,2,Urban,3,Principal Arterial - Other,1,State Highway Agency,3,State Highway,SR-31,,366,366,40.68611667,40.68611667,-74.932350000,-74.932350000,0,No Special Jurisdiction,12,Motor Vehicle In-Transport,2,Front-to-Front,0,No,1,Non-Junction,1,Not an Intersection,0,None,,,1,On Roadway,1,Daylight,1,Clear,0,No Additional Atmospheric Conditions,1,Clear,0,No,0000000,Not Applicable,10,10:00am-10:59am,40,40,10,10:00am-10:59am,47,47,12,12:00pm-12:59pm,0,0,0,None,0,None,0,None,1,0
2019,34,340005,New Jersey,2,2,0,0,0,3,3,21,MERCER (21),3633,WEST WINDSOR,7,7,1,January,2019,2,Monday,21,9:00pm-9:59pm,30,30,1,This section IS ON the NHS,2,Urban,3,Principal Arterial - Other,1,State Highway Agency,2,U.S. Highway,US-1,,93,93,40.31073889,40.31073889,-74.663077780,-74.663077780,0,No Special Jurisdiction,25,Concrete Traffic Barrier,0,The First Harmful Event was Not a Collision with a Motor Vehicle in Transport,0,No,1,Non-Junction,1,Not an Intersection,0,None,,,3,On Median,3,Dark - Lighted,1,Clear,0,No Additional Atmospheric Conditions,1,Clear,0,No,0000000,Not Applicable,21,9:00pm-9:59pm,37,37,21,9:00pm-9:59pm,43,43,88,Not Applicable (Not Transported),88,Not Applicable (Not Transported),0,None,0,None,0,None,1,0
2019,34,340006,New Jersey,1,1,0,0,0,1,1,29,OCEAN (29),0,NOT APPLICABLE,1,1,1,January,2019,3,Tuesday,4,4:00am-4:59am,16,16,1,This section IS ON the NHS,2,Urban,2,Principal Arterial - Other Freeways and Expressways,31,State Toll Road,8,Other,GSP-444,,706,706,39.79683056,39.79683056,-74.234213890,-74.234213890,0,No Special Jurisdiction,30,Utility Pole/Light Support,0,The First Harmful Event was Not a Collision with a Motor Vehicle in Transport,0,No,1,Non-Junction,1,Not an Intersection,0,None,,,4,On Roadside,3,Dark - Lighted,1,Clear,0,No Additional Atmospheric Conditions,1,Clear,0,No,0000000,Not Applicable,4,4:00am-4:59am,44,44,4,4:00am-4:59am,51,51,88,Not Applicable (Not Transported),88,Not Applicable (Not Transported),0,None,0,None,0,None,1,1
2019,34,340007,New Jersey,1,1,0,1,1,1,1,23,MIDDLESEX (23),2140,NEW BRUNSWICK,8,8,1,January,2019,3,Tuesday,12,12:00pm-12:59pm,1,1,0,This section IS NOT on the NHS,2,Urban,4,Minor Arterial,1,State Highway Agency,3,State Highway,SR-171,SUYDAM ST,20,20,40.48941389,40.48941389,-74.448116670,-74.448116670,0,No Special Jurisdiction,8,Pedestrian,0,The First Harmful Event was Not a Collision with a Motor Vehicle in Transport,0,No,3,Intersection-Related,2,Four-Way Intersection,0,None,,,1,On Roadway,1,Daylight,1,Clear,0,No Additional Atmospheric Conditions,1,Clear,0,No,0000000,Not Applicable,12,12:00pm-12:59pm,2,2,12,12:00pm-12:59pm,9,9,88,Not Applicable (Not Transported),88,Not Applicable (Not Transported),0,None,0,None,0,None,1,0
2019,34,340008,New Jersey,2,1,1,0,0,2,2,13,ESSEX (13),2130,NEWARK,25,25,1,January,2019,6,Friday,5,5:00am-5:59am,23,23,0,This section IS NOT on the NHS,2,Urban,4,Minor Arterial,4,City or Municipal Highway Agency,6,Local Street - Municipality,BERGEN ST,MADISON AVE,0,None,40.72325278,40.72325278,-74.199366670,-74.199366670,0,No Special Jurisdiction,33,Curb,0,The First Harmful Event was Not a Collision with a Motor Vehicle in Transport,0,No,3,Intersection-Related,2,Four-Way Intersection,0,None,,,4,On Roadside,3,Dark - Lighted,1,Clear,0,No Additional Atmospheric Conditions,1,Clear,0,No,0000000,Not Applicable,5,5:00am-5:59am,25,25,5,5:00am-5:59am,31,31,88,Not Applicable (Not Transported),88,Not Applicable (Not Transported),0,None,0,None,0,None,2,0
2019,34,340009,New Jersey,1,1,0,1,1,1,1,13,ESSEX (13),320,BLOOMFIELD,11,11,1,January,2019,6,Friday,8,8:00am-8:59am,30,30,0,This section IS NOT on the NHS,2,Urban,4,Minor Arterial,2,County Highway Agency,4,County Road,CR-509,JAMES ST,167,167,40.80624444,40.80624444,-74.192830560,-74.192830560,0,No Special Jurisdiction,8,Pedestrian,0,The First Harmful Event was Not a Collision with a Motor Vehicle in Transport,0,No,3,Intersection-Related,2,Four-Way Intersection,0,None,,,1,On Roadway,1,Daylight,1,Clear,0,No Additional Atmospheric Conditions,1,Clear,0,No,0000000,Not Applicable,8,8:00am-8:59am,34,34,8,8:00am-8:59am,40,40,9,9:00am-9:59am,11,11,0,None,0,None,0,None,1,0
2019,34,340010,New Jersey,1,1,0,0,0,1,1,17,HUDSON (17),1540,KEARNY,12,12,1,January,2019,7,Saturday,22,10:00pm-10:59pm,55,55,1,This section IS ON the NHS,2,Urban,1,Interstate,1,State Highway Agency,1,Interstate,I-280,,165,165,40.74932222,40.74932222,-74.126550000,-74.126550000,0,No Special Jurisdiction,42,Tree (Standing Only),0,The First Harmful Event was Not a Collision with a Motor Vehicle in Transport,1,Yes,5,Entrance/Exit Ramp Related,1,Not an Intersection,0,None,,,5,Outside Trafficway,9,Reported as Unknown,1,Clear,0,No Additional Atmospheric Conditions,1,Clear,0,No,0000000,Not Applicable,22,10:00pm-10:59pm,56,56,23,11:00pm-11:59pm,23,23,88,Not Applicable (Not Transported),88,Not Applicable (Not Transported),0,None,0,None,0,None,1,1
2019,34,340011,New Jersey,3,1,2,1,1,3,3,37,SUSSEX (37),0,NOT APPLICABLE,5,5,1,January,2019,7,Saturday,13,1:00pm-1:59pm,27,27,1,This section IS ON the NHS,1,Rural,1,Interstate,1,State Highway Agency,1,Interstate,I-80,,228,228,40.91589444,40.91589444,-74.767069440,-74.767069440,0,No Special Jurisdiction,8,Pedestrian,0,The First Harmful Event was Not a Collision with a Motor Vehicle in Transport,0,No,1,Non-Junction,1,Not an Intersection,0,None,,,2,On Shoulder,1,Daylight,2,Rain,0,No Additional Atmospheric Conditions,2,Rain,0,No,0000000,Not Applicable,13,1:00pm-1:59pm,28,28,13,1:00pm-1:59pm,41,41,14,2:00pm-2:59pm,7,7,19,Recent/Previous Crash scene Nearby,0,None,0,None,1,0