caseyear,state,st_case,statename,ve_total,ve_forms,pvh_invl,peds,pernotmvit,permvit,persons,county,countyname,city,cityname,day,dayname,month,monthname,year,day_week,day_weekname,hour,hourname,minute,minutename,nhs,nhsname,rur_urb,rur_urbname,func_sys,func_sysname,rd_owner,rd_ownername,route,routename,tway_id,tway_id2,milept,mileptname,latitude,latitudename,longitud,longitudname,sp_jur,sp_jurname,harm_ev,harm_evname,man_coll,man_collname,reljct1,reljct1name,reljct2,reljct2name,typ_int,typ_intname,wrk_zone,wrk_zonename,road_fnc,road_fncname,rel_road,rel_roadname,lgt_cond,lgt_condname,weather1,weather1name,weather2,weather2name,weather,weathername,sch_bus,sch_busname,rail,railname,not_hour,not_hourname,not_min,not_minname,arr_hour,arr_hourname,arr_min,arr_minname,hosp_hr,hosp_hrname,hosp_mn,hosp_mnname,cf1,cf1name,cf2,cf2name,cf3,cf3name,fatals,drunk_dr
2019,34,340045,New Jersey,1,1,0,0,0,1,1,9,CAPE MAY (9),0,NOT APPLICABLE,12,12,1,January,2019,7,Saturday,23,11:00pm-11:59pm,53,53,0,This section IS NOT on the NHS,2,Urban,5,Major Collector,2,County Highway Agency,4,County Road,CR-639,,17,17,38.99573056,38.99573056,-74.927955560,-74.927955560,0,No Special Jurisdiction,42,Tree (Standing Only),0,The First Harmful Event was Not a Collision with a Motor Vehicle in Transport,0,No,1,Non-Junction,1,Not an Intersection,0,None,,,5,Outside Trafficway,2,Dark - Not Lighted,4,Snow,0,No Additional Atmospheric Conditions,4,Snow,0,No,0000000,Not Applicable,0,0:00am-0:59am,0,0,0,0:00am-0:59am,10,10,0,0:00am-0:59am,36,36,0,None,0,None,0,None,1,0
2019,34,340046,New Jersey,3,3,0,0,0,4,4,27,MORRIS (27),0,NOT APPLICABLE,14,14,1,January,2019,2,Monday,21,9:00pm-9:59pm,17,17,0,This section IS NOT on the NHS,2,Urban,4,Minor Arterial,2,County Highway Agency,4,County Road,CR-513,,563,563,41.04025278,41.04025278,-74.449258330,-74.449258330,0,No Special Jurisdiction,12,Motor Vehicle In-Transport,2,Front-to-Front,0,No,1,Non-Junction,1,Not an Intersection,0,None,,,1,On Roadway,2,Dark - Not Lighted,1,Clear,0,No Additional Atmospheric Conditions,1,Clear,0,No,0000000,Not Applicable,21,9:00pm-9:59pm,21,21,21,9:00pm-9:59pm,43,43,22,10:00pm-10:59pm,38,38,0,None,0,None,0,None,1,0
2019,34,340047,New Jersey,1,1,0,1,1,1,1,25,MONMOUTH (25),3220,SPRING LAKE HEIGHTS,19,19,1,January,2019,7,Saturday,17,5:00pm-5:59pm,22,22,1,This section IS ON the NHS,2,Urban,3,Principal Arterial - Other,1,State Highway Agency,3,State Highway,SR-71,WALL RD,40,40,40.16247778,40.16247778,-74.034622220,-74.034622220,0,No Special Jurisdiction,8,Pedestrian,0,The First Harmful Event was Not a Collision with a Motor Vehicle in Transport,0,No,3,Intersection-Related,2,Four-Way Intersection,0,None,,,1,On Roadway,3,Dark - Lighted,2,Rain,0,No Additional Atmospheric Conditions,2,Rain,0,No,0000000,Not Applicable,99,Unknown,99,Unknown,99,Unknown EMS Scene Arrival Hour,99,Unknown EMS Scene Arrival Minutes,99,Unknown,99,Unknown EMS Hospital Arrival Time,0,None,0,None,0,None,1,0
2019,34,340048,New Jersey,1,1,0,0,0,1,1,23,MIDDLESEX (23),704,CRANBURY,21,21,1,January,2019,2,Monday,23,11:00pm-11:59pm,58,58,0,This section IS NOT on the NHS,2,Urban,5,Major Collector,2,County Highway Agency,4,County Road,CR-615,,23,23,40.30788889,40.30788889,-74.544755560,-74.544755560,0,No Special Jurisdiction,30,Utility Pole/Light Support,0,The First Harmful Event was Not a Collision with a Motor Vehicle in Transport,0,No,1,Non-Junction,1,Not an Intersection,0,None,,,4,On Roadside,2,Dark - Not Lighted,1,Clear,0,No Additional Atmospheric Conditions,1,Clear,0,No,0000000,Not Applicable,0,0:00am-0:59am,6,6,0,0:00am-0:59am,20,20,88,Not Applicable (Not Transported),88,Not Applicable (Not Transported),0,None,0,None,0,None,1,1
2019,34,340049,New Jersey,3,3,0,0,0,3,3,29,OCEAN (29),3360,TOMS RIVER,24,24,1,January,2019,5,Thursday,16,4:00pm-4:59pm,51,51,0,This section IS NOT on the NHS,2,Urban,4,Minor Arterial,2,County Highway Agency,4,County Road,CR-527,,82,82,40.04590278,40.04590278,-74.247919440,-74.247919440,0,No Special Jurisdiction,12,Motor Vehicle In-Transport,8,Sideswipe - Opposite Direction,0,No,1,Non-Junction,1,Not an Intersection,0,None,,,1,On Roadway,5,Dusk,1,Clear,0,No Additional Atmospheric Conditions,1,Clear,0,No,0000000,Not Applicable,16,4:00pm-4:59pm,53,53,17,5:00pm-5:59pm,0,0,17,5:00pm-5:59pm,38,38,0,None,0,None,0,None,1,0
2019,34,340050,New Jersey,1,1,0,0,0,3,3,25,MONMOUTH (25),1925,MIDDLETOWN,26,26,1,January,2019,7,Saturday,2,2:00am-2:59am,1,1,0,This section IS NOT on the NHS,2,Urban,7,Local,4,City or Municipal Highway Agency,6,Local Street - Municipality,COOPER RD,,0,None,40.38827778,40.38827778,-74.045750000,-74.045750000,0,No Special Jurisdiction,30,Utility Pole/Light Support,0,The First Harmful Event was Not a Collision with a Motor Vehicle in Transport,0,No,1,Non-Junction,1,Not an Intersection,0,None,,,4,On Roadside,2,Dark - Not Lighted,1,Clear,0,No Additional Atmospheric Conditions,1,Clear,0,No,0000000,Not Applicable,2,2:00am-2:59am,2,2,2,2:00am-2:59am,15,15,2,2:00am-2:59am,59,59,0,None,0,None,0,None,1,1
2019,34,340051,New Jersey,1,1,0,1,1,1,1,27,MORRIS (27),0,NOT APPLICABLE,26,26,1,January,2019,7,Saturday,17,5:00pm-5:59pm,36,36,1,This section IS ON the NHS,2,Urban,3,Principal Arterial - Other,1,State Highway Agency,3,State Highway,SR-15,BERKSHIRE VALLEY RD,39,39,40.93047222,40.93047222,-74.589850000,-74.589850000,0,No Special Jurisdiction,8,Pedestrian,0,The First Harmful Event was Not a Collision with a Motor Vehicle in Transport,0,No,3,Intersection-Related,2,Four-Way Intersection,0,None,,,1,On Roadway,8,Not Reported,1,Clear,0,No Additional Atmospheric Conditions,1,Clear,0,No,0000000,Not Applicable,17,5:00pm-5:59pm,25,25,17,5:00pm-5:59pm,35,35,17,5:00pm-5:59pm,56,56,0,None,0,None,0,None,1,0
2019,34,340052,New Jersey,1,1,0,0,0,1,1,29,OCEAN (29),1505,CASSVILLE,8,8,1,January,2019,3,Tuesday,9,9:00am-9:59am,15,15,0,This section IS NOT on the NHS,2,Urban,4,Minor Arterial,2,County Highway Agency,4,County Road,CR-528,,217,217,40.11219444,40.11219444,-74.356411110,-74.356411110,0,No Special Jurisdiction,31,"Post, Pole or Other Supports",0,The First Harmful Event was Not a Collision with a Motor Vehicle in Transport,0,No,1,Non-Junction,1,Not an Intersection,0,None,,,4,On Roadside,1,Daylight,10,Cloudy,0,No Additional Atmospheric Conditions,10,Cloudy,0,No,0000000,Not Applicable,9,9:00am-9:59am,18,18,9,9:00am-9:59am,36,36,10,10:00am-10:59am,19,19,0,None,0,None,0,None,1,0
2019,34,340053,New Jersey,1,1,0,0,0,3,3,41,WARREN (41),1455,HOPE,12,12,2,February,2019,3,Tuesday,9,9:00am-9:59am,33,33,1,This section IS ON the NHS,1,Rural,1,Interstate,1,State Highway Agency,1,Interstate,I-80,,120,120,40.92422500,40.92422500,-74.957672220,-74.957672220,0,No Special Jurisdiction,33,Curb,0,The First Harmful Event was Not a Collision with a Motor Vehicle in Transport,0,No,1,Non-Junction,1,Not an Intersection,0,None,,,4,On Roadside,1,Daylight,4,Snow,0,No Additional Atmospheric Conditions,4,Snow,0,No,0000000,Not Applicable,9,9:00am-9:59am,30,30,9,9:00am-9:59am,46,46,11,11:00am-11:59am,21,21,0,None,0,None,0,None,1,0
2019,34,340054,New Jersey,2,2,0,0,0,7,7,29,OCEAN (29),1505,CASSVILLE,1,1,2,February,2019,6,Friday,15,3:00pm-3:59pm,26,26,0,This section IS NOT on the NHS,2,Urban,4,Minor Arterial,2,County Highway Agency,4,County Road,CR-547,,39,39,40.06015278,40.06015278,-74.274908330,-74.274908330,0,No Special Jurisdiction,12,Motor Vehicle In-Transport,1,Front-to-Rear,0,No,1,Non-Junction,1,Not an Intersection,0,None,,,1,On Roadway,1,Daylight,4,Snow,0,No Additional Atmospheric Conditions,4,Snow,0,No,0000000,Not Applicable,15,3:00pm-3:59pm,40,40,99,Unknown EMS Scene Arrival Hour,99,Unknown EMS Scene Arrival Minutes,99,Unknown,99,Unknown EMS Hospital Arrival Time,0,None,0,None,0,None,1,0
2019,34,340055,New Jersey,1,1,0,1,1,1,1,39,UNION (39),705,CRANFORD,5,5,2,February,2019,3,Tuesday,12,12:00pm-12:59pm,50,50,0,This section IS NOT on the NHS,2,Urban,4,Minor Arterial,2,County Highway Agency,4,County Road,CR-615,E LINCOLN AVE,35,35,40.65131111,40.65131111,-74.296716670,-74.296716670,0,No Special Jurisdiction,15,Non-Motorist on Personal Conveyance,0,The First Harmful Event was Not a Collision with a Motor Vehicle in Transport,0,No,3,Intersection-Related,2,Four-Way Intersection,0,None,,,1,On Roadway,1,Daylight,1,Clear,0,No Additional Atmospheric Conditions,1,Clear,0,No,0000000,Not Applicable,12,12:00pm-12:59pm,50,50,12,12:00pm-12:59pm,51,51,13,1:00pm-1:59pm,18,18,0,None,0,None,0,None,1,0
2019,34,340056,New Jersey,1,1,0,0,0,1,1,13,ESSEX (13),3600,WEST ORANGE,17,17,2,February,2019,1,Sunday,0,0:00am-0:59am,53,53,1,This section IS ON the NHS,2,Urban,1,Interstate,1,State Highway Agency,1,Interstate,I-280,,74,74,40.79776111,40.79776111,-74.267047220,-74.267047220,0,No Special Jurisdiction,24,Guardrail Face,0,The First Harmful Event was Not a Collision with a Motor Vehicle in Transport,0,No,1,Non-Junction,1,Not an Intersection,0,None,,,3,On Median,3,Dark - Lighted,1,Clear,0,No Additional Atmospheric Conditions,1,Clear,0,No,0000000,Not Applicable,0,0:00am-0:59am,52,52,0,0:00am-0:59am,59,59,88,Not Applicable (Not Transported),88,Not Applicable (Not Transported),0,None,0,None,0,None,1,0
2019,34,340057,New Jersey,1,1,0,1,1,1,1,3,BERGEN (3),883,ELMWOOD PARK,7,7,3,March,2019,5,Thursday,20,8:00pm-8:59pm,17,17,1,This section IS ON the NHS,2,Urban,3,Principal Arterial - Other,1,State Highway Agency,2,U.S. Highway,US-46,,645,645,40.89323611,40.89323611,-74.117752780,-74.117752780,0,No Special Jurisdiction,8,Pedestrian,0,The First Harmful Event was Not a Collision with a Motor Vehicle in Transport,0,No,1,Non-Junction,1,Not an Intersection,0,None,,,1,On Roadway,3,Dark - Lighted,1,Clear,0,No Additional Atmospheric Conditions,1,Clear,0,No,0000000,Not Applicable,20,8:00pm-8:59pm,17,17,20,8:00pm-8:59pm,25,25,88,Not Applicable (Not Transported),88,Not Applicable (Not Transported),0,None,0,None,0,None,1,0
2019,34,340058,New Jersey,1,1,0,0,0,1,1,23,MIDDLESEX (23),2417,OLD BRIDGE,19,19,3,March,2019,3,Tuesday,0,0:00am-0:59am,26,26,0,This section IS NOT on the NHS,2,Urban,4,Minor Arterial,4,City or Municipal Highway Agency,6,Local Street - Municipality,FERRY RD,,0,None,40.38203333,40.38203333,-74.322516670,-74.322516670,0,No Special Jurisdiction,31,"Post, Pole or Other Supports",0,The First Harmful Event was Not a Collision with a Motor Vehicle in Transport,0,No,1,Non-Junction,1,Not an Intersection,0,None,,,4,On Roadside,3,Dark - Lighted,1,Clear,0,No Additional Atmospheric Conditions,1,Clear,0,No,0000000,Not Applicable,0,0:00am-0:59am,28,28,0,0:00am-0:59am,34,34,0,0:00am-0:59am,52,52,0,None,0,None,0,None,1,0
2019,34,340059,New Jersey,1,1,0,0,0,1,1,7,CAMDEN (7),2545,PENNSAUKEN,1,1,3,March,2019,6,Friday,16,4:00pm-4:59pm,9,9,1,This section IS ON the NHS,2,Urban,3,Principal Arterial - Other,1,State Highway Agency,3,State Highway,SR-38,,4,4,39.93429167,39.93429167,-75.073541670,-75.073541670,0,No Special Jurisdiction,33,Curb,0,The First Harmful Event was Not a Collision with a Motor Vehicle in Transport,0,No,1,Non-Junction,1,Not an Intersection,0,None,,,4,On Roadside,1,Daylight,1,Clear,0,No Additional Atmospheric Conditions,1,Clear,0,No,0000000,Not Applicable,16,4:00pm-4:59pm,10,10,16,4:00pm-4:59pm,19,19,88,Not Applicable (Not Transported),88,Not Applicable (Not Transported),0,None,0,None,0,None,1,0
2019,34,340060,New Jersey,1,1,0,1,1,1,1,25,MONMOUTH (25),2109,NEPTUNE CITY,2,2,2,February,2019,7,Saturday,5,5:00am-5:59am,6,6,1,This section IS ON the NHS,2,Urban,2,Principal Arterial - Other Freeways and Expressways,1,State Highway Agency,3,State Highway,SR-18,,83,83,40.20659444,40.20659444,-74.052538890,-74.052538890,0,No Special Jurisdiction,8,Pedestrian,0,The First Harmful Event was Not a Collision with a Motor Vehicle in Transport,0,No,1,Non-Junction,1,Not an Intersection,0,None,,,1,On Roadway,3,Dark - Lighted,1,Clear,0,No Additional Atmospheric Conditions,1,Clear,0,No,0000000,Not Applicable,5,5:00am-5:59am,18,18,5,5:00am-5:59am,22,22,88,Not Applicable (Not Transported),88,Not Applicable (Not Transported),0,None,0,None,0,None,1,0
2019,34,340061,New Jersey,1,1,0,1,1,2,2,25,MONMOUTH (25),3357,TINTON FALLS,6,6,3,March,2019,4,Wednesday,21,9:00pm-9:59pm,47,47,1,This section IS ON the NHS,2,Urban,3,Principal Arterial - Other,2,County Highway Agency,4,County Road,CR-520,SHREWSBURY AVE,162,162,40.33724444,40.33724444,-74.075052780,-74.075052780,0,No Special Jurisdiction,8,Pedestrian,0,The First Harmful Event was Not a Collision with a Motor Vehicle in Transport,0,No,3,Intersection-Related,2,Four-Way Intersection,0,None,,,1,On Roadway,2,Dark - Not Lighted,1,Clear,0,No Additional Atmospheric Conditions,1,Clear,0,No,0000000,Not Applicable,99,Unknown,99,Unknown,99,Unknown EMS Scene Arrival Hour,99,Unknown EMS Scene Arrival Minutes,99,Unknown,99,Unknown EMS Hospital Arrival Time,0,None,0,None,0,None,1,0
2019,34,340062,New Jersey,1,1,0,1,1,1,1,9,CAPE MAY (9),2370,OCEAN CITY,9,9,1,January,2019,4,Wednesday,11,11:00am-11:59am,39,39,1,This section IS ON the NHS,2,Urban,3,Principal Arterial - Other,4,City or Municipal Highway Agency,6,Local Street - Municipality,CENTRAL AVE,8TH ST,0,None,39.27939444,39.27939444,-74.574127780,-74.574127780,0,No Special Jurisdiction,8,Pedestrian,0,The First Harmful Event was Not a Collision with a Motor Vehicle in Transport,0,No,3,Intersection-Related,2,Four-Way Intersection,0,None,,,1,On Roadway,1,Daylight,1,Clear,0,No Additional Atmospheric Conditions,1,Clear,0,No,0000000,Not Applicable,11,11:00am-11:59am,38,38,11,11:00am-11:59am,40,40,12,12:00pm-12:59pm,38,38,0,None,0,None,0,None,1,0
2019,34,340064,New Jersey,2,2,0,0,0,3,3,15,GLOUCESTER (15),0,NOT APPLICABLE,3,3,3,March,2019,1,Sunday,17,5:00pm-5:59pm,35,35,1,This section IS ON the NHS,2,Urban,3,Principal Arterial - Other,1,State Highway Agency,2,U.S. Highway,US-322,,290,290,39.63812778,39.63812778,-74.934875000,-74.934875000,0,No Special Jurisdiction,12,Motor Vehicle In-Transport,6,Angle,0,No,1,Non-Junction,1,Not an Intersection,0,None,,,1,On Roadway,5,Dusk,4,Snow,0,No Additional Atmospheric Conditions,4,Snow,0,No,0000000,Not Applicable,17,5:00pm-5:59pm,39,39,17,5:00pm-5:59pm,54,54,18,6:00pm-6:59pm,30,30,0,None,0,None,0,None,2,0
2019,34,340065,New Jersey,1,1,0,1,1,1,1,13,ESSEX (13),2130,NEWARK,6,6,3,March,2019,4,Wednesday,19,7:00pm-7:59pm,45,45,0,This section IS NOT on the NHS,2,Urban,7,Local,4,City or Municipal Highway Agency,6,Local Street - Municipality,CLINTON AVE,THOMAS ST,0,None,40.72536667,40.72536667,-74.181788890,-74.181788890,0,No Special Jurisdiction,8,Pedestrian,0,The First Harmful Event was Not a Collision with a Motor Vehicle in Transport,0,No,3,Intersection-Related,2,Four-Way Intersection,0,None,,,1,On Roadway,3,Dark - Lighted,1,Clear,0,No Additional Atmospheric Conditions,1,Clear,0,No,0000000,Not Applicable,19,7:00pm-7:59pm,49,49,19,7:00pm-7:59pm,52,52,20,8:00pm-8:59pm,1,1,0,None,0,None,0,None,1,0
2019,34,340066,New Jersey,1,1,0,2,2,1,1,1,ATLANTIC (1),2640,PLEASANTVILLE,9,9,1,January,2019,4,Wednesday,23,11:00pm-11:59pm,53,53,1,This section IS ON the NHS,2,Urban,3,Principal Arterial - Other,1,State Highway Agency,2,U.S. Highway,US-40,,586,586,39.39353333,39.39353333,-74.538344440,-74.538344440,0,No Special Jurisdiction,8,Pedestrian,0,The First Harmful Event was Not a Collision with a Motor Vehicle in Transport,0,No,1,Non-Junction,1,Not an Intersection,0,None,,,1,On Roadway,3,Dark - Lighted,1,Clear,0,No Additional Atmospheric Conditions,1,Clear,0,No,0000000,Not Applicable,99,Unknown,99,Unknown,99,Unknown EMS Scene Arrival Hour,99,Unknown EMS Scene Arrival Minutes,99,Unknown,99,Unknown EMS Hospital Arrival Time,0,None,0,None,0,None,1,0
2019,34,340067,New Jersey,1,1,0,1,1,12,12,39,UNION (39),2630,PLAINFIELD,22,22,3,March,2019,6,Friday,14,2:00pm-2:59pm,23,23,0,This section IS NOT on the NHS,2,Urban,4,Minor Arterial,2,County Highway Agency,4,County Road,CR-620 WEST FRONT ST,NEW ST,3,3,40.61608611,40.61608611,-74.427336110,-74.427336110,0,No Special Jurisdiction,8,Pedestrian,0,The First Harmful Event was Not a Collision with a Motor Vehicle in Transport,0,No,3,Intersection-Related,3,T-Intersection,0,None,,,1,On Roadway,1,Daylight,1,Clear,0,No Additional Atmospheric Conditions,1,Clear,0,No,0000000,Not Applicable,14,2:00pm-2:59pm,27,27,14,2:00pm-2:59pm,35,35,15,3:00pm-3:59pm,11,11,0,None,0,None,0,None,1,0
2019,34,340068,New Jersey,2,2,0,0,0,2,2,15,GLOUCESTER (15),0,NOT APPLICABLE,28,28,3,March,2019,5,Thursday,9,9:00am-9:59am,54,54,1,This section IS ON the NHS,2,Urban,3,Principal Arterial - Other,1,State Highway Agency,2,U.S. Highway,US-322,,271,271,39.65855833,39.65855833,-74.960477780,-74.960477780,0,No Special Jurisdiction,12,Motor Vehicle In-Transport,1,Front-to-Rear,0,No,4,Driveway Access,1,Not an Intersection,0,None,,,1,On Roadway,1,Daylight,1,Clear,0,No Additional Atmospheric Conditions,1,Clear,0,No,0000000,Not Applicable,9,9:00am-9:59am,55,55,10,10:00am-10:59am,0,0,88,Not Applicable (Not Transported),88,Not Applicable (Not Transported),0,None,0,None,0,None,1,0
2019,34,340069,New Jersey,1,1,0,0,0,2,2,15,GLOUCESTER (15),0,NOT APPLICABLE,28,28,3,March,2019,5,Thursday,20,8:00pm-8:59pm,10,10,0,This section IS NOT on the NHS,2,Urban,5,Major Collector,2,County Highway Agency,4,County Road,CR-658,,36,36,39.70425556,39.70425556,-75.060861110,-75.060861110,0,No Special Jurisdiction,11,Live Animal,0,The First Harmful Event was Not a Collision with a Motor Vehicle in Transport,0,No,1,Non-Junction,1,Not an Intersection,0,None,,,1,On Roadway,3,Dark - Lighted,1,Clear,0,No Additional Atmospheric Conditions,1,Clear,0,No,0000000,Not Applicable,20,8:00pm-8:59pm,13,13,20,8:00pm-8:59pm,20,20,21,9:00pm-9:59pm,15,15,0,None,0,None,0,None,1,0
2019,34,340070,New Jersey,2,2,0,0,0,2,2,31,PASSAIC (31),3610,WOODLAND PARK,3,3,3,March,2019,1,Sunday,4,4:00am-4:59am,37,37,1,This section IS ON the NHS,2,Urban,1,Interstate,1,State Highway Agency,1,Interstate,I-80,,564,564,40.89866389,40.89866389,-74.198238890,-74.198238890,0,No Special Jurisdiction,12,Motor Vehicle In-Transport,2,Front-to-Front,0,No,1,Non-Junction,1,Not an Intersection,0,None,,,1,On Roadway,4,Dawn,1,Clear,0,No Additional Atmospheric Conditions,1,Clear,0,No,0000000,Not Applicable,4,4:00am-4:59am,54,54,5,5:00am-5:59am,4,4,5,5:00am-5:59am,37,37,0,None,0,None,0,None,1,0
2019,34,340071,New Jersey,1,1,0,1,1,1,1,15,GLOUCESTER (15),0,NOT APPLICABLE,14,14,3,March,2019,5,Thursday,1,1:00am-1:59am,18,18,1,This section IS ON the NHS,2,Urban,2,Principal Arterial - Other Freeways and Expressways,1,State Highway Agency,3,State Highway,SR-55,,479,479,39.68573889,39.68573889,-75.134863890,-75.134863890,0,No Special Jurisdiction,8,Pedestrian,0,The First Harmful Event was Not a Collision with a Motor Vehicle in Transport,0,No,1,Non-Junction,1,Not an Intersection,0,None,,,1,On Roadway,2,Dark - Not Lighted,1,Clear,0,No Additional Atmospheric Conditions,1,Clear,0,No,0000000,Not Applicable,1,1:00am-1:59am,29,29,1,1:00am-1:59am,38,38,88,Not Applicable (Not Transported),88,Not Applicable (Not Transported),0,None,0,None,0,None,1,0
2019,34,340072,New Jersey,2,2,0,0,0,2,2,29,OCEAN (29),3360,TOMS RIVER,7,7,3,March,2019,5,Thursday,8,8:00am-8:59am,12,12,1,This section IS ON the NHS,2,Urban,2,Principal Arterial - Other Freeways and Expressways,31,State Toll Road,8,Other,GSP-444,,814,814,39.95093056,39.95093056,-74.207430560,-74.207430560,0,No Special Jurisdiction,12,Motor Vehicle In-Transport,1,Front-to-Rear,0,No,1,Non-Junction,1,Not an Intersection,0,None,,,1,On Roadway,1,Daylight,1,Clear,0,No Additional Atmospheric Conditions,1,Clear,0,No,0000000,Not Applicable,8,8:00am-8:59am,13,13,8,8:00am-8:59am,18,18,88,Not Applicable (Not Transported),88,Not Applicable (Not Transported),0,None,0,None,0,None,1,0
2019,34,340073,New Jersey,2,2,0,0,0,2,2,23,MIDDLESEX (23),704,CRANBURY,4,4,3,March,2019,2,Monday,12,12:00pm-12:59pm,18,18,1,This section IS ON the NHS,2,Urban,1,Interstate,31,State Toll Road,1,Interstate,I-95,,260,260,40.31658056,40.31658056,-74.488908330,-74.488908330,0,No Special Jurisdiction,12,Motor Vehicle In-Transport,1,Front-to-Rear,0,No,1,Non-Junction,1,Not an Intersection,0,None,,,1,On Roadway,1,Daylight,1,Clear,0,No Additional Atmospheric Conditions,1,Clear,0,No,0000000,Not Applicable,12,12:00pm-12:59pm,3,3,12,12:00pm-12:59pm,11,11,88,Not Applicable (Not Transported),88,Not Applicable (Not Transported),27,Backup Due to Prior Crash,0,None,0,None,1,0
2019,34,340074,New Jersey,2,1,1,0,0,2,2,7,CAMDEN (7),3521,WATERFORD WORKS,3,3,1,January,2019,5,Thursday,19,7:00pm-7:59pm,44,44,0,This section IS NOT on the NHS,2,Urban,7,Local,4,City or Municipal Highway Agency,6,Local Street - Municipality,ELLWOOD AVE,RICHARDS AVE,0,None,39.77559444,39.77559444,-74.856569440,-74.856569440,0,No Special Jurisdiction,14,Parked Motor Vehicle,0,The First Harmful Event was Not a Collision with a Motor Vehicle in Transport,0,No,3,Intersection-Related,4,Y-Intersection,0,None,,,5,Outside Trafficway,3,Dark - Lighted,1,Clear,0,No Additional Atmospheric Conditions,1,Clear,0,No,0000000,Not Applicable,99,Unknown,99,Unknown,99,Unknown EMS Scene Arrival Hour,99,Unknown EMS Scene Arrival Minutes,88,Not Applicable (Not Transported),88,Not Applicable (Not Transported),0,None,0,None,0,None,2,1
2019,34,340075,New Jersey,2,2,0,0,0,5,5,25,MONMOUTH (25),1465,HOWELL,24,24,1,January,2019,5,Thursday,11,11:00am-11:59am,18,18,1,This section IS ON the NHS,2,Urban,4,Minor Arterial,1,State Highway Agency,3,State Highway,SR-34,,103,103,40.25306667,40.25306667,-74.112697220,-74.112697220,0,No Special Jurisdiction,12,Motor Vehicle In-Transport,8,Sideswipe - Opposite Direction,0,No,1,Non-Junction,1,Not an Intersection,0,None,,,1,On Roadway,1,Daylight,2,Rain,0,No Additional Atmospheric Conditions,2,Rain,0,No,0000000,Not Applicable,11,11:00am-11:59am,20,20,11,11:00am-11:59am,30,30,11,11:00am-11:59am,55,55,0,None,0,None,0,None,1,0
2019,34,340076,New Jersey,1,1,0,1,1,1,1,7,CAMDEN (7),520,CAMDEN,13,13,2,February,2019,4,Wednesday,22,10:00pm-10:59pm,7,7,0,This section IS NOT on the NHS,2,Urban,4,Minor Arterial,2,County Highway Agency,4,County Road,CR-601,HARRISON AVE,9,9,39.95035000,39.95035000,-75.105397220,-75.105397220,0,No Special Jurisdiction,8,Pedestrian,0,The First Harmful Event was Not a Collision with a Motor Vehicle in Transport,0,No,3,Intersection-Related,3,T-Intersection,0,None,,,1,On Roadway,2,Dark - Not Lighted,1,Clear,0,No Additional Atmospheric Conditions,1,Clear,0,No,0000000,Not Applicable,22,10:00pm-10:59pm,9,9,22,10:00pm-10:59pm,14,14,88,Not Applicable (Not Transported),88,Not Applicable (Not Transported),0,None,0,None,0,None,1,0
2019,34,340077,New Jersey,1,1,0,0,0,1,1,3,BERGEN (3),1330,HASBROUCK HEIGHTS,22,22,2,February,2019,6,Friday,15,3:00pm-3:59pm,31,31,1,This section IS ON the NHS,2,Urban,2,Principal Arterial - Other Freeways and Expressways,31,State Toll Road,8,Other,GSP-444,,1717,1717,41.05957222,41.05957222,-74.065205560,-74.065205560,0,No Special Jurisdiction,52,Guardrail End,0,The First Harmful Event was Not a Collision with a Motor Vehicle in Transport,0,No,1,Non-Junction,1,Not an Intersection,0,None,,,4,On Roadside,1,Daylight,1,Clear,0,No Additional Atmospheric Conditions,1,Clear,0,No,0000000,Not Applicable,99,Unknown,99,Unknown,99,Unknown EMS Scene Arrival Hour,99,Unknown EMS Scene Arrival Minutes,99,Unknown,99,Unknown EMS Hospital Arrival Time,0,None,0,None,0,None,1,0
2019,34,340078,New Jersey,1,1,0,0,0,1,1,15,GLOUCESTER (15),0,NOT APPLICABLE,6,6,3,March,2019,4,Wednesday,5,5:00am-5:59am,57,57,1,This section IS ON the NHS,2,Urban,3,Principal Arterial - Other,1,State Highway Agency,2,U.S. Highway,US-322,,70,70,39.75803056,39.75803056,-75.287319440,-75.287319440,0,No Special Jurisdiction,1,Rollover/Overturn,0,The First Harmful Event was Not a Collision with a Motor Vehicle in Transport,0,No,1,Non-Junction,1,Not an Intersection,0,None,,,5,Outside Trafficway,4,Dawn,1,Clear,0,No Additional Atmospheric Conditions,1,Clear,0,No,0000000,Not Applicable,6,6:00am-6:59am,3,3,6,6:00am-6:59am,9,9,88,Not Applicable (Not Transported),88,Not Applicable (Not Transported),0,None,0,None,0,None,1,1