caseyear,state,st_case,statename,ve_total,ve_forms,pvh_invl,peds,pernotmvit,permvit,persons,county,countyname,city,cityname,day,dayname,month,monthname,year,day_week,day_weekname,hour,hourname,minute,minutename,nhs,nhsname,rur_urb,rur_urbname,func_sys,func_sysname,rd_owner,rd_ownername,route,routename,tway_id,tway_id2,milept,mileptname,latitude,latitudename,longitud,longitudname,sp_jur,sp_jurname,harm_ev,harm_evname,man_coll,man_collname,reljct1,reljct1name,reljct2,reljct2name,typ_int,typ_intname,wrk_zone,wrk_zonename,road_fnc,road_fncname,rel_road,rel_roadname,lgt_cond,lgt_condname,weather1,weather1name,weather2,weather2name,weather,weathername,sch_bus,sch_busname,rail,railname,not_hour,not_hourname,not_min,not_minname,arr_hour,arr_hourname,arr_min,arr_minname,hosp_hr,hosp_hrname,hosp_mn,hosp_mnname,cf1,cf1name,cf2,cf2name,cf3,cf3name,fatals,drunk_dr
2019,34,340318,New Jersey,2,2,0,0,0,3,3,5,BURLINGTON (5),481,BURLINGTON TOWNSHIP,24,24,8,August,2019,7,Saturday,12,12:00pm-12:59pm,27,27,1,This section IS ON the NHS,2,Urban,3,Principal Arterial - Other,2,County Highway Agency,4,County Road,CR-541 MT HOLLY RD,,231,231,40.06105278,40.06105278,-74.850763890,-74.850763890,0,No Special Jurisdiction,12,Motor Vehicle In-Transport,7,Sideswipe - Same Direction,0,No,1,Non-Junction,1,Not an Intersection,0,None,,,1,On Roadway,1,Daylight,1,Clear,0,No Additional Atmospheric Conditions,1,Clear,0,No,0000000,Not Applicable,12,12:00pm-12:59pm,28,28,12,12:00pm-12:59pm,29,29,12,12:00pm-12:59pm,59,59,0,None,0,None,0,None,1,0
2019,34,340319,New Jersey,1,1,0,0,0,1,1,5,BURLINGTON (5),300,BEVERLY,17,17,8,August,2019,7,Saturday,18,6:00pm-6:59pm,17,17,0,This section IS NOT on the NHS,2,Urban,5,Major Collector,2,County Highway Agency,4,County Road,CR-630 COOPER ST,,2,2,40.06253889,40.06253889,-74.917236110,-74.917236110,0,No Special Jurisdiction,7,Other Non-Collision,0,The First Harmful Event was Not a Collision with a Motor Vehicle in Transport,0,No,1,Non-Junction,1,Not an Intersection,0,None,,,1,On Roadway,1,Daylight,1,Clear,0,No Additional Atmospheric Conditions,1,Clear,0,No,0000000,Not Applicable,99,Unknown,99,Unknown,99,Unknown EMS Scene Arrival Hour,99,Unknown EMS Scene Arrival Minutes,88,Not Applicable (Not Transported),88,Not Applicable (Not Transported),0,None,0,None,0,None,1,1
2019,34,340320,New Jersey,1,1,0,1,1,2,2,5,BURLINGTON (5),481,BURLINGTON TOWNSHIP,16,16,9,September,2019,2,Monday,22,10:00pm-10:59pm,33,33,1,This section IS ON the NHS,2,Urban,3,Principal Arterial - Other,1,State Highway Agency,2,U.S. Highway,US-130,,446,446,40.06193056,40.06193056,-74.880033330,-74.880033330,0,No Special Jurisdiction,8,Pedestrian,0,The First Harmful Event was Not a Collision with a Motor Vehicle in Transport,0,No,1,Non-Junction,1,Not an Intersection,0,None,,,1,On Roadway,3,Dark - Lighted,1,Clear,0,No Additional Atmospheric Conditions,1,Clear,0,No,0000000,Not Applicable,22,10:00pm-10:59pm,34,34,22,10:00pm-10:59pm,39,39,88,Not Applicable (Not Transported),88,Not Applicable (Not Transported),0,None,0,None,0,None,1,0
2019,34,340322,New Jersey,2,2,0,0,0,2,2,7,CAMDEN (7),2545,PENNSAUKEN,21,21,9,September,2019,7,Saturday,4,4:00am-4:59am,56,56,1,This section IS ON the NHS,2,Urban,3,Principal Arterial - Other,1,State Highway Agency,2,U.S. Highway,US-130,,328,328,39.95807222,39.95807222,-75.056102780,-75.056102780,0,No Special Jurisdiction,12,Motor Vehicle In-Transport,1,Front-to-Rear,0,No,1,Non-Junction,1,Not an Intersection,0,None,,,1,On Roadway,3,Dark - Lighted,1,Clear,0,No Additional Atmospheric Conditions,1,Clear,0,No,0000000,Not Applicable,4,4:00am-4:59am,56,56,5,5:00am-5:59am,7,7,5,5:00am-5:59am,34,34,23,Indication of a Stalled/Disabled Vehicle,0,None,0,None,1,0
2019,34,340323,New Jersey,2,2,0,0,0,2,2,15,GLOUCESTER (15),0,NOT APPLICABLE,22,22,9,September,2019,1,Sunday,2,2:00am-2:59am,21,21,1,This section IS ON the NHS,2,Urban,2,Principal Arterial - Other Freeways and Expressways,1,State Highway Agency,3,State Highway,SR-55,,470,470,39.67412500,39.67412500,-75.132858330,-75.132858330,0,No Special Jurisdiction,12,Motor Vehicle In-Transport,1,Front-to-Rear,0,No,1,Non-Junction,1,Not an Intersection,0,None,,,1,On Roadway,2,Dark - Not Lighted,1,Clear,0,No Additional Atmospheric Conditions,1,Clear,0,No,0000000,Not Applicable,2,2:00am-2:59am,22,22,2,2:00am-2:59am,30,30,3,3:00am-3:59am,5,5,0,None,0,None,0,None,1,1
2019,34,340324,New Jersey,1,1,0,0,0,1,1,9,CAPE MAY (9),742,DENNISVILLE,15,15,9,September,2019,1,Sunday,15,3:00pm-3:59pm,54,54,1,This section IS ON the NHS,1,Rural,2,Principal Arterial - Other Freeways and Expressways,31,State Toll Road,8,Other,GSP 444,,162,162,39.15675556,39.15675556,-74.745027780,-74.745027780,0,No Special Jurisdiction,42,Tree (Standing Only),0,The First Harmful Event was Not a Collision with a Motor Vehicle in Transport,0,No,1,Non-Junction,1,Not an Intersection,0,None,,,5,Outside Trafficway,1,Daylight,1,Clear,0,No Additional Atmospheric Conditions,1,Clear,0,No,0000000,Not Applicable,15,3:00pm-3:59pm,58,58,16,4:00pm-4:59pm,4,4,17,5:00pm-5:59pm,6,6,0,None,0,None,0,None,1,0
2019,34,340325,New Jersey,1,1,0,1,1,1,1,37,SUSSEX (37),3230,STANHOPE,16,16,9,September,2019,2,Monday,10,10:00am-10:59am,40,40,1,This section IS ON the NHS,2,Urban,3,Principal Arterial - Other,1,State Highway Agency,2,U.S. Highway,US-206,,983,983,40.92001944,40.92001944,-74.718522220,-74.718522220,0,No Special Jurisdiction,9,Pedalcyclist,0,The First Harmful Event was Not a Collision with a Motor Vehicle in Transport,0,No,8,Driveway Access Related,1,Not an Intersection,0,None,,,1,On Roadway,1,Daylight,1,Clear,0,No Additional Atmospheric Conditions,1,Clear,0,No,0000000,Not Applicable,10,10:00am-10:59am,40,40,10,10:00am-10:59am,46,46,11,11:00am-11:59am,2,2,0,None,0,None,0,None,1,0
2019,34,340326,New Jersey,1,1,0,1,1,1,1,5,BURLINGTON (5),932,EVESHAM  TOWNSHIP,28,28,9,September,2019,7,Saturday,19,7:00pm-7:59pm,49,49,1,This section IS ON the NHS,2,Urban,3,Principal Arterial - Other,1,State Highway Agency,3,State Highway,SR-70,TROTH RD,111,111,39.89520278,39.89520278,-74.875858330,-74.875858330,0,No Special Jurisdiction,8,Pedestrian,0,The First Harmful Event was Not a Collision with a Motor Vehicle in Transport,0,No,3,Intersection-Related,2,Four-Way Intersection,0,None,,,1,On Roadway,2,Dark - Not Lighted,1,Clear,0,No Additional Atmospheric Conditions,1,Clear,0,No,0000000,Not Applicable,19,7:00pm-7:59pm,50,50,19,7:00pm-7:59pm,55,55,20,8:00pm-8:59pm,11,11,0,None,0,None,0,None,1,0
2019,34,340327,New Jersey,1,1,0,0,0,1,1,31,PASSAIC (31),660,CLIFTON,19,19,10,October,2019,7,Saturday,2,2:00am-2:59am,59,59,1,This section IS ON the NHS,2,Urban,2,Principal Arterial - Other Freeways and Expressways,1,State Highway Agency,3,State Highway,SR-21,,142,142,40.88542500,40.88542500,-74.132047220,-74.132047220,0,No Special Jurisdiction,31,"Post, Pole or Other Supports",0,The First Harmful Event was Not a Collision with a Motor Vehicle in Transport,1,Yes,5,Entrance/Exit Ramp Related,1,Not an Intersection,0,None,,,10,Separator,3,Dark - Lighted,1,Clear,0,No Additional Atmospheric Conditions,1,Clear,0,No,0000000,Not Applicable,3,3:00am-3:59am,13,13,3,3:00am-3:59am,14,14,88,Not Applicable (Not Transported),88,Not Applicable (Not Transported),0,None,0,None,0,None,1,1
2019,34,340328,New Jersey,1,1,0,1,1,1,1,5,BURLINGTON (5),932,EVESHAM  TOWNSHIP,23,23,9,September,2019,2,Monday,2,2:00am-2:59am,30,30,0,This section IS NOT on the NHS,2,Urban,4,Minor Arterial,2,County Highway Agency,4,County Road,CR-620 TUCKERTON RD,,36,36,39.88044444,39.88044444,-74.866497220,-74.866497220,0,No Special Jurisdiction,8,Pedestrian,0,The First Harmful Event was Not a Collision with a Motor Vehicle in Transport,0,No,1,Non-Junction,1,Not an Intersection,0,None,,,1,On Roadway,2,Dark - Not Lighted,1,Clear,0,No Additional Atmospheric Conditions,1,Clear,0,No,0000000,Not Applicable,2,2:00am-2:59am,32,32,2,2:00am-2:59am,38,38,88,Not Applicable (Not Transported),88,Not Applicable (Not Transported),0,None,0,None,0,None,1,0
2019,34,340329,New Jersey,2,2,0,0,0,2,2,5,BURLINGTON (5),481,BURLINGTON TOWNSHIP,2,2,10,October,2019,4,Wednesday,16,4:00pm-4:59pm,18,18,0,This section IS NOT on the NHS,2,Urban,5,Major Collector,2,County Highway Agency,4,County Road,CR-656 RIVER RD,,24,24,40.10519444,40.10519444,-74.829544440,-74.829544440,0,No Special Jurisdiction,12,Motor Vehicle In-Transport,6,Angle,0,No,8,Driveway Access Related,1,Not an Intersection,0,None,,,1,On Roadway,1,Daylight,1,Clear,0,No Additional Atmospheric Conditions,1,Clear,0,No,0000000,Not Applicable,16,4:00pm-4:59pm,19,19,16,4:00pm-4:59pm,29,29,16,4:00pm-4:59pm,56,56,0,None,0,None,0,None,1,0
2019,34,340330,New Jersey,2,2,0,0,0,2,2,5,BURLINGTON (5),932,EVESHAM  TOWNSHIP,20,20,10,October,2019,1,Sunday,9,9:00am-9:59am,22,22,1,This section IS ON the NHS,2,Urban,3,Principal Arterial - Other,1,State Highway Agency,3,State Highway,SR-70,N CROPWELL RD,77,77,39.89558889,39.89558889,-74.939530560,-74.939530560,0,No Special Jurisdiction,12,Motor Vehicle In-Transport,6,Angle,0,No,2,Intersection,2,Four-Way Intersection,0,None,,,1,On Roadway,1,Daylight,10,Cloudy,0,No Additional Atmospheric Conditions,10,Cloudy,0,No,0000000,Not Applicable,9,9:00am-9:59am,23,23,9,9:00am-9:59am,32,32,10,10:00am-10:59am,38,38,0,None,0,None,0,None,1,0
2019,34,340331,New Jersey,2,2,0,0,0,2,2,23,MIDDLESEX (23),2582,PISCATAWAY,6,6,10,October,2019,1,Sunday,6,6:00am-6:59am,47,47,0,This section IS NOT on the NHS,2,Urban,4,Minor Arterial,2,County Highway Agency,4,County Road,CR-665 STELTON RD,HAMILTON BLVD,23,23,40.57083333,40.57083333,-74.456980560,-74.456980560,0,No Special Jurisdiction,12,Motor Vehicle In-Transport,2,Front-to-Front,0,No,3,Intersection-Related,2,Four-Way Intersection,0,None,,,1,On Roadway,4,Dawn,1,Clear,0,No Additional Atmospheric Conditions,1,Clear,0,No,0000000,Not Applicable,6,6:00am-6:59am,51,51,6,6:00am-6:59am,56,56,7,7:00am-7:59am,27,27,0,None,0,None,0,None,1,0
2019,34,340332,New Jersey,1,1,0,1,1,1,1,5,BURLINGTON (5),481,BURLINGTON TOWNSHIP,13,13,9,September,2019,6,Friday,11,11:00am-11:59am,58,58,0,This section IS NOT on the NHS,2,Urban,4,Minor Arterial,2,County Highway Agency,4,County Road,CR-634 SUNSET RD,,12,12,40.04891944,40.04891944,-74.879644440,-74.879644440,0,No Special Jurisdiction,8,Pedestrian,0,The First Harmful Event was Not a Collision with a Motor Vehicle in Transport,0,No,1,Non-Junction,1,Not an Intersection,0,None,,,1,On Roadway,1,Daylight,1,Clear,0,No Additional Atmospheric Conditions,1,Clear,0,No,0000000,Not Applicable,11,11:00am-11:59am,58,58,12,12:00pm-12:59pm,3,3,12,12:00pm-12:59pm,20,20,0,None,0,None,0,None,1,0
2019,34,340333,New Jersey,1,1,0,0,0,1,1,7,CAMDEN (7),3694,WINSLOW,17,17,9,September,2019,3,Tuesday,18,6:00pm-6:59pm,34,34,0,This section IS NOT on the NHS,9,Unknown,7,Local,4,City or Municipal Highway Agency,6,Local Street - Municipality,12TH AVE,,0,None,39.74686389,39.74686389,-74.884997220,-74.884997220,0,No Special Jurisdiction,41,Shrubbery,0,The First Harmful Event was Not a Collision with a Motor Vehicle in Transport,0,No,1,Non-Junction,1,Not an Intersection,0,None,,,5,Outside Trafficway,1,Daylight,1,Clear,0,No Additional Atmospheric Conditions,1,Clear,0,No,0000000,Not Applicable,18,6:00pm-6:59pm,37,37,18,6:00pm-6:59pm,44,44,19,7:00pm-7:59pm,17,17,0,None,0,None,0,None,1,0
2019,34,340334,New Jersey,1,1,0,1,1,1,1,29,OCEAN (29),1505,CASSVILLE,1,1,10,October,2019,3,Tuesday,18,6:00pm-6:59pm,5,5,0,This section IS NOT on the NHS,2,Urban,7,Local,2,County Highway Agency,4,County Road,CR-50 FARMINGDALE RD,,50,50,40.16219722,40.16219722,-74.283422220,-74.283422220,0,No Special Jurisdiction,15,Non-Motorist on Personal Conveyance,0,The First Harmful Event was Not a Collision with a Motor Vehicle in Transport,0,No,1,Non-Junction,1,Not an Intersection,0,None,,,1,On Roadway,5,Dusk,1,Clear,0,No Additional Atmospheric Conditions,1,Clear,0,No,0000000,Not Applicable,18,6:00pm-6:59pm,8,8,18,6:00pm-6:59pm,11,11,18,6:00pm-6:59pm,49,49,0,None,0,None,0,None,1,0
2019,34,340335,New Jersey,1,1,0,0,0,2,2,1,ATLANTIC (1),0,NOT APPLICABLE,20,20,9,September,2019,6,Friday,21,9:00pm-9:59pm,29,29,0,This section IS NOT on the NHS,9,Unknown,7,Local,4,City or Municipal Highway Agency,6,Local Street - Municipality,COLTON LN,,0,None,39.59462222,39.59462222,-74.883461110,-74.883461110,0,No Special Jurisdiction,42,Tree (Standing Only),0,The First Harmful Event was Not a Collision with a Motor Vehicle in Transport,0,No,1,Non-Junction,1,Not an Intersection,0,None,,,5,Outside Trafficway,3,Dark - Lighted,1,Clear,0,No Additional Atmospheric Conditions,1,Clear,0,No,0000000,Not Applicable,21,9:00pm-9:59pm,27,27,21,9:00pm-9:59pm,42,42,88,Not Applicable (Not Transported),88,Not Applicable (Not Transported),0,None,0,None,0,None,1,1
2019,34,340336,New Jersey,2,2,0,1,1,4,4,15,GLOUCESTER (15),0,NOT APPLICABLE,27,27,9,September,2019,6,Friday,19,7:00pm-7:59pm,28,28,0,This section IS NOT on the NHS,2,Urban,4,Minor Arterial,1,State Highway Agency,3,State Highway,SR-77,FISLERVILLE RD,206,206,39.70807778,39.70807778,-75.206316670,-75.206316670,0,No Special Jurisdiction,8,Pedestrian,0,The First Harmful Event was Not a Collision with a Motor Vehicle in Transport,0,No,2,Intersection,2,Four-Way Intersection,0,None,,,1,On Roadway,3,Dark - Lighted,1,Clear,0,No Additional Atmospheric Conditions,1,Clear,0,No,0000000,Not Applicable,19,7:00pm-7:59pm,31,31,19,7:00pm-7:59pm,40,40,20,8:00pm-8:59pm,19,19,19,Recent/Previous Crash scene Nearby,0,None,0,None,1,1
2019,34,340337,New Jersey,1,1,0,0,0,2,2,41,WARREN (41),314,BLAIRSTOWN,5,5,10,October,2019,7,Saturday,18,6:00pm-6:59pm,57,57,1,This section IS ON the NHS,1,Rural,1,Interstate,1,State Highway Agency,1,Interstate,I-80,,99,99,40.93319167,40.93319167,-74.998155560,-74.998155560,0,No Special Jurisdiction,41,Shrubbery,0,The First Harmful Event was Not a Collision with a Motor Vehicle in Transport,0,No,1,Non-Junction,1,Not an Intersection,0,None,,,3,On Median,2,Dark - Not Lighted,1,Clear,0,No Additional Atmospheric Conditions,1,Clear,0,No,0000000,Not Applicable,18,6:00pm-6:59pm,56,56,19,7:00pm-7:59pm,33,33,99,Unknown,99,Unknown EMS Hospital Arrival Time,0,None,0,None,0,None,1,0
2019,34,340338,New Jersey,2,2,0,0,0,4,4,11,CUMBERLAND (11),1970,MILLVILLE,18,18,10,October,2019,6,Friday,19,7:00pm-7:59pm,11,11,0,This section IS NOT on the NHS,2,Urban,7,Local,4,City or Municipal Highway Agency,6,Local Street - Municipality,BODGEN BLVD,,0,None,39.37228889,39.37228889,-75.052330560,-75.052330560,0,No Special Jurisdiction,12,Motor Vehicle In-Transport,2,Front-to-Front,0,No,1,Non-Junction,1,Not an Intersection,0,None,,,1,On Roadway,3,Dark - Lighted,1,Clear,0,No Additional Atmospheric Conditions,1,Clear,0,No,0000000,Not Applicable,19,7:00pm-7:59pm,8,8,19,7:00pm-7:59pm,23,23,88,Not Applicable (Not Transported),88,Not Applicable (Not Transported),0,None,0,None,0,None,1,0
2019,34,340339,New Jersey,2,2,0,0,0,2,2,7,CAMDEN (7),3465,VOORHEES,13,13,8,August,2019,3,Tuesday,10,10:00am-10:59am,26,26,1,This section IS ON the NHS,2,Urban,3,Principal Arterial - Other,2,County Highway Agency,4,County Road,CR-561 HADDONFILED BERLIN RD,LAUREL OAK RD,405,405,39.84602222,39.84602222,-74.973513890,-74.973513890,0,No Special Jurisdiction,12,Motor Vehicle In-Transport,6,Angle,0,No,2,Intersection,2,Four-Way Intersection,0,None,,,1,On Roadway,1,Daylight,2,Rain,0,No Additional Atmospheric Conditions,2,Rain,0,No,0000000,Not Applicable,10,10:00am-10:59am,30,30,10,10:00am-10:59am,33,33,11,11:00am-11:59am,10,10,0,None,0,None,0,None,1,0
2019,34,340340,New Jersey,2,2,0,0,0,4,4,37,SUSSEX (37),1576,LAFAYETTE,5,5,8,August,2019,2,Monday,22,10:00pm-10:59pm,37,37,0,This section IS NOT on the NHS,1,Rural,4,Minor Arterial,1,State Highway Agency,3,State Highway,SR-94,,282,282,41.09108889,41.09108889,-74.676236110,-74.676236110,0,No Special Jurisdiction,12,Motor Vehicle In-Transport,2,Front-to-Front,0,No,1,Non-Junction,1,Not an Intersection,0,None,,,1,On Roadway,3,Dark - Lighted,1,Clear,0,No Additional Atmospheric Conditions,1,Clear,0,No,0000000,Not Applicable,22,10:00pm-10:59pm,43,43,22,10:00pm-10:59pm,43,43,23,11:00pm-11:59pm,50,50,0,None,0,None,0,None,2,1
2019,34,340341,New Jersey,1,1,0,1,1,1,1,29,OCEAN (29),1801,MANCHESTER TOWNSHIP,13,13,10,October,2019,1,Sunday,19,7:00pm-7:59pm,37,37,0,This section IS NOT on the NHS,2,Urban,4,Minor Arterial,2,County Highway Agency,4,County Road,CR-530 LACEY RD,,203,203,39.95461667,39.95461667,-74.379575000,-74.379575000,0,No Special Jurisdiction,8,Pedestrian,0,The First Harmful Event was Not a Collision with a Motor Vehicle in Transport,0,No,1,Non-Junction,1,Not an Intersection,0,None,,,1,On Roadway,2,Dark - Not Lighted,2,Rain,10,Cloudy,2,Rain,0,No,0000000,Not Applicable,99,Unknown,99,Unknown,99,Unknown EMS Scene Arrival Hour,99,Unknown EMS Scene Arrival Minutes,99,Unknown,99,Unknown EMS Hospital Arrival Time,0,None,0,None,0,None,1,0
2019,34,340342,New Jersey,1,1,0,1,1,1,1,7,CAMDEN (7),520,CAMDEN,19,19,8,August,2019,2,Monday,23,11:00pm-11:59pm,0,0,1,This section IS ON the NHS,2,Urban,3,Principal Arterial - Other,2,County Highway Agency,4,County Road,CR-605 MT EPHRAIM AVE,CR-603 FERRY AVE,0,None,39.91806667,39.91806667,-75.101958330,-75.101958330,0,No Special Jurisdiction,8,Pedestrian,0,The First Harmful Event was Not a Collision with a Motor Vehicle in Transport,0,No,2,Intersection,2,Four-Way Intersection,0,None,,,1,On Roadway,3,Dark - Lighted,1,Clear,0,No Additional Atmospheric Conditions,1,Clear,0,No,0000000,Not Applicable,23,11:00pm-11:59pm,2,2,23,11:00pm-11:59pm,7,7,23,11:00pm-11:59pm,14,14,0,None,0,None,0,None,1,1
2019,34,340343,New Jersey,2,2,0,0,0,2,2,37,SUSSEX (37),1993,MONTAGUE,30,30,8,August,2019,6,Friday,20,8:00pm-8:59pm,57,57,1,This section IS ON the NHS,1,Rural,3,Principal Arterial - Other,1,State Highway Agency,3,State Highway,SR-23,,525,525,41.35132222,41.35132222,-74.686161110,-74.686161110,0,No Special Jurisdiction,1,Rollover/Overturn,0,The First Harmful Event was Not a Collision with a Motor Vehicle in Transport,0,No,8,Driveway Access Related,1,Not an Intersection,0,None,,,1,On Roadway,3,Dark - Lighted,1,Clear,0,No Additional Atmospheric Conditions,1,Clear,0,No,0000000,Not Applicable,20,8:00pm-8:59pm,56,56,99,Unknown EMS Scene Arrival Hour,99,Unknown EMS Scene Arrival Minutes,99,Unknown,99,Unknown EMS Hospital Arrival Time,0,None,0,None,0,None,1,0
2019,34,340344,New Jersey,1,1,0,1,1,1,1,35,SOMERSET (35),3100,SOMERVILLE,5,5,11,November,2019,3,Tuesday,14,2:00pm-2:59pm,23,23,0,This section IS NOT on the NHS,2,Urban,5,Major Collector,4,City or Municipal Highway Agency,6,Local Street - Municipality,EAST HIGH ST,,0,None,40.56950000,40.56950000,-74.610386110,-74.610386110,0,No Special Jurisdiction,8,Pedestrian,0,The First Harmful Event was Not a Collision with a Motor Vehicle in Transport,0,No,1,Non-Junction,1,Not an Intersection,0,None,,,1,On Roadway,1,Daylight,1,Clear,0,No Additional Atmospheric Conditions,1,Clear,0,No,0000000,Not Applicable,14,2:00pm-2:59pm,24,24,14,2:00pm-2:59pm,26,26,14,2:00pm-2:59pm,43,43,0,None,0,None,0,None,1,0
2019,34,340345,New Jersey,1,1,0,1,1,1,1,7,CAMDEN (7),520,CAMDEN,20,20,8,August,2019,3,Tuesday,0,0:00am-0:59am,22,22,0,This section IS NOT on the NHS,2,Urban,4,Minor Arterial,2,County Highway Agency,4,County Road,CR-608 BAIRD BLVD,,6,6,39.93888889,39.93888889,-75.092897220,-75.092897220,0,No Special Jurisdiction,8,Pedestrian,0,The First Harmful Event was Not a Collision with a Motor Vehicle in Transport,0,No,1,Non-Junction,1,Not an Intersection,0,None,,,1,On Roadway,3,Dark - Lighted,1,Clear,0,No Additional Atmospheric Conditions,1,Clear,0,No,0000000,Not Applicable,0,0:00am-0:59am,21,21,0,0:00am-0:59am,23,23,0,0:00am-0:59am,36,36,0,None,0,None,0,None,1,0
2019,34,340346,New Jersey,4,1,3,0,0,1,1,13,ESSEX (13),2130,NEWARK,12,12,8,August,2019,2,Monday,19,7:00pm-7:59pm,25,25,0,This section IS NOT on the NHS,2,Urban,7,Local,4,City or Municipal Highway Agency,6,Local Street - Municipality,MONTCLAIR AVE,,0,None,40.77792500,40.77792500,-74.159625000,-74.159625000,0,No Special Jurisdiction,14,Parked Motor Vehicle,0,The First Harmful Event was Not a Collision with a Motor Vehicle in Transport,0,No,1,Non-Junction,1,Not an Intersection,0,None,,,2,On Shoulder,1,Daylight,1,Clear,0,No Additional Atmospheric Conditions,1,Clear,0,No,0000000,Not Applicable,19,7:00pm-7:59pm,29,29,19,7:00pm-7:59pm,34,34,19,7:00pm-7:59pm,50,50,0,None,0,None,0,None,1,0
2019,34,340347,New Jersey,1,1,0,0,0,1,1,11,CUMBERLAND (11),3460,VINELAND,17,17,8,August,2019,7,Saturday,23,11:00pm-11:59pm,51,51,0,This section IS NOT on the NHS,2,Urban,5,Major Collector,4,City or Municipal Highway Agency,6,Local Street - Municipality,CHESTNUT AVE,EIGHT ST,13,13,39.47866389,39.47866389,-75.019377780,-75.019377780,0,No Special Jurisdiction,30,Utility Pole/Light Support,0,The First Harmful Event was Not a Collision with a Motor Vehicle in Transport,0,No,3,Intersection-Related,2,Four-Way Intersection,0,None,,,4,On Roadside,3,Dark - Lighted,1,Clear,0,No Additional Atmospheric Conditions,1,Clear,0,No,0000000,Not Applicable,23,11:00pm-11:59pm,53,53,23,11:00pm-11:59pm,56,56,0,0:00am-0:59am,21,21,0,None,0,None,0,None,1,1
2019,34,340348,New Jersey,1,1,0,0,0,2,2,39,UNION (39),2630,PLAINFIELD,2,2,8,August,2019,6,Friday,23,11:00pm-11:59pm,15,15,0,This section IS NOT on the NHS,2,Urban,4,Minor Arterial,2,County Highway Agency,4,County Road,CR-531 PARK AVE,,75,75,40.60709444,40.60709444,-74.405433330,-74.405433330,0,No Special Jurisdiction,33,Curb,0,The First Harmful Event was Not a Collision with a Motor Vehicle in Transport,0,No,1,Non-Junction,1,Not an Intersection,0,None,,,4,On Roadside,3,Dark - Lighted,1,Clear,0,No Additional Atmospheric Conditions,1,Clear,0,No,0000000,Not Applicable,23,11:00pm-11:59pm,16,16,23,11:00pm-11:59pm,18,18,23,11:00pm-11:59pm,54,54,0,None,0,None,0,None,1,1
2019,34,340349,New Jersey,2,2,0,0,0,2,2,23,MIDDLESEX (23),3144,SOUTH BRUNSWICK,8,8,8,August,2019,5,Thursday,20,8:00pm-8:59pm,50,50,1,This section IS ON the NHS,2,Urban,3,Principal Arterial - Other,2,County Highway Agency,4,County Road,CR-535 CRANBURY RD,DAVIDSONS MILL RD,209,209,40.38496111,40.38496111,-74.444022220,-74.444022220,0,No Special Jurisdiction,12,Motor Vehicle In-Transport,6,Angle,0,No,2,Intersection,3,T-Intersection,0,None,,,1,On Roadway,2,Dark - Not Lighted,1,Clear,0,No Additional Atmospheric Conditions,1,Clear,0,No,0000000,Not Applicable,20,8:00pm-8:59pm,48,48,20,8:00pm-8:59pm,54,54,88,Not Applicable (Not Transported),88,Not Applicable (Not Transported),0,None,0,None,0,None,1,1
2019,34,340350,New Jersey,2,2,0,0,0,2,2,23,MIDDLESEX (23),2417,OLD BRIDGE,29,29,8,August,2019,5,Thursday,6,6:00am-6:59am,10,10,1,This section IS ON the NHS,2,Urban,3,Principal Arterial - Other,1,State Highway Agency,2,U.S. Highway,US-9,,1246,1246,40.40475556,40.40475556,-74.305591670,-74.305591670,0,No Special Jurisdiction,12,Motor Vehicle In-Transport,8,Sideswipe - Opposite Direction,0,No,1,Non-Junction,1,Not an Intersection,0,None,,,1,On Roadway,4,Dawn,1,Clear,0,No Additional Atmospheric Conditions,1,Clear,0,No,0000000,Not Applicable,6,6:00am-6:59am,16,16,6,6:00am-6:59am,26,26,7,7:00am-7:59am,16,16,0,None,0,None,0,None,1,0
2019,34,340351,New Jersey,1,1,0,1,1,3,3,39,UNION (39),616,CLARK,30,30,8,August,2019,6,Friday,11,11:00am-11:59am,37,37,0,This section IS NOT on the NHS,2,Urban,4,Minor Arterial,2,County Highway Agency,4,County Road,CR-655 LAKE AVE,OAKRIDGE RD,0,None,40.61198056,40.61198056,-74.332277780,-74.332277780,0,No Special Jurisdiction,8,Pedestrian,0,The First Harmful Event was Not a Collision with a Motor Vehicle in Transport,0,No,3,Intersection-Related,2,Four-Way Intersection,0,None,,,1,On Roadway,1,Daylight,1,Clear,0,No Additional Atmospheric Conditions,1,Clear,0,No,0000000,Not Applicable,11,11:00am-11:59am,35,35,11,11:00am-11:59am,45,45,12,12:00pm-12:59pm,15,15,0,None,0,None,0,None,1,0
2019,34,340352,New Jersey,1,1,0,0,0,1,1,15,GLOUCESTER (15),0,NOT APPLICABLE,24,24,8,August,2019,7,Saturday,22,10:00pm-10:59pm,54,54,0,This section IS NOT on the NHS,2,Urban,5,Major Collector,2,County Highway Agency,4,County Road,CR-538 COLES MILL RD,,236,236,39.61916389,39.61916389,-74.928719440,-74.928719440,0,No Special Jurisdiction,1,Rollover/Overturn,0,The First Harmful Event was Not a Collision with a Motor Vehicle in Transport,0,No,1,Non-Junction,1,Not an Intersection,0,None,,,5,Outside Trafficway,3,Dark - Lighted,1,Clear,0,No Additional Atmospheric Conditions,1,Clear,0,No,0000000,Not Applicable,22,10:00pm-10:59pm,56,56,23,11:00pm-11:59pm,3,3,88,Not Applicable (Not Transported),88,Not Applicable (Not Transported),0,None,0,None,0,None,1,1