caseyear,state,st_case,statename,ve_total,ve_forms,pvh_invl,peds,pernotmvit,permvit,persons,county,countyname,city,cityname,day,dayname,month,monthname,year,day_week,day_weekname,hour,hourname,minute,minutename,nhs,nhsname,rur_urb,rur_urbname,func_sys,func_sysname,rd_owner,rd_ownername,route,routename,tway_id,tway_id2,milept,mileptname,latitude,latitudename,longitud,longitudname,sp_jur,sp_jurname,harm_ev,harm_evname,man_coll,man_collname,reljct1,reljct1name,reljct2,reljct2name,typ_int,typ_intname,wrk_zone,wrk_zonename,road_fnc,road_fncname,rel_road,rel_roadname,lgt_cond,lgt_condname,weather1,weather1name,weather2,weather2name,weather,weathername,sch_bus,sch_busname,rail,railname,not_hour,not_hourname,not_min,not_minname,arr_hour,arr_hourname,arr_min,arr_minname,hosp_hr,hosp_hrname,hosp_mn,hosp_mnname,cf1,cf1name,cf2,cf2name,cf3,cf3name,fatals,drunk_dr
2019,34,340454,New Jersey,1,1,0,0,0,1,1,3,BERGEN (3),1340,HAWORTH,17,17,10,October,2019,5,Thursday,21,9:00pm-9:59pm,42,42,0,This section IS NOT on the NHS,2,Urban,7,Local,4,City or Municipal Highway Agency,6,Local Street - Municipality,LAKE SHORE DR,,0,None,40.96063889,40.96063889,-74.015130560,-74.015130560,0,No Special Jurisdiction,42,Tree (Standing Only),0,The First Harmful Event was Not a Collision with a Motor Vehicle in Transport,0,No,1,Non-Junction,1,Not an Intersection,0,None,,,5,Outside Trafficway,3,Dark - Lighted,1,Clear,0,No Additional Atmospheric Conditions,1,Clear,0,No,0000000,Not Applicable,21,9:00pm-9:59pm,50,50,22,10:00pm-10:59pm,0,0,23,11:00pm-11:59pm,7,7,0,None,0,None,0,None,1,0
2019,34,340455,New Jersey,2,2,0,0,0,2,2,11,CUMBERLAND (11),0,NOT APPLICABLE,23,23,11,November,2019,7,Saturday,8,8:00am-8:59am,35,35,0,This section IS NOT on the NHS,1,Rural,4,Minor Arterial,1,State Highway Agency,3,State Highway,SR-77,POLK LN,68,68,39.51491944,39.51491944,-75.229605560,-75.229605560,0,No Special Jurisdiction,12,Motor Vehicle In-Transport,6,Angle,0,No,2,Intersection,2,Four-Way Intersection,0,None,,,1,On Roadway,1,Daylight,1,Clear,0,No Additional Atmospheric Conditions,1,Clear,0,No,0000000,Not Applicable,8,8:00am-8:59am,33,33,8,8:00am-8:59am,49,49,9,9:00am-9:59am,12,12,0,None,0,None,0,None,1,0
2019,34,340456,New Jersey,3,3,0,0,0,5,5,29,OCEAN (29),3360,TOMS RIVER,15,15,10,October,2019,3,Tuesday,19,7:00pm-7:59pm,48,48,1,This section IS ON the NHS,2,Urban,3,Principal Arterial - Other,1,State Highway Agency,2,U.S. Highway,US-9,,963,963,40.01166389,40.01166389,-74.216852780,-74.216852780,0,No Special Jurisdiction,12,Motor Vehicle In-Transport,1,Front-to-Rear,0,No,1,Non-Junction,1,Not an Intersection,0,None,,,1,On Roadway,9,Reported as Unknown,1,Clear,0,No Additional Atmospheric Conditions,1,Clear,0,No,0000000,Not Applicable,19,7:00pm-7:59pm,48,48,19,7:00pm-7:59pm,53,53,99,Unknown,99,Unknown EMS Hospital Arrival Time,0,None,0,None,0,None,1,1
2019,34,340457,New Jersey,3,3,0,1,1,1,1,29,OCEAN (29),3360,TOMS RIVER,14,14,10,October,2019,2,Monday,5,5:00am-5:59am,49,49,1,This section IS ON the NHS,2,Urban,3,Principal Arterial - Other,1,State Highway Agency,3,State Highway,SR-37,,25,25,39.99015556,39.99015556,-74.267197220,-74.267197220,0,No Special Jurisdiction,12,Motor Vehicle In-Transport,7,Sideswipe - Same Direction,0,No,1,Non-Junction,1,Not an Intersection,0,None,,,1,On Roadway,3,Dark - Lighted,5,"Fog, Smog, Smoke",0,No Additional Atmospheric Conditions,5,"Fog, Smog, Smoke",0,No,0000000,Not Applicable,5,5:00am-5:59am,50,50,5,5:00am-5:59am,59,59,88,Not Applicable (Not Transported),88,Not Applicable (Not Transported),23,Indication of a Stalled/Disabled Vehicle,0,None,0,None,1,0
2019,34,340458,New Jersey,1,1,0,1,1,1,1,3,BERGEN (3),2480,PARAMUS,1,1,12,December,2019,1,Sunday,11,11:00am-11:59am,31,31,0,This section IS NOT on the NHS,2,Urban,4,Minor Arterial,2,County Highway Agency,4,County Road,CR-62 PARAMUS RD,,68,68,40.96943611,40.96943611,-74.091591670,-74.091591670,0,No Special Jurisdiction,8,Pedestrian,0,The First Harmful Event was Not a Collision with a Motor Vehicle in Transport,0,No,1,Non-Junction,1,Not an Intersection,0,None,,,1,On Roadway,1,Daylight,2,Rain,0,No Additional Atmospheric Conditions,2,Rain,0,No,0000000,Not Applicable,11,11:00am-11:59am,35,35,11,11:00am-11:59am,37,37,12,12:00pm-12:59pm,22,22,0,None,0,None,0,None,1,0
2019,34,340459,New Jersey,1,1,0,0,0,2,2,17,HUDSON (17),1520,JERSEY CITY,11,11,12,December,2019,4,Wednesday,2,2:00am-2:59am,27,27,1,This section IS ON the NHS,2,Urban,3,Principal Arterial - Other,1,State Highway Agency,3,State Highway,SR-139,,8,8,40.73126944,40.73126944,-74.050877780,-74.050877780,0,No Special Jurisdiction,20,Impact Attenuator/Crash Cushion,0,The First Harmful Event was Not a Collision with a Motor Vehicle in Transport,0,No,1,Non-Junction,1,Not an Intersection,0,None,,,10,Separator,3,Dark - Lighted,12,Freezing Rain or Drizzle,0,No Additional Atmospheric Conditions,12,Freezing Rain or Drizzle,0,No,0000000,Not Applicable,2,2:00am-2:59am,45,45,2,2:00am-2:59am,50,50,3,3:00am-3:59am,1,1,0,None,0,None,0,None,1,0
2019,34,340460,New Jersey,1,1,0,0,0,1,1,11,CUMBERLAND (11),3460,VINELAND,8,8,12,December,2019,1,Sunday,10,10:00am-10:59am,35,35,0,This section IS NOT on the NHS,2,Urban,7,Local,4,City or Municipal Highway Agency,6,Local Street - Municipality,PIACENZIA AVE,,0,None,39.47076944,39.47076944,-74.930208330,-74.930208330,0,No Special Jurisdiction,42,Tree (Standing Only),0,The First Harmful Event was Not a Collision with a Motor Vehicle in Transport,0,No,1,Non-Junction,1,Not an Intersection,0,None,,,5,Outside Trafficway,1,Daylight,1,Clear,0,No Additional Atmospheric Conditions,1,Clear,0,No,0000000,Not Applicable,10,10:00am-10:59am,15,15,10,10:00am-10:59am,27,27,88,Not Applicable (Not Transported),88,Not Applicable (Not Transported),0,None,0,None,0,None,1,1
2019,34,340461,New Jersey,2,2,0,0,0,2,2,9,CAPE MAY (9),0,NOT APPLICABLE,6,6,12,December,2019,6,Friday,22,10:00pm-10:59pm,28,28,0,This section IS NOT on the NHS,2,Urban,4,Minor Arterial,1,State Highway Agency,2,U.S. Highway,US-9,,262,262,39.23700278,39.23700278,-74.677983330,-74.677983330,0,No Special Jurisdiction,12,Motor Vehicle In-Transport,2,Front-to-Front,0,No,4,Driveway Access,1,Not an Intersection,0,None,,,1,On Roadway,3,Dark - Lighted,1,Clear,0,No Additional Atmospheric Conditions,1,Clear,0,No,0000000,Not Applicable,22,10:00pm-10:59pm,24,24,22,10:00pm-10:59pm,37,37,23,11:00pm-11:59pm,16,16,0,None,0,None,0,None,1,0
2019,34,340462,New Jersey,2,2,0,0,0,2,2,33,SALEM (33),2617,TOWNSHIP OF PITTSGROVE,3,3,12,December,2019,3,Tuesday,17,5:00pm-5:59pm,27,27,0,This section IS NOT on the NHS,1,Rural,5,Major Collector,2,County Highway Agency,4,County Road,CR-611 SHIRLEY RD,CR-677 BURLINGTON RD,90,90,39.58160833,39.58160833,-75.192333330,-75.192333330,0,No Special Jurisdiction,12,Motor Vehicle In-Transport,6,Angle,0,No,2,Intersection,2,Four-Way Intersection,0,None,,,1,On Roadway,2,Dark - Not Lighted,1,Clear,0,No Additional Atmospheric Conditions,1,Clear,0,No,0000000,Not Applicable,17,5:00pm-5:59pm,25,25,17,5:00pm-5:59pm,27,27,99,Unknown,99,Unknown EMS Hospital Arrival Time,0,None,0,None,0,None,1,0
2019,34,340463,New Jersey,4,4,0,0,0,6,6,27,MORRIS (27),2498,PARSIPPANY,18,18,10,October,2019,6,Friday,1,1:00am-1:59am,45,45,1,This section IS ON the NHS,2,Urban,1,Interstate,1,State Highway Agency,1,Interstate,I-80,,452,452,40.86020556,40.86020556,-74.389188890,-74.389188890,0,No Special Jurisdiction,12,Motor Vehicle In-Transport,2,Front-to-Front,0,No,1,Non-Junction,1,Not an Intersection,0,None,,,1,On Roadway,3,Dark - Lighted,1,Clear,0,No Additional Atmospheric Conditions,1,Clear,0,No,0000000,Not Applicable,1,1:00am-1:59am,50,50,2,2:00am-2:59am,1,1,2,2:00am-2:59am,29,29,0,None,0,None,0,None,3,2
2019,34,340464,New Jersey,1,1,0,0,0,2,2,41,WARREN (41),0,NOT APPLICABLE,24,24,10,October,2019,5,Thursday,14,2:00pm-2:59pm,14,14,0,This section IS NOT on the NHS,1,Rural,4,Minor Arterial,1,State Highway Agency,2,U.S. Highway,US-46,,149,149,40.85703056,40.85703056,-74.926402780,-74.926402780,0,No Special Jurisdiction,24,Guardrail Face,0,The First Harmful Event was Not a Collision with a Motor Vehicle in Transport,0,No,1,Non-Junction,1,Not an Intersection,0,None,,,4,On Roadside,1,Daylight,1,Clear,0,No Additional Atmospheric Conditions,1,Clear,0,No,0000000,Not Applicable,14,2:00pm-2:59pm,14,14,14,2:00pm-2:59pm,38,38,88,Not Applicable (Not Transported),88,Not Applicable (Not Transported),0,None,0,None,0,None,2,0
2019,34,340465,New Jersey,1,1,0,0,0,1,1,25,MONMOUTH (25),0,NOT APPLICABLE,22,22,9,September,2019,1,Sunday,10,10:00am-10:59am,54,54,0,This section IS NOT on the NHS,1,Rural,4,Minor Arterial,2,County Highway Agency,4,County Road,CR-1 SWEETMANS LN,,54,54,40.22135556,40.22135556,-74.385427780,-74.385427780,0,No Special Jurisdiction,42,Tree (Standing Only),0,The First Harmful Event was Not a Collision with a Motor Vehicle in Transport,0,No,1,Non-Junction,1,Not an Intersection,0,None,,,5,Outside Trafficway,1,Daylight,1,Clear,0,No Additional Atmospheric Conditions,1,Clear,0,No,0000000,Not Applicable,99,Unknown,99,Unknown,99,Unknown EMS Scene Arrival Hour,99,Unknown EMS Scene Arrival Minutes,99,Unknown,99,Unknown EMS Hospital Arrival Time,0,None,0,None,0,None,1,0
2019,34,340466,New Jersey,1,1,0,0,0,1,1,25,MONMOUTH (25),0,NOT APPLICABLE,16,16,9,September,2019,2,Monday,22,10:00pm-10:59pm,47,47,0,This section IS NOT on the NHS,2,Urban,5,Major Collector,2,County Highway Agency,4,County Road,CR-524 STAGE COACH RD,,172,172,40.19675278,40.19675278,-74.407730560,-74.407730560,0,No Special Jurisdiction,42,Tree (Standing Only),0,The First Harmful Event was Not a Collision with a Motor Vehicle in Transport,0,No,1,Non-Junction,1,Not an Intersection,0,None,,,5,Outside Trafficway,2,Dark - Not Lighted,1,Clear,0,No Additional Atmospheric Conditions,1,Clear,0,No,0000000,Not Applicable,22,10:00pm-10:59pm,52,52,23,11:00pm-11:59pm,2,2,88,Not Applicable (Not Transported),88,Not Applicable (Not Transported),0,None,0,None,0,None,1,1
2019,34,340467,New Jersey,2,2,0,0,0,5,5,31,PASSAIC (31),2510,PATERSON,25,25,10,October,2019,6,Friday,9,9:00am-9:59am,30,30,1,This section IS ON the NHS,2,Urban,2,Principal Arterial - Other Freeways and Expressways,1,State Highway Agency,3,State Highway,SR-19,,17,17,40.89833889,40.89833889,-74.170777780,-74.170777780,0,No Special Jurisdiction,12,Motor Vehicle In-Transport,1,Front-to-Rear,0,No,1,Non-Junction,1,Not an Intersection,0,None,,,1,On Roadway,1,Daylight,1,Clear,0,No Additional Atmospheric Conditions,1,Clear,0,No,0000000,Not Applicable,9,9:00am-9:59am,42,42,9,9:00am-9:59am,52,52,10,10:00am-10:59am,13,13,0,None,0,None,0,None,1,0
2019,34,340468,New Jersey,1,1,0,1,1,1,1,21,MERCER (21),3380,TRENTON,20,20,10,October,2019,1,Sunday,20,8:00pm-8:59pm,9,9,1,This section IS ON the NHS,2,Urban,3,Principal Arterial - Other,4,City or Municipal Highway Agency,3,State Highway,SR-33 GREENWOOD AVE,S OLDEN AVE,12,12,40.22396944,40.22396944,-74.737213890,-74.737213890,0,No Special Jurisdiction,8,Pedestrian,0,The First Harmful Event was Not a Collision with a Motor Vehicle in Transport,0,No,3,Intersection-Related,2,Four-Way Intersection,0,None,,,1,On Roadway,3,Dark - Lighted,2,Rain,0,No Additional Atmospheric Conditions,2,Rain,0,No,0000000,Not Applicable,20,8:00pm-8:59pm,11,11,20,8:00pm-8:59pm,13,13,20,8:00pm-8:59pm,25,25,0,None,0,None,0,None,1,0
2019,34,340469,New Jersey,4,4,0,0,0,7,7,3,BERGEN (3),2770,RIDGEFIELD,26,26,10,October,2019,7,Saturday,14,2:00pm-2:59pm,46,46,1,This section IS ON the NHS,2,Urban,1,Interstate,31,State Toll Road,1,Interstate,I-95,,702,702,40.82608611,40.82608611,-74.030713890,-74.030713890,0,No Special Jurisdiction,12,Motor Vehicle In-Transport,1,Front-to-Rear,0,No,1,Non-Junction,1,Not an Intersection,0,None,,,1,On Roadway,1,Daylight,1,Clear,0,No Additional Atmospheric Conditions,1,Clear,0,No,0000000,Not Applicable,99,Unknown,99,Unknown,99,Unknown EMS Scene Arrival Hour,99,Unknown EMS Scene Arrival Minutes,99,Unknown,99,Unknown EMS Hospital Arrival Time,0,None,0,None,0,None,1,0
2019,34,340470,New Jersey,1,1,0,1,1,1,1,21,MERCER (21),3380,TRENTON,8,8,10,October,2019,3,Tuesday,13,1:00pm-1:59pm,13,13,1,This section IS ON the NHS,2,Urban,3,Principal Arterial - Other,1,State Highway Agency,3,State Highway,SR-129,HAMILTON AVE,21,21,40.21353889,40.21353889,-74.756605560,-74.756605560,0,No Special Jurisdiction,8,Pedestrian,0,The First Harmful Event was Not a Collision with a Motor Vehicle in Transport,0,No,3,Intersection-Related,2,Four-Way Intersection,0,None,,,1,On Roadway,1,Daylight,1,Clear,0,No Additional Atmospheric Conditions,1,Clear,0,No,0000000,Not Applicable,99,Unknown,99,Unknown,99,Unknown EMS Scene Arrival Hour,99,Unknown EMS Scene Arrival Minutes,99,Unknown,99,Unknown EMS Hospital Arrival Time,0,None,0,None,0,None,1,0
2019,34,340471,New Jersey,1,1,0,0,0,1,1,29,OCEAN (29),0,NOT APPLICABLE,5,5,12,December,2019,5,Thursday,8,8:00am-8:59am,57,57,1,This section IS ON the NHS,1,Rural,2,Principal Arterial - Other Freeways and Expressways,31,State Toll Road,8,Other,GSP-444,,747,747,39.85680833,39.85680833,-74.223194440,-74.223194440,0,No Special Jurisdiction,24,Guardrail Face,0,The First Harmful Event was Not a Collision with a Motor Vehicle in Transport,0,No,1,Non-Junction,1,Not an Intersection,0,None,,,3,On Median,1,Daylight,1,Clear,0,No Additional Atmospheric Conditions,1,Clear,0,No,0000000,Not Applicable,99,Unknown,99,Unknown,99,Unknown EMS Scene Arrival Hour,99,Unknown EMS Scene Arrival Minutes,88,Not Applicable (Not Transported),88,Not Applicable (Not Transported),0,None,0,None,0,None,1,0
2019,34,340472,New Jersey,2,2,0,0,0,2,2,27,MORRIS (27),2850,ROCKAWAY,13,13,12,December,2019,6,Friday,8,8:00am-8:59am,34,34,0,This section IS NOT on the NHS,2,Urban,4,Minor Arterial,2,County Highway Agency,4,County Road,CR-513 GREEN POND RD,,568,568,41.03630833,41.03630833,-74.451383330,-74.451383330,0,No Special Jurisdiction,12,Motor Vehicle In-Transport,6,Angle,0,No,1,Non-Junction,1,Not an Intersection,0,None,,,1,On Roadway,1,Daylight,4,Snow,0,No Additional Atmospheric Conditions,4,Snow,0,No,0000000,Not Applicable,8,8:00am-8:59am,38,38,8,8:00am-8:59am,56,56,99,Unknown,99,Unknown EMS Hospital Arrival Time,0,None,0,None,0,None,1,0
2019,34,340473,New Jersey,1,1,0,1,1,2,2,15,GLOUCESTER (15),3569,WEST DEPTFORD,3,3,10,October,2019,5,Thursday,19,7:00pm-7:59pm,1,1,0,This section IS NOT on the NHS,2,Urban,4,Minor Arterial,2,County Highway Agency,4,County Road,CR-656 PARKVILLE STATION RD,,21,21,39.81623333,39.81623333,-75.191022220,-75.191022220,0,No Special Jurisdiction,8,Pedestrian,0,The First Harmful Event was Not a Collision with a Motor Vehicle in Transport,0,No,1,Non-Junction,1,Not an Intersection,0,None,,,1,On Roadway,2,Dark - Not Lighted,2,Rain,0,No Additional Atmospheric Conditions,2,Rain,0,No,0000000,Not Applicable,19,7:00pm-7:59pm,2,2,19,7:00pm-7:59pm,8,8,19,7:00pm-7:59pm,31,31,0,None,0,None,0,None,1,0
2019,34,340474,New Jersey,1,1,0,1,1,1,1,13,ESSEX (13),2130,NEWARK,3,3,9,September,2019,3,Tuesday,11,11:00am-11:59am,58,58,0,This section IS NOT on the NHS,2,Urban,7,Local,4,City or Municipal Highway Agency,6,Local Street - Municipality,WASHINGTON ST,BROAD ST,0,None,40.74433611,40.74433611,-74.170194440,-74.170194440,0,No Special Jurisdiction,8,Pedestrian,0,The First Harmful Event was Not a Collision with a Motor Vehicle in Transport,0,No,3,Intersection-Related,2,Four-Way Intersection,0,None,,,1,On Roadway,1,Daylight,1,Clear,0,No Additional Atmospheric Conditions,1,Clear,0,No,0000000,Not Applicable,99,Unknown,99,Unknown,99,Unknown EMS Scene Arrival Hour,99,Unknown EMS Scene Arrival Minutes,88,Not Applicable (Not Transported),88,Not Applicable (Not Transported),0,None,0,None,0,None,1,0
2019,34,340475,New Jersey,1,1,0,1,1,1,1,13,ESSEX (13),2130,NEWARK,31,31,12,December,2019,3,Tuesday,13,1:00pm-1:59pm,45,45,0,This section IS NOT on the NHS,2,Urban,4,Minor Arterial,2,County Highway Agency,4,County Road,CR-605  SANFORD AVE,MT VERNON PL,8,8,40.73551111,40.73551111,-74.237150000,-74.237150000,0,No Special Jurisdiction,8,Pedestrian,0,The First Harmful Event was Not a Collision with a Motor Vehicle in Transport,0,No,3,Intersection-Related,2,Four-Way Intersection,0,None,,,1,On Roadway,1,Daylight,1,Clear,0,No Additional Atmospheric Conditions,1,Clear,0,No,0000000,Not Applicable,13,1:00pm-1:59pm,47,47,13,1:00pm-1:59pm,58,58,14,2:00pm-2:59pm,28,28,31,Related to a Bus Stop,0,None,0,None,1,0
2019,34,340476,New Jersey,2,2,0,1,1,2,2,7,CAMDEN (7),0,NOT APPLICABLE,25,25,10,October,2019,6,Friday,19,7:00pm-7:59pm,22,22,0,This section IS NOT on the NHS,2,Urban,4,Minor Arterial,2,County Highway Agency,4,County Road,CR-673 COLLEGE DR,,23,23,39.80314722,39.80314722,-75.024727780,-75.024727780,0,No Special Jurisdiction,8,Pedestrian,0,The First Harmful Event was Not a Collision with a Motor Vehicle in Transport,0,No,1,Non-Junction,1,Not an Intersection,0,None,,,1,On Roadway,3,Dark - Lighted,1,Clear,0,No Additional Atmospheric Conditions,1,Clear,0,No,0000000,Not Applicable,19,7:00pm-7:59pm,23,23,19,7:00pm-7:59pm,31,31,88,Not Applicable (Not Transported),88,Not Applicable (Not Transported),0,None,0,None,0,None,1,0
2019,34,340477,New Jersey,1,1,0,1,1,1,1,21,MERCER (21),3380,TRENTON,5,5,12,December,2019,5,Thursday,10,10:00am-10:59am,35,35,1,This section IS ON the NHS,2,Urban,3,Principal Arterial - Other,4,City or Municipal Highway Agency,3,State Highway,SR-33,CR-626 CHAMBERS ST,7,7,40.21981389,40.21981389,-74.745075000,-74.745075000,0,No Special Jurisdiction,8,Pedestrian,0,The First Harmful Event was Not a Collision with a Motor Vehicle in Transport,0,No,3,Intersection-Related,2,Four-Way Intersection,0,None,,,1,On Roadway,1,Daylight,1,Clear,0,No Additional Atmospheric Conditions,1,Clear,0,No,0000000,Not Applicable,10,10:00am-10:59am,36,36,10,10:00am-10:59am,38,38,88,Not Applicable (Not Transported),88,Not Applicable (Not Transported),0,None,0,None,0,None,1,0
2019,34,340478,New Jersey,1,1,0,1,1,1,1,3,BERGEN (3),640,CLIFFSIDE PARK,18,18,12,December,2019,4,Wednesday,10,10:00am-10:59am,3,3,0,This section IS NOT on the NHS,2,Urban,4,Minor Arterial,2,County Highway Agency,4,County Road,CR-29 ANDERSON AVE,LAFAYETTE AVE,16,16,40.82969167,40.82969167,-73.985983330,-73.985983330,0,No Special Jurisdiction,8,Pedestrian,0,The First Harmful Event was Not a Collision with a Motor Vehicle in Transport,0,No,3,Intersection-Related,2,Four-Way Intersection,0,None,,,1,On Roadway,1,Daylight,1,Clear,0,No Additional Atmospheric Conditions,1,Clear,0,No,0000000,Not Applicable,10,10:00am-10:59am,3,3,10,10:00am-10:59am,5,5,10,10:00am-10:59am,15,15,0,None,0,None,0,None,1,0
2019,34,340479,New Jersey,3,3,0,0,0,8,8,29,OCEAN (29),3360,TOMS RIVER,15,15,12,December,2019,1,Sunday,20,8:00pm-8:59pm,13,13,1,This section IS ON the NHS,2,Urban,3,Principal Arterial - Other,1,State Highway Agency,3,State Highway,SR-70,CR-637 MASSACHUSETTS AVE,492,492,40.04271389,40.04271389,-74.232288890,-74.232288890,0,No Special Jurisdiction,12,Motor Vehicle In-Transport,6,Angle,0,No,2,Intersection,2,Four-Way Intersection,0,None,,,1,On Roadway,3,Dark - Lighted,1,Clear,0,No Additional Atmospheric Conditions,1,Clear,0,No,0000000,Not Applicable,20,8:00pm-8:59pm,16,16,20,8:00pm-8:59pm,20,20,21,9:00pm-9:59pm,2,2,0,None,0,None,0,None,1,0
2019,34,340480,New Jersey,2,2,0,0,0,3,3,5,BURLINGTON (5),0,NOT APPLICABLE,9,9,12,December,2019,2,Monday,6,6:00am-6:59am,27,27,1,This section IS ON the NHS,2,Urban,4,Minor Arterial,1,State Highway Agency,3,State Highway,SR-68,CR-537 MONMOUTH RD,29,29,40.05655278,40.05655278,-74.650127780,-74.650127780,0,No Special Jurisdiction,12,Motor Vehicle In-Transport,6,Angle,0,No,2,Intersection,2,Four-Way Intersection,0,None,,,1,On Roadway,1,Daylight,2,Rain,0,No Additional Atmospheric Conditions,2,Rain,0,No,0000000,Not Applicable,5,5:00am-5:59am,59,59,6,6:00am-6:59am,11,11,7,7:00am-7:59am,10,10,0,None,0,None,0,None,2,0
2019,34,340481,New Jersey,1,1,0,1,1,1,1,21,MERCER (21),3380,TRENTON,22,22,12,December,2019,1,Sunday,16,4:00pm-4:59pm,25,25,0,This section IS NOT on the NHS,2,Urban,4,Minor Arterial,4,City or Municipal Highway Agency,6,Local Street - Municipality,STUYVESANT AVE,CHRISTOPHER ST,3,3,40.23365278,40.23365278,-74.779186110,-74.779186110,0,No Special Jurisdiction,8,Pedestrian,0,The First Harmful Event was Not a Collision with a Motor Vehicle in Transport,0,No,3,Intersection-Related,3,T-Intersection,0,None,,,1,On Roadway,5,Dusk,1,Clear,0,No Additional Atmospheric Conditions,1,Clear,0,No,0000000,Not Applicable,16,4:00pm-4:59pm,27,27,16,4:00pm-4:59pm,33,33,16,4:00pm-4:59pm,56,56,0,None,0,None,0,None,1,0
2019,34,340482,New Jersey,1,1,0,1,1,1,1,31,PASSAIC (31),3522,WAYNE,11,11,12,December,2019,4,Wednesday,21,9:00pm-9:59pm,52,52,1,This section IS ON the NHS,2,Urban,3,Principal Arterial - Other,1,State Highway Agency,2,U.S. Highway,US-46,,559,559,40.89312500,40.89312500,-74.256883330,-74.256883330,0,No Special Jurisdiction,8,Pedestrian,0,The First Harmful Event was Not a Collision with a Motor Vehicle in Transport,0,No,1,Non-Junction,1,Not an Intersection,0,None,,,1,On Roadway,3,Dark - Lighted,1,Clear,0,No Additional Atmospheric Conditions,1,Clear,0,No,0000000,Not Applicable,21,9:00pm-9:59pm,55,55,22,10:00pm-10:59pm,8,8,22,10:00pm-10:59pm,26,26,0,None,0,None,0,None,1,0
2019,34,340483,New Jersey,1,1,0,0,0,2,2,23,MIDDLESEX (23),2417,OLD BRIDGE,30,30,11,November,2019,7,Saturday,13,1:00pm-1:59pm,49,49,0,This section IS NOT on the NHS,1,Rural,7,Local,4,City or Municipal Highway Agency,6,Local Street - Municipality,PLEASANT VALLEY RD,,0,None,40.37670278,40.37670278,-74.347391670,-74.347391670,0,No Special Jurisdiction,42,Tree (Standing Only),0,The First Harmful Event was Not a Collision with a Motor Vehicle in Transport,0,No,1,Non-Junction,1,Not an Intersection,0,None,,,5,Outside Trafficway,1,Daylight,1,Clear,0,No Additional Atmospheric Conditions,1,Clear,0,No,0000000,Not Applicable,13,1:00pm-1:59pm,58,58,14,2:00pm-2:59pm,2,2,15,3:00pm-3:59pm,4,4,0,None,0,None,0,None,1,0
2019,34,340484,New Jersey,3,2,1,0,0,3,3,23,MIDDLESEX (23),2417,OLD BRIDGE,15,15,11,November,2019,6,Friday,10,10:00am-10:59am,18,18,1,This section IS ON the NHS,2,Urban,3,Principal Arterial - Other,1,State Highway Agency,3,State Highway,SR-18,,315,315,40.37991667,40.37991667,-74.323641670,-74.323641670,0,No Special Jurisdiction,45,Working Motor Vehicle,0,The First Harmful Event was Not a Collision with a Motor Vehicle in Transport,0,No,1,Non-Junction,1,Not an Intersection,1,Construction,,,1,On Roadway,1,Daylight,1,Clear,0,No Additional Atmospheric Conditions,1,Clear,0,No,0000000,Not Applicable,10,10:00am-10:59am,23,23,10,10:00am-10:59am,26,26,10,10:00am-10:59am,45,45,0,None,0,None,0,None,1,0
2019,34,340485,New Jersey,1,1,0,0,0,1,1,11,CUMBERLAND (11),1193,GREENWICH,1,1,12,December,2019,1,Sunday,5,5:00am-5:59am,29,29,0,This section IS NOT on the NHS,1,Rural,7,Local,4,City or Municipal Highway Agency,6,Local Street - Municipality,TINDALL ISLAND RD,,0,None,39.38288056,39.38288056,-75.369552780,-75.369552780,0,No Special Jurisdiction,42,Tree (Standing Only),0,The First Harmful Event was Not a Collision with a Motor Vehicle in Transport,0,No,1,Non-Junction,1,Not an Intersection,0,None,,,5,Outside Trafficway,2,Dark - Not Lighted,1,Clear,0,No Additional Atmospheric Conditions,1,Clear,0,No,0000000,Not Applicable,5,5:00am-5:59am,44,44,6,6:00am-6:59am,0,0,88,Not Applicable (Not Transported),88,Not Applicable (Not Transported),0,None,0,None,0,None,1,1
2019,34,340486,New Jersey,1,1,0,0,0,1,1,15,GLOUCESTER (15),0,NOT APPLICABLE,28,28,11,November,2019,5,Thursday,16,4:00pm-4:59pm,13,13,1,This section IS ON the NHS,2,Urban,3,Principal Arterial - Other,1,State Highway Agency,3,State Highway,SR-42,MARSHA AVE,5,5,39.69546389,39.69546389,-74.999105560,-74.999105560,0,No Special Jurisdiction,33,Curb,0,The First Harmful Event was Not a Collision with a Motor Vehicle in Transport,0,No,3,Intersection-Related,3,T-Intersection,0,None,,,4,On Roadside,1,Daylight,1,Clear,0,No Additional Atmospheric Conditions,1,Clear,0,No,0000000,Not Applicable,16,4:00pm-4:59pm,15,15,16,4:00pm-4:59pm,28,28,16,4:00pm-4:59pm,57,57,0,None,0,None,0,None,1,0