caseyear,state,st_case,statename,ve_total,ve_forms,pvh_invl,peds,pernotmvit,permvit,persons,county,countyname,city,cityname,day,dayname,month,monthname,year,day_week,day_weekname,hour,hourname,minute,minutename,nhs,nhsname,rur_urb,rur_urbname,func_sys,func_sysname,rd_owner,rd_ownername,route,routename,tway_id,tway_id2,milept,mileptname,latitude,latitudename,longitud,longitudname,sp_jur,sp_jurname,harm_ev,harm_evname,man_coll,man_collname,reljct1,reljct1name,reljct2,reljct2name,typ_int,typ_intname,wrk_zone,wrk_zonename,road_fnc,road_fncname,rel_road,rel_roadname,lgt_cond,lgt_condname,weather1,weather1name,weather2,weather2name,weather,weathername,sch_bus,sch_busname,rail,railname,not_hour,not_hourname,not_min,not_minname,arr_hour,arr_hourname,arr_min,arr_minname,hosp_hr,hosp_hrname,hosp_mn,hosp_mnname,cf1,cf1name,cf2,cf2name,cf3,cf3name,fatals,drunk_dr
2020,34,340023,New Jersey,1,1,0,1,1,1,1,31,PASSAIC (31),3522,WAYNE,31,31,1,January,2020,6,Friday,18,6:00pm-6:59pm,45,45,1,This section IS ON the NHS,2,Urban,3,Principal Arterial - Other,1,State Highway Agency,3,State Highway,SR-23,,99998,Not Reported,40.93683889,40.93683889,-74.269280560,-74.269280560,0,No Special Jurisdiction,8,Pedestrian,0,The First Harmful Event was Not a Collision with a Motor Vehicle in Transport,0,No,1,Non-Junction,1,Not an Intersection,0,None,,,1,On Roadway,2,Dark - Not Lighted,,,,,1,Clear,0,No,0000000,Not Applicable,18,6:00pm-6:59pm,48,48,19,7:00pm-7:59pm,26,26,19,7:00pm-7:59pm,26,26,,,,,,,1,0
2020,34,340024,New Jersey,1,1,0,0,0,2,2,39,UNION (39),2050,MOUNTAINSIDE,12,12,1,January,2020,1,Sunday,4,4:00am-4:59am,3,3,1,This section IS ON the NHS,2,Urban,3,Principal Arterial - Other,1,State Highway Agency,3,State Highway,SR-22 E,,504,504,40.67322500,40.67322500,-74.352455560,-74.352455560,0,No Special Jurisdiction,33,Curb,0,The First Harmful Event was Not a Collision with a Motor Vehicle in Transport,0,No,1,Non-Junction,1,Not an Intersection,0,None,,,4,On Roadside,3,Dark - Lighted,,,,,1,Clear,0,No,0000000,Not Applicable,4,4:00am-4:59am,1,1,4,4:00am-4:59am,5,5,88,"Not Applicable (Not Transported) ",88,Not Applicable (Not Transported),,,,,,,2,0
2020,34,340025,New Jersey,1,1,0,0,0,2,2,3,BERGEN (3),960,FAIRVIEW,18,18,3,March,2020,4,Wednesday,1,1:00am-1:59am,29,29,1,This section IS ON the NHS,2,Urban,3,Principal Arterial - Other,1,State Highway Agency,2,U.S. Highway,US-1,,609,609,40.81487500,40.81487500,-74.009380560,-74.009380560,0,No Special Jurisdiction,25,Concrete Traffic Barrier,0,The First Harmful Event was Not a Collision with a Motor Vehicle in Transport,0,No,1,Non-Junction,1,Not an Intersection,0,None,,,3,On Median,3,Dark - Lighted,,,,,1,Clear,0,No,0000000,Not Applicable,1,1:00am-1:59am,40,40,1,1:00am-1:59am,55,55,2,2:00am-2:59am,28,28,,,,,,,1,1
2020,34,340026,New Jersey,3,3,0,0,0,6,6,33,SALEM (33),2565,PENNSVILLE,24,24,1,January,2020,6,Friday,21,9:00pm-9:59pm,20,20,0,This section IS NOT on the NHS,2,Urban,4,Minor Arterial,2,County Highway Agency,4,County Road,CR-551 N HOOK ROAD,LEE AVENUE,26,26,39.65084167,39.65084167,-75.492197220,-75.492197220,0,No Special Jurisdiction,12,Motor Vehicle In-Transport,1,Front-to-Rear,0,No,2,Intersection,3,T-Intersection,0,None,,,1,On Roadway,3,Dark - Lighted,,,,,1,Clear,0,No,0000000,Not Applicable,21,9:00pm-9:59pm,19,19,21,9:00pm-9:59pm,21,21,99,Unknown,99,Unknown EMS Hospital Arrival Time,,,,,,,1,1
2020,34,340027,New Jersey,1,1,0,1,1,1,1,13,ESSEX (13),2130,NEWARK,20,20,2,February,2020,5,Thursday,17,5:00pm-5:59pm,54,54,0,This section IS NOT on the NHS,2,Urban,5,Major Collector,4,City or Municipal Highway Agency,6,Local Street - Municipality,PULASKI ST,WALNUT ST,0,None,40.72533333,40.72533333,-74.157327780,-74.157327780,0,No Special Jurisdiction,8,Pedestrian,0,The First Harmful Event was Not a Collision with a Motor Vehicle in Transport,0,No,3,Intersection-Related,2,Four-Way Intersection,0,None,,,1,On Roadway,1,Daylight,,,,,1,Clear,0,No,0000000,Not Applicable,17,5:00pm-5:59pm,59,59,18,6:00pm-6:59pm,7,7,18,6:00pm-6:59pm,28,28,,,,,,,1,0
2020,34,340028,New Jersey,1,1,0,1,1,1,1,3,BERGEN (3),1060,FORT LEE,23,23,1,January,2020,5,Thursday,5,5:00am-5:59am,59,59,1,This section IS ON the NHS,2,Urban,3,Principal Arterial - Other,1,State Highway Agency,3,State Highway,SR-67,BRIDGE PLAZA SOUTH,14,14,40.85390000,40.85390000,-73.968327780,-73.968327780,0,No Special Jurisdiction,8,Pedestrian,0,The First Harmful Event was Not a Collision with a Motor Vehicle in Transport,0,No,3,Intersection-Related,2,Four-Way Intersection,0,None,,,1,On Roadway,3,Dark - Lighted,,,,,1,Clear,0,No,0000000,Not Applicable,5,5:00am-5:59am,59,59,6,6:00am-6:59am,3,3,6,6:00am-6:59am,33,33,,,,,,,1,0
2020,34,340029,New Jersey,1,1,0,1,1,1,1,39,UNION (39),1412,HILLSIDE,30,30,1,January,2020,5,Thursday,17,5:00pm-5:59pm,46,46,1,This section IS ON the NHS,2,Urban,3,Principal Arterial - Other,1,State Highway Agency,3,State Highway,SR-22 EAST,,575,575,40.69724722,40.69724722,-74.222786110,-74.222786110,0,No Special Jurisdiction,8,Pedestrian,0,The First Harmful Event was Not a Collision with a Motor Vehicle in Transport,0,No,1,Non-Junction,1,Not an Intersection,0,None,,,1,On Roadway,2,Dark - Not Lighted,,,,,1,Clear,0,No,0000000,Not Applicable,99,Unknown,99,Unknown,99,Unknown EMS Scene Arrival Hour,99,Unknown EMS Scene Arrival Minutes,88,"Not Applicable (Not Transported) ",88,Not Applicable (Not Transported),,,,,,,1,0
2020,34,340030,New Jersey,1,1,0,0,0,2,2,25,MONMOUTH (25),0,NOT APPLICABLE,23,23,2,February,2020,1,Sunday,13,1:00pm-1:59pm,15,15,1,This section IS ON the NHS,2,Urban,2,Principal Arterial - Other Freeways and Expressways,1,State Highway Agency,3,State Highway,SR-33,,278,278,40.24154722,40.24154722,-74.270844440,-74.270844440,0,No Special Jurisdiction,31,"Post, Pole or Other Supports",0,The First Harmful Event was Not a Collision with a Motor Vehicle in Transport,0,No,1,Non-Junction,1,Not an Intersection,0,None,,,4,On Roadside,1,Daylight,,,,,1,Clear,0,No,0000000,Not Applicable,13,1:00pm-1:59pm,28,28,13,1:00pm-1:59pm,41,41,99,Unknown,99,Unknown EMS Hospital Arrival Time,,,,,,,1,0
2020,34,340031,New Jersey,2,2,0,0,0,4,4,41,WARREN (41),0,NOT APPLICABLE,14,14,2,February,2020,6,Friday,15,3:00pm-3:59pm,25,25,1,This section IS ON the NHS,2,Urban,3,Principal Arterial - Other,1,State Highway Agency,3,State Highway,SR-31,,419,419,40.73365556,40.73365556,-74.974930560,-74.974930560,0,No Special Jurisdiction,12,Motor Vehicle In-Transport,2,Front-to-Front,0,No,1,Non-Junction,1,Not an Intersection,0,None,,,1,On Roadway,1,Daylight,,,,,1,Clear,0,No,0000000,Not Applicable,15,3:00pm-3:59pm,29,29,15,3:00pm-3:59pm,33,33,99,Unknown,99,Unknown EMS Hospital Arrival Time,,,,,,,1,0
2020,34,340032,New Jersey,2,2,0,0,0,2,2,13,ESSEX (13),320,BLOOMFIELD,11,11,2,February,2020,3,Tuesday,19,7:00pm-7:59pm,0,0,0,This section IS NOT on the NHS,2,Urban,4,Minor Arterial,2,County Highway Agency,4,County Road,CR-506 BELLEVILLE AVE,CLARENDON PLACE,84,84,40.79895278,40.79895278,-74.187344440,-74.187344440,0,No Special Jurisdiction,12,Motor Vehicle In-Transport,1,Front-to-Rear,0,No,3,Intersection-Related,2,Four-Way Intersection,0,None,,,1,On Roadway,3,Dark - Lighted,,,,,1,Clear,0,No,0000000,Not Applicable,99,Unknown,99,Unknown,99,Unknown EMS Scene Arrival Hour,99,Unknown EMS Scene Arrival Minutes,99,Unknown,99,Unknown EMS Hospital Arrival Time,,,,,,,1,0
2020,34,340033,New Jersey,1,1,0,1,1,1,1,3,BERGEN (3),2770,RIDGEFIELD,15,15,2,February,2020,7,Saturday,12,12:00pm-12:59pm,54,54,0,This section IS NOT on the NHS,2,Urban,4,Minor Arterial,2,County Highway Agency,4,County Road,CR-31 SHALER BLVD,BANTA PLACE,7,7,40.83298889,40.83298889,-74.002100000,-74.002100000,0,No Special Jurisdiction,8,Pedestrian,0,The First Harmful Event was Not a Collision with a Motor Vehicle in Transport,0,No,3,Intersection-Related,2,Four-Way Intersection,0,None,,,1,On Roadway,1,Daylight,,,,,1,Clear,0,No,0000000,Not Applicable,99,Unknown,99,Unknown,99,Unknown EMS Scene Arrival Hour,99,Unknown EMS Scene Arrival Minutes,99,Unknown,99,Unknown EMS Hospital Arrival Time,,,,,,,1,0
2020,34,340034,New Jersey,2,2,0,0,0,2,2,15,GLOUCESTER (15),0,NOT APPLICABLE,9,9,2,February,2020,1,Sunday,18,6:00pm-6:59pm,39,39,1,This section IS ON the NHS,2,Urban,3,Principal Arterial - Other,1,State Highway Agency,2,U.S. Highway,US-322,,255,255,39.68660556,39.68660556,-74.997775000,-74.997775000,0,No Special Jurisdiction,12,Motor Vehicle In-Transport,7,Sideswipe - Same Direction,0,No,1,Non-Junction,1,Not an Intersection,0,None,,,1,On Roadway,3,Dark - Lighted,,,,,1,Clear,0,No,0000000,Not Applicable,18,6:00pm-6:59pm,40,40,18,6:00pm-6:59pm,54,54,99,Unknown,99,Unknown EMS Hospital Arrival Time,,,,,,,1,0
2020,34,340035,New Jersey,1,1,0,1,1,1,1,11,CUMBERLAND (11),1970,MILLVILLE,3,3,2,February,2020,2,Monday,20,8:00pm-8:59pm,10,10,0,This section IS NOT on the NHS,2,Urban,7,Local,4,City or Municipal Highway Agency,6,Local Street - Municipality,G STREET,,0,None,39.40705556,39.40705556,-75.026447220,-75.026447220,0,No Special Jurisdiction,8,Pedestrian,0,The First Harmful Event was Not a Collision with a Motor Vehicle in Transport,0,No,1,Non-Junction,1,Not an Intersection,0,None,,,1,On Roadway,3,Dark - Lighted,,,,,1,Clear,0,No,0000000,Not Applicable,20,8:00pm-8:59pm,9,9,20,8:00pm-8:59pm,20,20,20,8:00pm-8:59pm,44,44,,,,,,,1,0
2020,34,340036,New Jersey,3,3,0,0,0,4,4,3,BERGEN (3),1330,BLOOMINGDALE,17,17,2,February,2020,2,Monday,15,3:00pm-3:59pm,14,14,1,This section IS ON the NHS,2,Urban,3,Principal Arterial - Other,1,State Highway Agency,3,State Highway,SR-17,FRANKLIN AVE,77,77,40.85667500,40.85667500,-74.069750000,-74.069750000,0,No Special Jurisdiction,12,Motor Vehicle In-Transport,6,Angle,0,No,2,Intersection,2,Four-Way Intersection,0,None,,,1,On Roadway,1,Daylight,,,,,1,Clear,0,No,0000000,Not Applicable,15,3:00pm-3:59pm,13,13,15,3:00pm-3:59pm,14,14,15,3:00pm-3:59pm,34,34,,,,,,,1,0
2020,34,340037,New Jersey,1,1,0,0,0,1,1,27,MORRIS (27),0,NOT APPLICABLE,20,20,2,February,2020,5,Thursday,9,9:00am-9:59am,49,49,0,This section IS NOT on the NHS,2,Urban,5,Major Collector,4,City or Municipal Highway Agency,6,Local Street - Municipality,FLOCKTOWN ROAD,,10,10,40.82154167,40.82154167,-74.777958330,-74.777958330,0,No Special Jurisdiction,39,Wall,0,The First Harmful Event was Not a Collision with a Motor Vehicle in Transport,0,No,1,Non-Junction,1,Not an Intersection,0,None,,,5,Outside Trafficway,1,Daylight,,,,,1,Clear,0,No,0000000,Not Applicable,9,9:00am-9:59am,50,50,9,9:00am-9:59am,59,59,88,"Not Applicable (Not Transported) ",88,Not Applicable (Not Transported),,,,,,,1,0
2020,34,340038,New Jersey,2,2,0,0,0,4,4,15,GLOUCESTER (15),0,NOT APPLICABLE,9,9,2,February,2020,1,Sunday,19,7:00pm-7:59pm,20,20,0,This section IS NOT on the NHS,2,Urban,5,Major Collector,2,County Highway Agency,4,County Road,CR-659 MALAGA ROAD,,23,23,39.64318333,39.64318333,-74.977747220,-74.977747220,0,No Special Jurisdiction,12,Motor Vehicle In-Transport,2,Front-to-Front,0,No,1,Non-Junction,1,Not an Intersection,0,None,,,1,On Roadway,3,Dark - Lighted,,,,,1,Clear,0,No,0000000,Not Applicable,19,7:00pm-7:59pm,22,22,19,7:00pm-7:59pm,27,27,20,8:00pm-8:59pm,22,22,,,,,,,1,1
2020,34,340039,New Jersey,2,2,0,0,0,1,1,31,PASSAIC (31),3522,WAYNE,2,2,4,April,2020,5,Thursday,9,9:00am-9:59am,40,40,1,This section IS ON the NHS,2,Urban,3,Principal Arterial - Other,1,State Highway Agency,3,State Highway,SR-23,,56,56,40.90427222,40.90427222,-74.257402780,-74.257402780,0,No Special Jurisdiction,12,Motor Vehicle In-Transport,1,Front-to-Rear,0,No,1,Non-Junction,1,Not an Intersection,0,None,,,1,On Roadway,1,Daylight,,,,,1,Clear,0,No,0000000,Not Applicable,99,Unknown,99,Unknown,99,Unknown EMS Scene Arrival Hour,99,Unknown EMS Scene Arrival Minutes,88,"Not Applicable (Not Transported) ",88,Not Applicable (Not Transported),,,,,,,1,0
2020,34,340040,New Jersey,1,1,0,0,0,2,2,33,SALEM (33),2617,PITTSGROVE TOWNSHIP,4,4,1,January,2020,7,Saturday,2,2:00am-2:59am,21,21,0,This section IS NOT on the NHS,2,Urban,5,Major Collector,2,County Highway Agency,4,County Road,"CR-645 PARVIN MILL ROAD ",,24,24,39.52752500,39.52752500,-75.117555560,-75.117555560,0,No Special Jurisdiction,41,Shrubbery,0,The First Harmful Event was Not a Collision with a Motor Vehicle in Transport,0,No,1,Non-Junction,1,Not an Intersection,0,None,,,5,Outside Trafficway,2,Dark - Not Lighted,,,,,2,Rain,0,No,0000000,Not Applicable,2,2:00am-2:59am,22,22,2,2:00am-2:59am,32,32,3,3:00am-3:59am,4,4,,,,,,,1,1
2020,34,340042,New Jersey,2,2,0,0,0,3,3,7,CAMDEN (7),240,BELLMAWR,26,26,1,January,2020,1,Sunday,15,3:00pm-3:59pm,38,38,1,This section IS ON the NHS,2,Urban,2,Principal Arterial - Other Freeways and Expressways,1,State Highway Agency,1,Interstate,I-95,,262,262,39.86159167,39.86159167,-75.074977780,-75.074977780,0,No Special Jurisdiction,25,Concrete Traffic Barrier,0,The First Harmful Event was Not a Collision with a Motor Vehicle in Transport,1,Yes,5,Entrance/Exit Ramp Related,1,Not an Intersection,0,None,,,10,Separator,1,Daylight,,,,,1,Clear,0,No,0000000,Not Applicable,15,3:00pm-3:59pm,39,39,15,3:00pm-3:59pm,53,53,16,4:00pm-4:59pm,19,19,,,,,,,1,0
2020,34,340043,New Jersey,1,1,0,1,1,2,2,7,CAMDEN (7),598,CHERRY HILL,19,19,1,January,2020,1,Sunday,22,10:00pm-10:59pm,40,40,1,This section IS ON the NHS,2,Urban,3,Principal Arterial - Other,1,State Highway Agency,3,State Highway,SR-38,HILLVIEW DR,31,31,39.93897778,39.93897778,-75.023325000,-75.023325000,0,No Special Jurisdiction,8,Pedestrian,0,The First Harmful Event was Not a Collision with a Motor Vehicle in Transport,0,No,3,Intersection-Related,2,Four-Way Intersection,0,None,,,1,On Roadway,3,Dark - Lighted,,,,,1,Clear,0,No,0000000,Not Applicable,99,Unknown,99,Unknown,99,Unknown EMS Scene Arrival Hour,99,Unknown EMS Scene Arrival Minutes,99,Unknown,99,Unknown EMS Hospital Arrival Time,,,,,,,1,0
2020,34,340044,New Jersey,2,2,0,0,0,2,2,39,UNION (39),860,ELIZABETH,25,25,1,January,2020,7,Saturday,7,7:00am-7:59am,25,25,1,This section IS ON the NHS,2,Urban,2,Principal Arterial - Other Freeways and Expressways,1,State Highway Agency,2,U.S. Highway,US-1,,462,462,40.67985278,40.67985278,-74.194038890,-74.194038890,0,No Special Jurisdiction,12,Motor Vehicle In-Transport,2,Front-to-Front,0,No,1,Non-Junction,1,Not an Intersection,0,None,,,1,On Roadway,1,Daylight,,,,,98,Not Reported,0,No,0000000,Not Applicable,99,Unknown,99,Unknown,99,Unknown EMS Scene Arrival Hour,99,Unknown EMS Scene Arrival Minutes,99,Unknown,99,Unknown EMS Hospital Arrival Time,,,,,,,1,0
2020,34,340045,New Jersey,1,1,0,0,0,1,1,15,GLOUCESTER (15),3569,WEST DEPTFORD,13,13,1,January,2020,2,Monday,7,7:00am-7:59am,26,26,1,This section IS ON the NHS,2,Urban,2,Principal Arterial - Other Freeways and Expressways,31,State Toll Road,8,Other,700,,203,203,39.81607222,39.81607222,-75.163300000,-75.163300000,0,No Special Jurisdiction,42,Tree (Standing Only),0,The First Harmful Event was Not a Collision with a Motor Vehicle in Transport,0,No,1,Non-Junction,1,Not an Intersection,0,None,,,5,Outside Trafficway,2,Dark - Not Lighted,,,,,1,Clear,0,No,0000000,Not Applicable,99,Unknown,99,Unknown,99,Unknown EMS Scene Arrival Hour,99,Unknown EMS Scene Arrival Minutes,88,"Not Applicable (Not Transported) ",88,Not Applicable (Not Transported),,,,,,,1,0
2020,34,340046,New Jersey,2,2,0,1,1,2,2,35,SOMERSET (35),425,BRIDGEWATER,24,24,3,March,2020,3,Tuesday,13,1:00pm-1:59pm,2,2,1,This section IS ON the NHS,2,Urban,3,Principal Arterial - Other,1,State Highway Agency,3,State Highway,SR-28,CR-633 FINDERNE AVE,55,55,40.56945000,40.56945000,-74.575875000,-74.575875000,0,No Special Jurisdiction,8,Pedestrian,0,The First Harmful Event was Not a Collision with a Motor Vehicle in Transport,0,No,3,Intersection-Related,2,Four-Way Intersection,0,None,,,1,On Roadway,1,Daylight,,,,,1,Clear,0,No,0000000,Not Applicable,13,1:00pm-1:59pm,3,3,13,1:00pm-1:59pm,8,8,88,"Not Applicable (Not Transported) ",88,Not Applicable (Not Transported),,,,,,,1,0
2020,34,340048,New Jersey,1,1,0,1,1,1,1,7,CAMDEN (7),2545,PENNSAUKEN,6,6,3,March,2020,6,Friday,1,1:00am-1:59am,30,30,1,This section IS ON the NHS,2,Urban,3,Principal Arterial - Other,1,State Highway Agency,2,U.S. Highway,US-130,CR-663 TERRACE AVENUE,320,320,39.94550556,39.94550556,-75.069013890,-75.069013890,0,No Special Jurisdiction,8,Pedestrian,0,The First Harmful Event was Not a Collision with a Motor Vehicle in Transport,0,No,3,Intersection-Related,2,Four-Way Intersection,0,None,,,1,On Roadway,2,Dark - Not Lighted,,,,,1,Clear,0,No,0000000,Not Applicable,1,1:00am-1:59am,32,32,1,1:00am-1:59am,37,37,88,"Not Applicable (Not Transported) ",88,Not Applicable (Not Transported),,,,,,,1,0
2020,34,340049,New Jersey,1,1,0,1,1,2,2,7,CAMDEN (7),0,NOT APPLICABLE,12,12,2,February,2020,4,Wednesday,18,6:00pm-6:59pm,9,9,1,This section IS ON the NHS,2,Urban,2,Principal Arterial - Other Freeways and Expressways,31,State Toll Road,8,Other,AC-EXPRESSWAY,,428,428,39.74425000,39.74425000,-75.019691670,-75.019691670,0,No Special Jurisdiction,8,Pedestrian,0,The First Harmful Event was Not a Collision with a Motor Vehicle in Transport,0,No,1,Non-Junction,1,Not an Intersection,0,None,,,1,On Roadway,2,Dark - Not Lighted,,,,,2,Rain,0,No,0000000,Not Applicable,18,6:00pm-6:59pm,14,14,18,6:00pm-6:59pm,21,21,88,"Not Applicable (Not Transported) ",88,Not Applicable (Not Transported),,,,,,,1,0
2020,34,340050,New Jersey,1,1,0,0,0,1,1,31,PASSAIC (31),3610,WOODLAND PARK,4,4,2,February,2020,3,Tuesday,5,5:00am-5:59am,0,0,0,This section IS NOT on the NHS,2,Urban,5,Major Collector,4,City or Municipal Highway Agency,6,Local Street - Municipality,MOUNT PLEASANT ROAD,OVERMOUNT AVENUE,1,1,40.88878889,40.88878889,-74.203466670,-74.203466670,0,No Special Jurisdiction,42,Tree (Standing Only),0,The First Harmful Event was Not a Collision with a Motor Vehicle in Transport,0,No,3,Intersection-Related,3,T-Intersection,0,None,,,5,Outside Trafficway,3,Dark - Lighted,,,,,2,Rain,0,No,0000000,Not Applicable,5,5:00am-5:59am,50,50,6,6:00am-6:59am,0,0,6,6:00am-6:59am,17,17,,,,,,,1,0
2020,34,340051,New Jersey,1,1,0,0,0,1,1,13,ESSEX (13),2130,NEWARK,27,27,1,January,2020,2,Monday,23,11:00pm-11:59pm,6,6,1,This section IS ON the NHS,2,Urban,1,Interstate,1,State Highway Agency,1,Interstate,I-78,,574,574,40.70905278,40.70905278,-74.159377780,-74.159377780,0,No Special Jurisdiction,33,Curb,0,The First Harmful Event was Not a Collision with a Motor Vehicle in Transport,1,Yes,5,Entrance/Exit Ramp Related,1,Not an Intersection,0,None,,,3,On Median,2,Dark - Not Lighted,,,,,1,Clear,0,No,0000000,Not Applicable,22,10:00pm-10:59pm,53,53,23,11:00pm-11:59pm,1,1,88,"Not Applicable (Not Transported) ",88,Not Applicable (Not Transported),,,,,,,1,1
2020,34,340052,New Jersey,2,2,0,0,0,2,2,15,GLOUCESTER (15),0,NOT APPLICABLE,13,13,1,January,2020,2,Monday,20,8:00pm-8:59pm,36,36,0,This section IS NOT on the NHS,2,Urban,4,Minor Arterial,1,State Highway Agency,3,State Highway,SR-47,,675,675,39.77347778,39.77347778,-75.104844440,-75.104844440,0,No Special Jurisdiction,12,Motor Vehicle In-Transport,2,Front-to-Front,0,No,1,Non-Junction,1,Not an Intersection,0,None,,,1,On Roadway,2,Dark - Not Lighted,,,,,1,Clear,0,No,0000000,Not Applicable,20,8:00pm-8:59pm,39,39,20,8:00pm-8:59pm,43,43,21,9:00pm-9:59pm,18,18,,,,,,,1,1
2020,34,340053,New Jersey,1,1,0,1,1,1,1,31,PASSAIC (31),2510,PATERSON,22,22,1,January,2020,4,Wednesday,13,1:00pm-1:59pm,55,55,1,This section IS ON the NHS,2,Urban,3,Principal Arterial - Other,2,County Highway Agency,6,Local Street - Municipality,MAIN STREET,MARY STREET,64,64,40.90326111,40.90326111,-74.167522220,-74.167522220,0,No Special Jurisdiction,8,Pedestrian,0,The First Harmful Event was Not a Collision with a Motor Vehicle in Transport,0,No,3,Intersection-Related,2,Four-Way Intersection,0,None,,,1,On Roadway,1,Daylight,,,,,1,Clear,0,No,0000000,Not Applicable,13,1:00pm-1:59pm,59,59,14,2:00pm-2:59pm,4,4,14,2:00pm-2:59pm,10,10,,,,,,,1,0
2020,34,340054,New Jersey,2,2,0,0,0,4,4,29,OCEAN (29),1801,MANCHESTER TOWNSHIP,28,28,1,January,2020,3,Tuesday,16,4:00pm-4:59pm,34,34,0,This section IS NOT on the NHS,2,Urban,5,Major Collector,2,County Highway Agency,6,Local Street - Municipality,COMMONWEALTH BLVD,NORTHAMPTON BLVD,7,7,40.00109167,40.00109167,-74.268247220,-74.268247220,0,No Special Jurisdiction,12,Motor Vehicle In-Transport,6,Angle,0,No,2,Intersection,2,Four-Way Intersection,0,None,,,1,On Roadway,1,Daylight,,,,,1,Clear,0,No,0000000,Not Applicable,16,4:00pm-4:59pm,36,36,16,4:00pm-4:59pm,43,43,17,5:00pm-5:59pm,24,24,,,,,,,1,0
2020,34,340055,New Jersey,2,2,0,0,0,2,2,17,HUDSON (17),1520,JERSEY CITY,11,11,3,March,2020,4,Wednesday,22,10:00pm-10:59pm,19,19,1,This section IS ON the NHS,2,Urban,3,Principal Arterial - Other,1,State Highway Agency,2,U.S. Highway,US-1,,553,553,40.75556389,40.75556389,-74.055288890,-74.055288890,0,No Special Jurisdiction,12,Motor Vehicle In-Transport,1,Front-to-Rear,0,No,8,Driveway Access Related,1,Not an Intersection,0,None,,,1,On Roadway,3,Dark - Lighted,,,,,1,Clear,0,No,0000000,Not Applicable,22,10:00pm-10:59pm,18,18,22,10:00pm-10:59pm,28,28,88,"Not Applicable (Not Transported) ",88,Not Applicable (Not Transported),,,,,,,1,1
2020,34,340056,New Jersey,1,1,0,0,0,1,1,1,ATLANTIC (1),2640,PLEASANTVILLE,16,16,3,March,2020,2,Monday,16,4:00pm-4:59pm,28,28,1,This section IS ON the NHS,2,Urban,2,Principal Arterial - Other Freeways and Expressways,31,State Toll Road,8,Other,ACE-446,,59,59,39.40573611,39.40573611,-74.532194440,-74.532194440,0,No Special Jurisdiction,25,Concrete Traffic Barrier,0,The First Harmful Event was Not a Collision with a Motor Vehicle in Transport,0,No,1,Non-Junction,1,Not an Intersection,0,None,,,3,On Median,1,Daylight,,,,,1,Clear,0,No,0000000,Not Applicable,16,4:00pm-4:59pm,29,29,16,4:00pm-4:59pm,33,33,17,5:00pm-5:59pm,0,0,,,,,,,1,1
2020,34,340057,New Jersey,1,1,0,1,1,1,1,31,PASSAIC (31),660,CLIFTON,7,7,2,February,2020,6,Friday,19,7:00pm-7:59pm,7,7,0,This section IS NOT on the NHS,2,Urban,4,Minor Arterial,2,County Highway Agency,4,County Road,CR-622 DARLING AVENUE,SYLVAN ROAD,9,9,40.83786111,40.83786111,-74.162627780,-74.162627780,0,No Special Jurisdiction,8,Pedestrian,0,The First Harmful Event was Not a Collision with a Motor Vehicle in Transport,0,No,2,Intersection,3,T-Intersection,0,None,,,1,On Roadway,1,Daylight,,,,,1,Clear,0,No,0000000,Not Applicable,19,7:00pm-7:59pm,10,10,19,7:00pm-7:59pm,17,17,19,7:00pm-7:59pm,57,57,,,,,,,1,0
2020,34,340058,New Jersey,2,2,0,0,0,5,5,29,OCEAN (29),0,NOT APPLICABLE,26,26,1,January,2020,1,Sunday,17,5:00pm-5:59pm,52,52,1,This section IS ON the NHS,2,Urban,2,Principal Arterial - Other Freeways and Expressways,31,State Toll Road,3,State Highway,SR-444,,645,645,39.71478333,39.71478333,-74.277902780,-74.277902780,0,No Special Jurisdiction,12,Motor Vehicle In-Transport,7,Sideswipe - Same Direction,0,No,1,Non-Junction,1,Not an Intersection,0,None,,,1,On Roadway,5,Dusk,,,,,1,Clear,0,No,0000000,Not Applicable,17,5:00pm-5:59pm,53,53,18,6:00pm-6:59pm,8,8,18,6:00pm-6:59pm,31,31,,,,,,,1,0
2020,34,340059,New Jersey,1,1,0,1,1,3,3,31,PASSAIC (31),3522,WAYNE,4,4,2,February,2020,3,Tuesday,18,6:00pm-6:59pm,40,40,1,This section IS ON the NHS,2,Urban,3,Principal Arterial - Other,2,County Highway Agency,4,County Road,CR-689 HAMBURG TPKE,,1,1,40.96225556,40.96225556,-74.250013890,-74.250013890,0,No Special Jurisdiction,8,Pedestrian,0,The First Harmful Event was Not a Collision with a Motor Vehicle in Transport,0,No,1,Non-Junction,1,Not an Intersection,0,None,,,1,On Roadway,1,Daylight,,,,,1,Clear,0,No,0000000,Not Applicable,18,6:00pm-6:59pm,42,42,18,6:00pm-6:59pm,48,48,19,7:00pm-7:59pm,17,17,,,,,,,1,0
2020,34,340060,New Jersey,1,1,0,1,1,1,1,17,HUDSON (17),3040,SECAUCUS,1,1,2,February,2020,7,Saturday,23,11:00pm-11:59pm,51,51,1,This section IS ON the NHS,2,Urban,1,Interstate,31,State Toll Road,1,Interstate,"I-95 ",,649,649,40.75817500,40.75817500,-74.084894440,-74.084894440,0,No Special Jurisdiction,8,Pedestrian,0,The First Harmful Event was Not a Collision with a Motor Vehicle in Transport,0,No,1,Non-Junction,1,Not an Intersection,0,None,,,2,On Shoulder,3,Dark - Lighted,,,,,2,Rain,0,No,0000000,Not Applicable,99,Unknown,99,Unknown,99,Unknown EMS Scene Arrival Hour,99,Unknown EMS Scene Arrival Minutes,99,Unknown,99,Unknown EMS Hospital Arrival Time,,,,,,,1,0