caseyear,state,st_case,statename,ve_total,ve_forms,pvh_invl,peds,pernotmvit,permvit,persons,county,countyname,city,cityname,day,dayname,month,monthname,year,day_week,day_weekname,hour,hourname,minute,minutename,nhs,nhsname,rur_urb,rur_urbname,func_sys,func_sysname,rd_owner,rd_ownername,route,routename,tway_id,tway_id2,milept,mileptname,latitude,latitudename,longitud,longitudname,sp_jur,sp_jurname,harm_ev,harm_evname,man_coll,man_collname,reljct1,reljct1name,reljct2,reljct2name,typ_int,typ_intname,wrk_zone,wrk_zonename,road_fnc,road_fncname,rel_road,rel_roadname,lgt_cond,lgt_condname,weather1,weather1name,weather2,weather2name,weather,weathername,sch_bus,sch_busname,rail,railname,not_hour,not_hourname,not_min,not_minname,arr_hour,arr_hourname,arr_min,arr_minname,hosp_hr,hosp_hrname,hosp_mn,hosp_mnname,cf1,cf1name,cf2,cf2name,cf3,cf3name,fatals,drunk_dr
2020,34,340061,New Jersey,1,1,0,0,0,3,3,3,BERGEN (3),3470,WALDWICK,28,28,3,March,2020,7,Saturday,19,7:00pm-7:59pm,9,9,1,This section IS ON the NHS,2,Urban,2,Principal Arterial - Other Freeways and Expressways,1,State Highway Agency,3,State Highway,SR-17,,193,193,41.01563056,41.01563056,-74.107719440,-74.107719440,0,No Special Jurisdiction,33,Curb,0,The First Harmful Event was Not a Collision with a Motor Vehicle in Transport,0,No,1,Non-Junction,1,Not an Intersection,0,None,,,3,On Median,3,Dark - Lighted,,,,,2,Rain,0,No,0000000,Not Applicable,19,7:00pm-7:59pm,11,11,19,7:00pm-7:59pm,20,20,20,8:00pm-8:59pm,0,0,,,,,,,1,0
2020,34,340062,New Jersey,1,1,0,0,0,1,1,15,GLOUCESTER (15),747,DEPTFORD,12,12,4,April,2020,1,Sunday,16,4:00pm-4:59pm,38,38,1,This section IS ON the NHS,2,Urban,2,Principal Arterial - Other Freeways and Expressways,1,State Highway Agency,3,State Highway,SR-55,,589,589,39.82633611,39.82633611,-75.104047220,-75.104047220,0,No Special Jurisdiction,1,Rollover/Overturn,0,The First Harmful Event was Not a Collision with a Motor Vehicle in Transport,1,Yes,18,Through Roadway,1,Not an Intersection,0,None,,,1,On Roadway,1,Daylight,,,,,1,Clear,0,No,0000000,Not Applicable,16,4:00pm-4:59pm,40,40,16,4:00pm-4:59pm,49,49,17,5:00pm-5:59pm,12,12,,,,,,,1,0
2020,34,340063,New Jersey,1,1,0,1,1,1,1,13,ESSEX (13),2130,NEWARK,5,5,3,March,2020,5,Thursday,20,8:00pm-8:59pm,48,48,1,This section IS ON the NHS,2,Urban,1,Interstate,1,State Highway Agency,1,Interstate,I-78,,570,570,40.71028056,40.71028056,-74.182716670,-74.182716670,0,No Special Jurisdiction,8,Pedestrian,0,The First Harmful Event was Not a Collision with a Motor Vehicle in Transport,0,No,1,Non-Junction,1,Not an Intersection,0,None,,,1,On Roadway,2,Dark - Not Lighted,,,,,1,Clear,0,No,0000000,Not Applicable,20,8:00pm-8:59pm,50,50,21,9:00pm-9:59pm,2,2,88,"Not Applicable (Not Transported) ",88,Not Applicable (Not Transported),,,,,,,1,0
2020,34,340064,New Jersey,2,2,0,0,0,4,4,1,ATLANTIC (1),1105,GALLOWAY TOWNSHIP,20,20,2,February,2020,5,Thursday,11,11:00am-11:59am,11,11,0,This section IS NOT on the NHS,2,Urban,4,Minor Arterial,1,State Highway Agency,2,U.S. Highway,US-9,LEEDS POINT ROAD,471,471,39.47117778,39.47117778,-74.460838890,-74.460838890,0,No Special Jurisdiction,12,Motor Vehicle In-Transport,2,Front-to-Front,0,No,2,Intersection,3,T-Intersection,0,None,,,1,On Roadway,1,Daylight,,,,,10,Cloudy,0,No,0000000,Not Applicable,11,11:00am-11:59am,14,14,11,11:00am-11:59am,18,18,12,12:00pm-12:59pm,18,18,,,,,,,1,0
2020,34,340065,New Jersey,3,2,1,0,0,6,6,3,BERGEN (3),2740,RAMSEY,26,26,3,March,2020,5,Thursday,6,6:00am-6:59am,31,31,1,This section IS ON the NHS,2,Urban,2,Principal Arterial - Other Freeways and Expressways,1,State Highway Agency,3,State Highway,SR-17,,226,226,41.05665278,41.05665278,-74.121136110,-74.121136110,0,No Special Jurisdiction,12,Motor Vehicle In-Transport,1,Front-to-Rear,0,No,1,Non-Junction,1,Not an Intersection,0,None,,,2,On Shoulder,4,Dawn,,,,,1,Clear,0,No,0000000,Not Applicable,99,Unknown,99,Unknown,99,Unknown EMS Scene Arrival Hour,99,Unknown EMS Scene Arrival Minutes,88,"Not Applicable (Not Transported) ",88,Not Applicable (Not Transported),,,,,,,1,0
2020,34,340066,New Jersey,2,2,0,0,0,2,2,25,MONMOUTH (25),1798,MANALAPAN,15,15,1,January,2020,4,Wednesday,14,2:00pm-2:59pm,14,14,1,This section IS ON the NHS,2,Urban,3,Principal Arterial - Other,1,State Highway Agency,2,U.S. Highway,US-9,,1172,1172,40.29973333,40.29973333,-74.303025000,-74.303025000,0,No Special Jurisdiction,33,Curb,0,The First Harmful Event was Not a Collision with a Motor Vehicle in Transport,0,No,1,Non-Junction,1,Not an Intersection,0,None,,,3,On Median,1,Daylight,,,,,1,Clear,0,No,0000000,Not Applicable,14,2:00pm-2:59pm,20,20,14,2:00pm-2:59pm,27,27,14,2:00pm-2:59pm,54,54,,,,,,,1,0
2020,34,340067,New Jersey,1,1,0,1,1,1,1,15,GLOUCESTER (15),3620,WESTVILLE,5,5,1,January,2020,1,Sunday,17,5:00pm-5:59pm,32,32,1,This section IS ON the NHS,2,Urban,3,Principal Arterial - Other,1,State Highway Agency,2,U.S. Highway,US-130,,245,245,39.86688611,39.86688611,-75.138752780,-75.138752780,0,No Special Jurisdiction,9,Pedalcyclist,0,The First Harmful Event was Not a Collision with a Motor Vehicle in Transport,0,No,1,Non-Junction,1,Not an Intersection,0,None,,,1,On Roadway,2,Dark - Not Lighted,,,,,1,Clear,0,No,0000000,Not Applicable,17,5:00pm-5:59pm,34,34,17,5:00pm-5:59pm,40,40,88,"Not Applicable (Not Transported) ",88,Not Applicable (Not Transported),,,,,,,1,0
2020,34,340068,New Jersey,3,3,0,0,0,4,4,29,OCEAN (29),3360,TOMS RIVER,28,28,2,February,2020,6,Friday,14,2:00pm-2:59pm,33,33,0,This section IS NOT on the NHS,2,Urban,5,Major Collector,1,State Highway Agency,3,State Highway,SR-70,MASSACHUSETTS AVE,493,493,40.04272500,40.04272500,-74.232283330,-74.232283330,0,No Special Jurisdiction,12,Motor Vehicle In-Transport,6,Angle,0,No,2,Intersection,2,Four-Way Intersection,0,None,,,1,On Roadway,1,Daylight,,,,,1,Clear,0,No,0000000,Not Applicable,14,2:00pm-2:59pm,33,33,14,2:00pm-2:59pm,40,40,15,3:00pm-3:59pm,2,2,,,,,,,1,0
2020,34,340069,New Jersey,1,1,0,1,1,2,2,25,MONMOUTH (25),2110,NEPTUNE CITY,22,22,2,February,2020,7,Saturday,22,10:00pm-10:59pm,53,53,1,This section IS ON the NHS,2,Urban,3,Principal Arterial - Other,1,State Highway Agency,3,State Highway,SR-33,,403,403,40.20660278,40.20660278,-74.047144440,-74.047144440,0,No Special Jurisdiction,8,Pedestrian,0,The First Harmful Event was Not a Collision with a Motor Vehicle in Transport,0,No,1,Non-Junction,1,Not an Intersection,0,None,,,1,On Roadway,3,Dark - Lighted,,,,,1,Clear,0,No,0000000,Not Applicable,22,10:00pm-10:59pm,54,54,22,10:00pm-10:59pm,57,57,23,11:00pm-11:59pm,9,9,,,,,,,1,1
2020,34,340070,New Jersey,1,1,0,1,1,1,1,29,OCEAN (29),416,BRICK TOWN,13,13,1,January,2020,2,Monday,17,5:00pm-5:59pm,51,51,0,This section IS NOT on the NHS,2,Urban,4,Minor Arterial,2,County Highway Agency,4,County Road,CR-549 HERBERTSVILLE ROAD,,28,28,40.10617222,40.10617222,-74.106991670,-74.106991670,0,No Special Jurisdiction,8,Pedestrian,0,The First Harmful Event was Not a Collision with a Motor Vehicle in Transport,0,No,1,Non-Junction,1,Not an Intersection,0,None,,,1,On Roadway,3,Dark - Lighted,,,,,1,Clear,0,No,0000000,Not Applicable,99,Unknown,99,Unknown,99,Unknown EMS Scene Arrival Hour,99,Unknown EMS Scene Arrival Minutes,88,"Not Applicable (Not Transported) ",88,Not Applicable (Not Transported),,,,,,,1,0
2020,34,340071,New Jersey,1,1,0,0,0,1,1,15,GLOUCESTER (15),1082,FRANKLINVILLE,1,1,2,February,2020,7,Saturday,6,6:00am-6:59am,43,43,0,This section IS NOT on the NHS,1,Rural,7,Local,4,City or Municipal Highway Agency,6,Local Street - Municipality,PINEY HOLLOW ROAD,DUTCH MILL ROAD,99999,Unknown,39.58792222,39.58792222,-74.927750000,-74.927750000,0,No Special Jurisdiction,43,Other Fixed Object,0,The First Harmful Event was Not a Collision with a Motor Vehicle in Transport,0,No,3,Intersection-Related,3,T-Intersection,0,None,,,5,Outside Trafficway,4,Dawn,,,,,2,Rain,0,No,0000000,Not Applicable,6,6:00am-6:59am,45,45,6,6:00am-6:59am,56,56,88,"Not Applicable (Not Transported) ",88,Not Applicable (Not Transported),,,,,,,1,0
2020,34,340072,New Jersey,1,1,0,0,0,1,1,15,GLOUCESTER (15),0,NOT APPLICABLE,2,2,2,February,2020,1,Sunday,18,6:00pm-6:59pm,15,15,0,This section IS NOT on the NHS,2,Urban,5,Major Collector,2,County Highway Agency,4,County Road,"CR-667 COHAWKIN ROAD ",CHELSEA GLENN ROAD,115,115,39.77773611,39.77773611,-75.218588890,-75.218588890,0,No Special Jurisdiction,42,Tree (Standing Only),0,The First Harmful Event was Not a Collision with a Motor Vehicle in Transport,0,No,3,Intersection-Related,3,T-Intersection,0,None,,,5,Outside Trafficway,3,Dark - Lighted,,,,,1,Clear,0,No,0000000,Not Applicable,18,6:00pm-6:59pm,17,17,18,6:00pm-6:59pm,27,27,88,"Not Applicable (Not Transported) ",88,Not Applicable (Not Transported),,,,,,,1,1
2020,34,340073,New Jersey,1,1,0,1,1,1,1,7,CAMDEN (7),598,CHERRY HILL,28,28,2,February,2020,6,Friday,19,7:00pm-7:59pm,46,46,0,This section IS NOT on the NHS,2,Urban,4,Minor Arterial,1,State Highway Agency,3,State Highway,SR-41,,110,110,39.91712500,39.91712500,-75.006861110,-75.006861110,0,No Special Jurisdiction,8,Pedestrian,0,The First Harmful Event was Not a Collision with a Motor Vehicle in Transport,0,No,1,Non-Junction,1,Not an Intersection,0,None,,,1,On Roadway,2,Dark - Not Lighted,,,,,1,Clear,0,No,0000000,Not Applicable,19,7:00pm-7:59pm,49,49,19,7:00pm-7:59pm,50,50,20,8:00pm-8:59pm,8,8,,,,,,,1,0
2020,34,340074,New Jersey,4,4,0,0,0,4,4,15,GLOUCESTER (15),747,DEPTFORD,11,11,3,March,2020,4,Wednesday,14,2:00pm-2:59pm,54,54,0,This section IS NOT on the NHS,2,Urban,4,Minor Arterial,1,State Highway Agency,3,State Highway,SR-47,BRENNER AVENUE,702,702,39.80253611,39.80253611,-75.122786110,-75.122786110,0,No Special Jurisdiction,12,Motor Vehicle In-Transport,1,Front-to-Rear,0,No,3,Intersection-Related,3,T-Intersection,0,None,,,1,On Roadway,1,Daylight,,,,,10,Cloudy,0,No,0000000,Not Applicable,14,2:00pm-2:59pm,9,9,14,2:00pm-2:59pm,28,28,14,2:00pm-2:59pm,51,51,,,,,,,1,0
2020,34,340076,New Jersey,1,1,0,1,1,1,1,7,CAMDEN (7),1190,GLOUCESTER CITY,16,16,3,March,2020,2,Monday,15,3:00pm-3:59pm,42,42,1,This section IS ON the NHS,2,Urban,3,Principal Arterial - Other,1,State Highway Agency,3,State Highway,SR-168,,40,40,39.82471667,39.82471667,-75.067691670,-75.067691670,0,No Special Jurisdiction,8,Pedestrian,0,The First Harmful Event was Not a Collision with a Motor Vehicle in Transport,0,No,1,Non-Junction,1,Not an Intersection,0,None,,,2,On Shoulder,1,Daylight,,,,,1,Clear,0,No,0000000,Not Applicable,15,3:00pm-3:59pm,45,45,15,3:00pm-3:59pm,47,47,16,4:00pm-4:59pm,7,7,,,,,,,1,0
2020,34,340077,New Jersey,1,1,0,0,0,1,1,17,HUDSON (17),2205,NORTH BERGEN,2,2,4,April,2020,5,Thursday,17,5:00pm-5:59pm,38,38,1,This section IS ON the NHS,2,Urban,2,Principal Arterial - Other Freeways and Expressways,1,State Highway Agency,3,State Highway,SR-495,,104,104,40.77938611,40.77938611,-74.045786110,-74.045786110,0,No Special Jurisdiction,25,Concrete Traffic Barrier,0,The First Harmful Event was Not a Collision with a Motor Vehicle in Transport,0,No,5,Entrance/Exit Ramp Related,1,Not an Intersection,1,Construction,,,8,Gore,1,Daylight,,,,,1,Clear,0,No,0000000,Not Applicable,17,5:00pm-5:59pm,12,12,17,5:00pm-5:59pm,18,18,17,5:00pm-5:59pm,53,53,,,,,,,1,0
2020,34,340078,New Jersey,1,1,0,1,1,1,1,17,HUDSON (17),1310,HARRISON,11,11,4,April,2020,7,Saturday,1,1:00am-1:59am,23,23,1,This section IS ON the NHS,2,Urban,1,Interstate,1,State Highway Agency,1,Interstate,I-280,,154,154,40.74246667,40.74246667,-74.148080560,-74.148080560,0,No Special Jurisdiction,8,Pedestrian,0,The First Harmful Event was Not a Collision with a Motor Vehicle in Transport,0,No,1,Non-Junction,1,Not an Intersection,0,None,,,1,On Roadway,2,Dark - Not Lighted,,,,,1,Clear,0,No,0000000,Not Applicable,1,1:00am-1:59am,49,49,2,2:00am-2:59am,0,0,88,"Not Applicable (Not Transported) ",88,Not Applicable (Not Transported),,,,,,,1,0
2020,34,340079,New Jersey,2,1,1,0,1,1,2,23,MIDDLESEX (23),3705,WOODBRIDGE,1,1,2,February,2020,7,Saturday,17,5:00pm-5:59pm,4,4,1,This section IS ON the NHS,2,Urban,2,Principal Arterial - Other Freeways and Expressways,31,State Toll Road,8,Other,GSP-444,,1290,1290,40.52707500,40.52707500,-74.299350000,-74.299350000,0,No Special Jurisdiction,14,Parked Motor Vehicle,0,The First Harmful Event was Not a Collision with a Motor Vehicle in Transport,1,Yes,5,Entrance/Exit Ramp Related,1,Not an Intersection,0,None,,,2,On Shoulder,3,Dark - Lighted,,,,,2,Rain,0,No,0000000,Not Applicable,99,Unknown,99,Unknown,99,Unknown EMS Scene Arrival Hour,99,Unknown EMS Scene Arrival Minutes,88,"Not Applicable (Not Transported) ",88,Not Applicable (Not Transported),,,,,,,1,1
2020,34,340080,New Jersey,2,2,0,0,0,2,2,1,ATLANTIC (1),1264,HAMILTON,7,7,2,February,2020,6,Friday,13,1:00pm-1:59pm,32,32,1,This section IS ON the NHS,1,Rural,2,Principal Arterial - Other Freeways and Expressways,31,State Toll Road,8,Other,ACE-446,,163,163,39.50153611,39.50153611,-74.669788890,-74.669788890,0,No Special Jurisdiction,12,Motor Vehicle In-Transport,7,Sideswipe - Same Direction,0,No,1,Non-Junction,1,Not an Intersection,0,None,,,1,On Roadway,1,Daylight,,,,,10,Cloudy,0,No,0000000,Not Applicable,13,1:00pm-1:59pm,35,35,13,1:00pm-1:59pm,45,45,88,"Not Applicable (Not Transported) ",88,Not Applicable (Not Transported),,,,,,,1,0
2020,34,340081,New Jersey,2,2,0,1,1,4,4,29,OCEAN (29),0,NOT APPLICABLE,9,9,3,March,2020,2,Monday,13,1:00pm-1:59pm,33,33,1,This section IS ON the NHS,2,Urban,3,Principal Arterial - Other,1,State Highway Agency,2,U.S. Highway,US-9,,885,885,39.92588611,39.92588611,-74.170952780,-74.170952780,0,No Special Jurisdiction,9,Pedalcyclist,0,The First Harmful Event was Not a Collision with a Motor Vehicle in Transport,0,No,1,Non-Junction,1,Not an Intersection,0,None,,,2,On Shoulder,1,Daylight,,,,,1,Clear,0,No,0000000,Not Applicable,13,1:00pm-1:59pm,31,31,13,1:00pm-1:59pm,44,44,88,"Not Applicable (Not Transported) ",88,Not Applicable (Not Transported),,,,,,,1,0
2020,34,340082,New Jersey,2,2,0,0,0,4,4,11,CUMBERLAND (11),0,NOT APPLICABLE,2,2,3,March,2020,2,Monday,14,2:00pm-2:59pm,29,29,0,This section IS NOT on the NHS,2,Urban,6,Minor Collector,4,City or Municipal Highway Agency,3,State Highway,SR-77,NORTHWEST AVE,31,31,39.46542222,39.46542222,-75.206305560,-75.206305560,0,No Special Jurisdiction,12,Motor Vehicle In-Transport,6,Angle,0,No,2,Intersection,2,Four-Way Intersection,0,None,,,1,On Roadway,1,Daylight,,,,,10,Cloudy,0,No,0000000,Not Applicable,14,2:00pm-2:59pm,28,28,14,2:00pm-2:59pm,37,37,15,3:00pm-3:59pm,8,8,,,,,,,1,0
2020,34,340083,New Jersey,2,2,0,0,0,2,2,3,BERGEN (3),3511,WASHINGTON TOWNSHIP,11,11,3,March,2020,4,Wednesday,5,5:00am-5:59am,53,53,1,This section IS ON the NHS,2,Urban,2,Principal Arterial - Other Freeways and Expressways,31,State Toll Road,8,Other,GSP-444,,1659,1659,40.97803611,40.97803611,-74.070869440,-74.070869440,0,No Special Jurisdiction,12,Motor Vehicle In-Transport,6,Angle,0,No,1,Non-Junction,1,Not an Intersection,0,None,,,1,On Roadway,2,Dark - Not Lighted,,,,,1,Clear,0,No,0000000,Not Applicable,99,Unknown,99,Unknown,99,Unknown EMS Scene Arrival Hour,99,Unknown EMS Scene Arrival Minutes,99,Unknown,99,Unknown EMS Hospital Arrival Time,,,,,,,1,0
2020,34,340084,New Jersey,1,1,0,0,0,1,1,7,CAMDEN (7),520,CAMDEN,28,28,3,March,2020,7,Saturday,7,7:00am-7:59am,10,10,1,This section IS ON the NHS,2,Urban,3,Principal Arterial - Other,1,State Highway Agency,2,U.S. Highway,US-130,,320,320,39.94743333,39.94743333,-75.067441670,-75.067441670,0,No Special Jurisdiction,30,Utility Pole/Light Support,0,The First Harmful Event was Not a Collision with a Motor Vehicle in Transport,0,No,1,Non-Junction,1,Not an Intersection,0,None,,,4,On Roadside,1,Daylight,,,,,2,Rain,0,No,0000000,Not Applicable,7,7:00am-7:59am,10,10,7,7:00am-7:59am,14,14,88,"Not Applicable (Not Transported) ",88,Not Applicable (Not Transported),,,,,,,1,0
2020,34,340085,New Jersey,2,2,0,0,0,5,5,5,BURLINGTON (5),0,NOT APPLICABLE,11,11,4,April,2020,7,Saturday,5,5:00am-5:59am,4,4,1,This section IS ON the NHS,2,Urban,1,Interstate,31,State Toll Road,1,Interstate,I-95,,81,81,40.12705556,40.12705556,-74.696458330,-74.696458330,0,No Special Jurisdiction,12,Motor Vehicle In-Transport,1,Front-to-Rear,0,No,1,Non-Junction,1,Not an Intersection,0,None,,,4,On Roadside,3,Dark - Lighted,,,,,1,Clear,0,No,0000000,Not Applicable,5,5:00am-5:59am,8,8,5,5:00am-5:59am,20,20,5,5:00am-5:59am,59,59,,,,,,,1,0
2020,34,340086,New Jersey,1,1,0,0,0,2,2,23,MIDDLESEX (23),1920,NEW BRUNSWICK,3,3,1,January,2020,6,Friday,8,8:00am-8:59am,17,17,0,This section IS NOT on the NHS,2,Urban,5,Major Collector,4,City or Municipal Highway Agency,8,Other,CEDAR AVE,,15,15,40.56704167,40.56704167,-74.500077780,-74.500077780,0,No Special Jurisdiction,10,Railway Vehicle,0,The First Harmful Event was Not a Collision with a Motor Vehicle in Transport,0,No,6,"Railway Grade Crossing ",1,Not an Intersection,0,None,,,1,On Roadway,1,Daylight,,,,,1,Clear,0,No,172360W,172360W,8,8:00am-8:59am,16,16,8,8:00am-8:59am,23,23,88,"Not Applicable (Not Transported) ",88,Not Applicable (Not Transported),,,,,,,2,0
2020,34,340087,New Jersey,1,1,0,1,1,1,1,23,MIDDLESEX (23),1380,HIGHLAND PARK,14,14,1,January,2020,3,Tuesday,17,5:00pm-5:59pm,29,29,1,This section IS ON the NHS,2,Urban,3,Principal Arterial - Other,2,County Highway Agency,4,County Road,CR-514 WOODBRIDGE AVENUE,S EIGHTH AVENUE,261,261,40.50095833,40.50095833,-74.421063890,-74.421063890,0,No Special Jurisdiction,8,Pedestrian,0,The First Harmful Event was Not a Collision with a Motor Vehicle in Transport,0,No,3,Intersection-Related,3,T-Intersection,0,None,,,1,On Roadway,3,Dark - Lighted,,,,,2,Rain,0,No,0000000,Not Applicable,17,5:00pm-5:59pm,32,32,17,5:00pm-5:59pm,32,32,17,5:00pm-5:59pm,48,48,,,,,,,1,0
2020,34,340088,New Jersey,1,1,0,1,1,1,1,15,GLOUCESTER (15),1311,HARRISONVILLE,14,14,1,January,2020,3,Tuesday,17,5:00pm-5:59pm,31,31,1,This section IS ON the NHS,2,Urban,3,Principal Arterial - Other,1,State Highway Agency,2,U.S. Highway,US-322,,157,157,39.71590833,39.71590833,-75.142305560,-75.142305560,0,No Special Jurisdiction,8,Pedestrian,0,The First Harmful Event was Not a Collision with a Motor Vehicle in Transport,0,No,1,Non-Junction,1,Not an Intersection,0,None,,,1,On Roadway,2,Dark - Not Lighted,,,,,2,Rain,0,No,0000000,Not Applicable,17,5:00pm-5:59pm,33,33,17,5:00pm-5:59pm,35,35,88,"Not Applicable (Not Transported) ",88,Not Applicable (Not Transported),,,,,,,1,0
2020,34,340089,New Jersey,1,1,0,1,1,2,2,23,MIDDLESEX (23),2582,PISCATAWAY,18,18,1,January,2020,7,Saturday,21,9:00pm-9:59pm,36,36,1,This section IS ON the NHS,2,Urban,1,Interstate,1,State Highway Agency,1,Interstate,I-287,,60,60,40.55632500,40.55632500,-74.438227780,-74.438227780,0,No Special Jurisdiction,8,Pedestrian,0,The First Harmful Event was Not a Collision with a Motor Vehicle in Transport,0,No,1,Non-Junction,1,Not an Intersection,0,None,,,1,On Roadway,2,Dark - Not Lighted,,,,,1,Clear,0,No,0000000,Not Applicable,21,9:00pm-9:59pm,43,43,21,9:00pm-9:59pm,55,55,22,10:00pm-10:59pm,21,21,,,,,,,1,0
2020,34,340090,New Jersey,3,2,1,1,1,2,2,23,MIDDLESEX (23),844,EDISON,22,22,2,February,2020,7,Saturday,4,4:00am-4:59am,18,18,1,This section IS ON the NHS,2,Urban,1,Interstate,31,State Toll Road,1,Interstate,I-95,,397,397,40.49685833,40.49685833,-74.386300000,-74.386300000,0,No Special Jurisdiction,12,Motor Vehicle In-Transport,1,Front-to-Rear,0,No,1,Non-Junction,1,Not an Intersection,0,None,,,1,On Roadway,2,Dark - Not Lighted,,,,,1,Clear,0,No,0000000,Not Applicable,4,4:00am-4:59am,36,36,4,4:00am-4:59am,58,58,99,Unknown,99,Unknown EMS Hospital Arrival Time,,,,,,,1,1
2020,34,340091,New Jersey,2,2,0,0,0,6,6,23,MIDDLESEX (23),2570,PERTH AMBOY,27,27,3,March,2020,6,Friday,18,6:00pm-6:59pm,30,30,1,This section IS ON the NHS,2,Urban,3,Principal Arterial - Other,1,State Highway Agency,3,State Highway,SR-35,CHAMBERLAIN AVENUE,536,536,40.53397778,40.53397778,-74.278877780,-74.278877780,0,No Special Jurisdiction,12,Motor Vehicle In-Transport,6,Angle,0,No,2,Intersection,3,T-Intersection,0,None,,,1,On Roadway,1,Daylight,,,,,1,Clear,0,No,0000000,Not Applicable,18,6:00pm-6:59pm,32,32,18,6:00pm-6:59pm,38,38,18,6:00pm-6:59pm,53,53,,,,,,,3,1
2020,34,340092,New Jersey,1,1,0,1,1,1,1,3,BERGEN (3),2000,MONTVALE,28,28,2,February,2020,6,Friday,20,8:00pm-8:59pm,22,22,0,This section IS NOT on the NHS,2,Urban,4,Minor Arterial,2,County Highway Agency,4,County Road,CR-73 CHESTNUT RIDGE RD,,53,53,41.07005000,41.07005000,-74.068033330,-74.068033330,0,No Special Jurisdiction,8,Pedestrian,0,The First Harmful Event was Not a Collision with a Motor Vehicle in Transport,0,No,1,Non-Junction,1,Not an Intersection,0,None,,,1,On Roadway,2,Dark - Not Lighted,,,,,1,Clear,0,No,0000000,Not Applicable,20,8:00pm-8:59pm,26,26,20,8:00pm-8:59pm,44,44,21,9:00pm-9:59pm,10,10,,,,,,,1,0
2020,34,340093,New Jersey,1,1,0,0,0,2,2,27,MORRIS (27),0,NOT APPLICABLE,25,25,4,April,2020,7,Saturday,7,7:00am-7:59am,47,47,0,This section IS NOT on the NHS,2,Urban,5,Major Collector,2,County Highway Agency,4,County Road,"CR-699 BERKSHIRE VALLEY ROAD ",,33,33,40.97047778,40.97047778,-74.555733330,-74.555733330,0,No Special Jurisdiction,42,Tree (Standing Only),0,The First Harmful Event was Not a Collision with a Motor Vehicle in Transport,0,No,1,Non-Junction,1,Not an Intersection,0,None,,,5,Outside Trafficway,1,Daylight,,,,,10,Cloudy,0,No,0000000,Not Applicable,8,8:00am-8:59am,1,1,99,Unknown EMS Scene Arrival Hour,99,Unknown EMS Scene Arrival Minutes,99,Unknown,99,Unknown EMS Hospital Arrival Time,,,,,,,1,1
2020,34,340094,New Jersey,1,1,0,1,1,1,1,5,BURLINGTON (5),2081,MT LAUREL,13,13,5,May,2020,4,Wednesday,22,10:00pm-10:59pm,12,12,1,This section IS ON the NHS,2,Urban,3,Principal Arterial - Other,1,State Highway Agency,3,State Highway,SR-38,,97,97,39.96739722,39.96739722,-74.908363890,-74.908363890,0,No Special Jurisdiction,8,Pedestrian,0,The First Harmful Event was Not a Collision with a Motor Vehicle in Transport,0,No,1,Non-Junction,1,Not an Intersection,0,None,,,1,On Roadway,2,Dark - Not Lighted,,,,,1,Clear,0,No,0000000,Not Applicable,21,9:00pm-9:59pm,33,33,21,9:00pm-9:59pm,35,35,88,"Not Applicable (Not Transported) ",88,Not Applicable (Not Transported),,,,,,,1,0
2020,34,340095,New Jersey,1,1,0,1,1,2,2,13,ESSEX (13),3150,TOWNSHIP OF SOUTH ORANGE VILLAGE,21,21,5,May,2020,5,Thursday,13,1:00pm-1:59pm,28,28,0,This section IS NOT on the NHS,2,Urban,4,Minor Arterial,2,County Highway Agency,4,County Road,"CR-510 VALLEY STREET ","CR-638 SOUTH ORANGE AVENUE ",245,245,40.74563889,40.74563889,-74.258091670,-74.258091670,0,No Special Jurisdiction,8,Pedestrian,0,The First Harmful Event was Not a Collision with a Motor Vehicle in Transport,0,No,3,Intersection-Related,2,Four-Way Intersection,0,None,,,1,On Roadway,1,Daylight,,,,,1,Clear,0,No,0000000,Not Applicable,13,1:00pm-1:59pm,31,31,13,1:00pm-1:59pm,37,37,88,"Not Applicable (Not Transported) ",88,Not Applicable (Not Transported),,,,,,,1,0
2020,34,340096,New Jersey,2,2,0,1,1,5,5,25,MONMOUTH (25),1798,MANALAPAN,12,12,2,February,2020,4,Wednesday,19,7:00pm-7:59pm,21,21,1,This section IS ON the NHS,2,Urban,3,Principal Arterial - Other,1,State Highway Agency,3,State Highway,SR-33,"WOODWARD ROAD ",226,226,40.25380278,40.25380278,-74.368183330,-74.368183330,0,No Special Jurisdiction,8,Pedestrian,0,The First Harmful Event was Not a Collision with a Motor Vehicle in Transport,0,No,3,Intersection-Related,2,Four-Way Intersection,0,None,,,1,On Roadway,3,Dark - Lighted,,,,,12,Freezing Rain or Drizzle,0,No,0000000,Not Applicable,99,Unknown,99,Unknown,99,Unknown EMS Scene Arrival Hour,99,Unknown EMS Scene Arrival Minutes,88,"Not Applicable (Not Transported) ",88,Not Applicable (Not Transported),,,,,,,1,0
2020,34,340098,New Jersey,2,2,0,1,1,6,6,3,BERGEN (3),1210,HACKENSACK,8,8,5,May,2020,6,Friday,20,8:00pm-8:59pm,19,19,1,This section IS ON the NHS,2,Urban,3,Principal Arterial - Other,2,County Highway Agency,4,County Road,CR-503 RIVER ST,CR-561 COURT ST,51,51,40.87919167,40.87919167,-74.041305560,-74.041305560,0,No Special Jurisdiction,8,Pedestrian,0,The First Harmful Event was Not a Collision with a Motor Vehicle in Transport,0,No,3,Intersection-Related,2,Four-Way Intersection,0,None,,,4,On Roadside,3,Dark - Lighted,,,,,2,Rain,0,No,0000000,Not Applicable,20,8:00pm-8:59pm,19,19,20,8:00pm-8:59pm,20,20,20,8:00pm-8:59pm,36,36,,,,,,,1,1