caseyear,state,st_case,statename,ve_total,ve_forms,pvh_invl,peds,pernotmvit,permvit,persons,county,countyname,city,cityname,day,dayname,month,monthname,year,day_week,day_weekname,hour,hourname,minute,minutename,nhs,nhsname,rur_urb,rur_urbname,func_sys,func_sysname,rd_owner,rd_ownername,route,routename,tway_id,tway_id2,milept,mileptname,latitude,latitudename,longitud,longitudname,sp_jur,sp_jurname,harm_ev,harm_evname,man_coll,man_collname,reljct1,reljct1name,reljct2,reljct2name,typ_int,typ_intname,wrk_zone,wrk_zonename,road_fnc,road_fncname,rel_road,rel_roadname,lgt_cond,lgt_condname,weather1,weather1name,weather2,weather2name,weather,weathername,sch_bus,sch_busname,rail,railname,not_hour,not_hourname,not_min,not_minname,arr_hour,arr_hourname,arr_min,arr_minname,hosp_hr,hosp_hrname,hosp_mn,hosp_mnname,cf1,cf1name,cf2,cf2name,cf3,cf3name,fatals,drunk_dr
2020,34,340136,New Jersey,1,1,0,1,1,1,1,39,UNION (39),860,ELIZABETH,9,9,5,May,2020,7,Saturday,19,7:00pm-7:59pm,27,27,0,This section IS NOT on the NHS,2,Urban,4,Minor Arterial,4,City or Municipal Highway Agency,6,Local Street - Municipality,EAST GRAND STREET,,5,5,40.66556667,40.66556667,-74.205341670,-74.205341670,0,No Special Jurisdiction,8,Pedestrian,0,The First Harmful Event was Not a Collision with a Motor Vehicle in Transport,0,No,1,Non-Junction,1,Not an Intersection,0,None,,,1,On Roadway,1,Daylight,,,,,1,Clear,0,No,0000000,Not Applicable,99,Unknown,99,Unknown,99,Unknown EMS Scene Arrival Hour,99,Unknown EMS Scene Arrival Minutes,99,Unknown,99,Unknown EMS Hospital Arrival Time,,,,,,,1,0
2020,34,340137,New Jersey,2,2,0,0,0,2,2,37,SUSSEX (37),1070,FRANKLIN,22,22,5,May,2020,6,Friday,6,6:00am-6:59am,10,10,1,This section IS ON the NHS,2,Urban,3,Principal Arterial - Other,1,State Highway Agency,3,State Highway,SR-23,,343,343,41.13657778,41.13657778,-74.572241670,-74.572241670,0,No Special Jurisdiction,12,Motor Vehicle In-Transport,6,Angle,0,No,4,Driveway Access,1,Not an Intersection,0,None,,,1,On Roadway,1,Daylight,,,,,1,Clear,0,No,0000000,Not Applicable,6,6:00am-6:59am,9,9,6,6:00am-6:59am,9,9,88,"Not Applicable (Not Transported) ",88,Not Applicable (Not Transported),,,,,,,1,0
2020,34,340138,New Jersey,1,1,0,0,0,1,1,35,SOMERSET (35),425,BRIDGEWATER,18,18,5,May,2020,2,Monday,21,9:00pm-9:59pm,36,36,0,This section IS NOT on the NHS,2,Urban,4,Minor Arterial,4,City or Municipal Highway Agency,6,Local Street - Municipality,"GARRETSON ROAD ",,99998,Not Reported,40.59700278,40.59700278,-74.646416670,-74.646416670,0,No Special Jurisdiction,33,Curb,0,The First Harmful Event was Not a Collision with a Motor Vehicle in Transport,0,No,1,Non-Junction,1,Not an Intersection,0,None,,,4,On Roadside,2,Dark - Not Lighted,,,,,1,Clear,0,No,0000000,Not Applicable,21,9:00pm-9:59pm,40,40,21,9:00pm-9:59pm,51,51,88,"Not Applicable (Not Transported) ",88,Not Applicable (Not Transported),,,,,,,1,0
2020,34,340139,New Jersey,2,2,0,0,0,2,2,1,ATLANTIC (1),0,NOT APPLICABLE,22,22,5,May,2020,6,Friday,18,6:00pm-6:59pm,2,2,0,This section IS NOT on the NHS,1,Rural,4,Minor Arterial,1,State Highway Agency,3,State Highway,SR-54,PAN COAST MILL RD,11,11,39.52778056,39.52778056,-74.916894440,-74.916894440,0,No Special Jurisdiction,12,Motor Vehicle In-Transport,6,Angle,0,No,2,Intersection,2,Four-Way Intersection,0,None,,,1,On Roadway,1,Daylight,,,,,1,Clear,0,No,0000000,Not Applicable,18,6:00pm-6:59pm,5,5,18,6:00pm-6:59pm,13,13,88,"Not Applicable (Not Transported) ",88,Not Applicable (Not Transported),,,,,,,1,0
2020,34,340140,New Jersey,1,1,0,0,0,1,1,35,SOMERSET (35),3520,WATCHUNG,17,17,5,May,2020,1,Sunday,16,4:00pm-4:59pm,52,52,0,This section IS NOT on the NHS,2,Urban,4,Minor Arterial,2,County Highway Agency,4,County Road,"CR-655 NEW PROVIDENCE ",,10,10,40.66331111,40.66331111,-74.402116670,-74.402116670,0,No Special Jurisdiction,33,Curb,0,The First Harmful Event was Not a Collision with a Motor Vehicle in Transport,0,No,1,Non-Junction,1,Not an Intersection,0,None,,,4,On Roadside,1,Daylight,,,,,1,Clear,0,No,0000000,Not Applicable,99,Unknown,99,Unknown,99,Unknown EMS Scene Arrival Hour,99,Unknown EMS Scene Arrival Minutes,99,Unknown,99,Unknown EMS Hospital Arrival Time,,,,,,,1,0
2020,34,340141,New Jersey,1,1,0,1,1,1,1,1,ATLANTIC (1),851,EGG HARBOR TOWNSHIP,30,30,3,March,2020,2,Monday,20,8:00pm-8:59pm,48,48,1,This section IS ON the NHS,2,Urban,3,Principal Arterial - Other,1,State Highway Agency,2,U.S. Highway,US-40,,614,614,39.37872222,39.37872222,-74.490608330,-74.490608330,0,No Special Jurisdiction,8,Pedestrian,0,The First Harmful Event was Not a Collision with a Motor Vehicle in Transport,0,No,1,Non-Junction,1,Not an Intersection,0,None,,,1,On Roadway,3,Dark - Lighted,,,,,1,Clear,0,No,0000000,Not Applicable,20,8:00pm-8:59pm,50,50,20,8:00pm-8:59pm,58,58,21,9:00pm-9:59pm,30,30,,,,,,,1,0
2020,34,340142,New Jersey,2,2,0,0,0,2,2,19,HUNTERDON (19),1280,HAMPTON,30,30,4,April,2020,5,Thursday,16,4:00pm-4:59pm,44,44,1,This section IS ON the NHS,2,Urban,3,Principal Arterial - Other,1,State Highway Agency,3,State Highway,SR-31,,389,389,40.70975556,40.70975556,-74.962127780,-74.962127780,0,No Special Jurisdiction,12,Motor Vehicle In-Transport,2,Front-to-Front,0,No,1,Non-Junction,1,Not an Intersection,0,None,,,1,On Roadway,1,Daylight,,,,,2,Rain,0,No,0000000,Not Applicable,16,4:00pm-4:59pm,43,43,16,4:00pm-4:59pm,45,45,17,5:00pm-5:59pm,24,24,,,,,,,1,0
2020,34,340143,New Jersey,1,1,0,1,1,1,1,21,MERCER (21),935,EWING TOWNSHIP,24,24,2,February,2020,2,Monday,6,6:00am-6:59am,55,55,1,This section IS ON the NHS,2,Urban,2,Principal Arterial - Other Freeways and Expressways,1,State Highway Agency,3,State Highway,SR-29,,91,91,40.26127500,40.26127500,-74.846000000,-74.846000000,0,No Special Jurisdiction,8,Pedestrian,0,The First Harmful Event was Not a Collision with a Motor Vehicle in Transport,0,No,1,Non-Junction,1,Not an Intersection,1,Construction,,,1,On Roadway,1,Daylight,,,,,1,Clear,0,No,0000000,Not Applicable,6,6:00am-6:59am,56,56,7,7:00am-7:59am,5,5,7,7:00am-7:59am,25,25,,,,,,,1,0
2020,34,340144,New Jersey,4,1,3,0,0,1,1,29,OCEAN (29),0,NOT APPLICABLE,26,26,4,April,2020,1,Sunday,6,6:00am-6:59am,46,46,0,This section IS NOT on the NHS,2,Urban,7,Local,2,County Highway Agency,4,County Road,"CR-111 NAUTILUS DRIVE ",,21,21,39.74061667,39.74061667,-74.282813890,-74.282813890,0,No Special Jurisdiction,14,Parked Motor Vehicle,0,The First Harmful Event was Not a Collision with a Motor Vehicle in Transport,0,No,1,Non-Junction,1,Not an Intersection,0,None,,,2,On Shoulder,3,Dark - Lighted,,,,,2,Rain,0,No,0000000,Not Applicable,99,Unknown,99,Unknown,99,Unknown EMS Scene Arrival Hour,99,Unknown EMS Scene Arrival Minutes,88,"Not Applicable (Not Transported) ",88,Not Applicable (Not Transported),,,,,,,1,1
2020,34,340145,New Jersey,1,1,0,1,1,1,1,3,BERGEN (3),1060,FORT LEE,27,27,3,March,2020,6,Friday,10,10:00am-10:59am,18,18,1,This section IS ON the NHS,2,Urban,3,Principal Arterial - Other,4,City or Municipal Highway Agency,3,State Highway,SR-67,BRIDGE PLAZA,14,14,40.85365278,40.85365278,-73.968466670,-73.968466670,0,No Special Jurisdiction,8,Pedestrian,0,The First Harmful Event was Not a Collision with a Motor Vehicle in Transport,0,No,3,Intersection-Related,2,Four-Way Intersection,0,None,,,1,On Roadway,1,Daylight,,,,,1,Clear,0,No,0000000,Not Applicable,10,10:00am-10:59am,19,19,10,10:00am-10:59am,25,25,88,"Not Applicable (Not Transported) ",88,Not Applicable (Not Transported),,,,,,,1,0
2020,34,340146,New Jersey,1,1,0,1,1,2,2,19,HUNTERDON (19),0,NOT APPLICABLE,7,7,2,February,2020,6,Friday,18,6:00pm-6:59pm,7,7,1,This section IS ON the NHS,2,Urban,3,Principal Arterial - Other,1,State Highway Agency,3,State Highway,SR-22,,224,224,40.64467778,40.64467778,-74.819069440,-74.819069440,0,No Special Jurisdiction,8,Pedestrian,0,The First Harmful Event was Not a Collision with a Motor Vehicle in Transport,0,No,1,Non-Junction,1,Not an Intersection,0,None,,,1,On Roadway,2,Dark - Not Lighted,,,,,1,Clear,0,No,0000000,Not Applicable,18,6:00pm-6:59pm,7,7,18,6:00pm-6:59pm,12,12,99,Unknown,99,Unknown EMS Hospital Arrival Time,,,,,,,1,0
2020,34,340147,New Jersey,1,1,0,1,1,2,2,17,HUDSON (17),1520,JERSEY CITY,18,18,3,March,2020,4,Wednesday,1,1:00am-1:59am,36,36,0,This section IS NOT on the NHS,2,Urban,4,Minor Arterial,4,City or Municipal Highway Agency,6,Local Street - Municipality,PALISADE AVENUE,"WAVERLY STREET ",5,5,40.73660278,40.73660278,-74.049025000,-74.049025000,0,No Special Jurisdiction,8,Pedestrian,0,The First Harmful Event was Not a Collision with a Motor Vehicle in Transport,0,No,3,Intersection-Related,3,T-Intersection,0,None,,,1,On Roadway,3,Dark - Lighted,,,,,1,Clear,0,No,0000000,Not Applicable,1,1:00am-1:59am,39,39,1,1:00am-1:59am,41,41,1,1:00am-1:59am,51,51,,,,,,,1,0
2020,34,340148,New Jersey,1,1,0,1,1,2,2,35,SOMERSET (35),1081,FRANKLIN PARK,12,12,3,March,2020,5,Thursday,6,6:00am-6:59am,21,21,1,This section IS ON the NHS,2,Urban,3,Principal Arterial - Other,1,State Highway Agency,3,State Highway,SR-27,,82,82,40.42737222,40.42737222,-74.562691670,-74.562691670,0,No Special Jurisdiction,8,Pedestrian,0,The First Harmful Event was Not a Collision with a Motor Vehicle in Transport,0,No,1,Non-Junction,1,Not an Intersection,0,None,,,1,On Roadway,3,Dark - Lighted,,,,,10,Cloudy,0,No,0000000,Not Applicable,6,6:00am-6:59am,23,23,6,6:00am-6:59am,35,35,7,7:00am-7:59am,2,2,,,,,,,1,0
2020,34,340149,New Jersey,1,1,0,0,0,5,5,13,ESSEX (13),2130,NEWARK,25,25,1,January,2020,7,Saturday,3,3:00am-3:59am,34,34,0,This section IS NOT on the NHS,2,Urban,5,Major Collector,4,City or Municipal Highway Agency,6,Local Street - Municipality,15TH AVE,HUNTERDON ST,12,12,40.73561667,40.73561667,-74.193480560,-74.193480560,0,No Special Jurisdiction,31,"Post, Pole or Other Supports",0,The First Harmful Event was Not a Collision with a Motor Vehicle in Transport,0,No,3,Intersection-Related,4,Y-Intersection,0,None,,,4,On Roadside,3,Dark - Lighted,,,,,1,Clear,0,No,0000000,Not Applicable,3,3:00am-3:59am,37,37,3,3:00am-3:59am,49,49,4,4:00am-4:59am,6,6,,,,,,,2,1
2020,34,340150,New Jersey,1,1,0,1,1,1,1,35,SOMERSET (35),2250,NORTH PLAINFIELD,28,28,3,March,2020,7,Saturday,21,9:00pm-9:59pm,54,54,1,This section IS ON the NHS,2,Urban,3,Principal Arterial - Other,1,State Highway Agency,2,U.S. Highway,US-22,"WEST END AVENUE ",438,438,40.61771944,40.61771944,-74.452005560,-74.452005560,0,No Special Jurisdiction,8,Pedestrian,0,The First Harmful Event was Not a Collision with a Motor Vehicle in Transport,0,No,2,Intersection,2,Four-Way Intersection,0,None,,,1,On Roadway,3,Dark - Lighted,,,,,2,Rain,0,No,0000000,Not Applicable,21,9:00pm-9:59pm,53,53,21,9:00pm-9:59pm,58,58,88,"Not Applicable (Not Transported) ",88,Not Applicable (Not Transported),,,,,,,1,0
2020,34,340151,New Jersey,1,1,0,1,1,1,1,3,BERGEN (3),960,FAIRVIEW,10,10,6,June,2020,4,Wednesday,6,6:00am-6:59am,46,46,0,This section IS NOT on the NHS,2,Urban,4,Minor Arterial,2,County Highway Agency,4,County Road,CR-48 FAIRVIEW AVENUE,"CR-29 ANDERSON AVENUE ",0,None,40.81006944,40.81006944,-74.000719440,-74.000719440,0,No Special Jurisdiction,8,Pedestrian,0,The First Harmful Event was Not a Collision with a Motor Vehicle in Transport,0,No,2,Intersection,2,Four-Way Intersection,0,None,,,1,On Roadway,1,Daylight,,,,,1,Clear,0,No,0000000,Not Applicable,99,Unknown,99,Unknown,99,Unknown EMS Scene Arrival Hour,99,Unknown EMS Scene Arrival Minutes,88,"Not Applicable (Not Transported) ",88,Not Applicable (Not Transported),,,,,,,1,0
2020,34,340152,New Jersey,2,2,0,0,0,4,4,1,ATLANTIC (1),1270,HAMMONTON,19,19,6,June,2020,6,Friday,23,11:00pm-11:59pm,7,7,1,This section IS ON the NHS,2,Urban,3,Principal Arterial - Other,1,State Highway Agency,2,U.S. Highway,US-30,CR-602 VETERANS WAY,323,323,39.61504722,39.61504722,-74.771694440,-74.771694440,0,No Special Jurisdiction,12,Motor Vehicle In-Transport,2,Front-to-Front,0,No,3,Intersection-Related,2,Four-Way Intersection,0,None,,,1,On Roadway,3,Dark - Lighted,,,,,1,Clear,0,No,0000000,Not Applicable,23,11:00pm-11:59pm,12,12,23,11:00pm-11:59pm,30,30,0,0:00am-0:59am,10,10,,,,,,,1,1
2020,34,340153,New Jersey,1,1,0,1,1,1,1,25,MONMOUTH (25),1090,FREEHOLD,27,27,3,March,2020,6,Friday,2,2:00am-2:59am,7,7,1,This section IS ON the NHS,2,Urban,3,Principal Arterial - Other,4,City or Municipal Highway Agency,4,County Road,CR-537,SOUTH STREET,522,522,40.25993056,40.25993056,-74.274419440,-74.274419440,0,No Special Jurisdiction,8,Pedestrian,0,The First Harmful Event was Not a Collision with a Motor Vehicle in Transport,0,No,3,Intersection-Related,3,T-Intersection,0,None,,,1,On Roadway,3,Dark - Lighted,,,,,1,Clear,0,No,0000000,Not Applicable,99,Unknown,99,Unknown,99,Unknown EMS Scene Arrival Hour,99,Unknown EMS Scene Arrival Minutes,99,Unknown,99,Unknown EMS Hospital Arrival Time,,,,,,,1,0
2020,34,340154,New Jersey,1,1,0,1,1,1,1,15,GLOUCESTER (15),747,DEPTFORD,22,22,4,April,2020,4,Wednesday,11,11:00am-11:59am,10,10,0,This section IS NOT on the NHS,2,Urban,4,Minor Arterial,4,City or Municipal Highway Agency,6,Local Street - Municipality,DEPTFORD CENTER RD,ALMONESSON RD,0,None,39.82815556,39.82815556,-75.100441670,-75.100441670,0,No Special Jurisdiction,9,Pedalcyclist,0,The First Harmful Event was Not a Collision with a Motor Vehicle in Transport,0,No,3,Intersection-Related,2,Four-Way Intersection,0,None,,,1,On Roadway,1,Daylight,,,,,1,Clear,0,No,0000000,Not Applicable,11,11:00am-11:59am,12,12,11,11:00am-11:59am,18,18,88,"Not Applicable (Not Transported) ",88,Not Applicable (Not Transported),,,,,,,1,0
2020,34,340155,New Jersey,1,1,0,1,1,1,1,15,GLOUCESTER (15),3710,WOODBURY,20,20,4,April,2020,2,Monday,10,10:00am-10:59am,39,39,1,This section IS ON the NHS,2,Urban,3,Principal Arterial - Other,1,State Highway Agency,3,State Highway,SR-45,TWELLS AVE,253,253,39.83036944,39.83036944,-75.158280560,-75.158280560,0,No Special Jurisdiction,15,Non-Motorist on Personal Conveyance,0,The First Harmful Event was Not a Collision with a Motor Vehicle in Transport,0,No,3,Intersection-Related,2,Four-Way Intersection,0,None,,,1,On Roadway,1,Daylight,,,,,1,Clear,0,No,0000000,Not Applicable,10,10:00am-10:59am,41,41,10,10:00am-10:59am,44,44,11,11:00am-11:59am,24,24,,,,,,,1,0
2020,34,340156,New Jersey,2,1,1,1,1,1,1,33,SALEM (33),2565,PENNSVILLE,21,21,4,April,2020,3,Tuesday,10,10:00am-10:59am,12,12,0,This section IS NOT on the NHS,9,Unknown,7,Local,4,City or Municipal Highway Agency,6,Local Street - Municipality,K DRIVE,,0,None,39.63758333,39.63758333,-75.513855560,-75.513855560,0,No Special Jurisdiction,14,Parked Motor Vehicle,0,The First Harmful Event was Not a Collision with a Motor Vehicle in Transport,0,No,1,Non-Junction,1,Not an Intersection,0,None,,,2,On Shoulder,1,Daylight,,,,,1,Clear,0,No,0000000,Not Applicable,10,10:00am-10:59am,13,13,10,10:00am-10:59am,18,18,88,"Not Applicable (Not Transported) ",88,Not Applicable (Not Transported),,,,,,,1,0
2020,34,340157,New Jersey,1,1,0,0,0,1,1,11,CUMBERLAND (11),1970,MILLVILLE,17,17,4,April,2020,6,Friday,8,8:00am-8:59am,39,39,0,This section IS NOT on the NHS,2,Urban,4,Minor Arterial,2,County Highway Agency,4,County Road,CR-608 CARMEL RD,,27,27,39.41016389,39.41016389,-75.079838890,-75.079838890,0,No Special Jurisdiction,42,Tree (Standing Only),0,The First Harmful Event was Not a Collision with a Motor Vehicle in Transport,0,No,1,Non-Junction,1,Not an Intersection,0,None,,,5,Outside Trafficway,1,Daylight,,,,,1,Clear,0,No,0000000,Not Applicable,8,8:00am-8:59am,38,38,8,8:00am-8:59am,53,53,88,"Not Applicable (Not Transported) ",88,Not Applicable (Not Transported),,,,,,,1,0
2020,34,340158,New Jersey,1,1,0,1,1,1,1,7,CAMDEN (7),520,CAMDEN,26,26,4,April,2020,1,Sunday,2,2:00am-2:59am,38,38,0,This section IS NOT on the NHS,2,Urban,4,Minor Arterial,2,County Highway Agency,4,County Road,CR-608 BAIRD BLVD,,5,5,39.93843056,39.93843056,-75.093541670,-75.093541670,0,No Special Jurisdiction,8,Pedestrian,0,The First Harmful Event was Not a Collision with a Motor Vehicle in Transport,0,No,1,Non-Junction,1,Not an Intersection,0,None,,,99,Reported as Unknown,2,Dark - Not Lighted,,,,,1,Clear,0,No,0000000,Not Applicable,2,2:00am-2:59am,36,36,2,2:00am-2:59am,40,40,88,"Not Applicable (Not Transported) ",88,Not Applicable (Not Transported),,,,,,,1,0
2020,34,340159,New Jersey,1,1,0,1,1,3,3,7,CAMDEN (7),0,NOT APPLICABLE,27,27,4,April,2020,2,Monday,16,4:00pm-4:59pm,48,48,1,This section IS ON the NHS,2,Urban,3,Principal Arterial - Other,1,State Highway Agency,3,State Highway,SR-168,,37,37,39.82111389,39.82111389,-75.067875000,-75.067875000,0,No Special Jurisdiction,8,Pedestrian,0,The First Harmful Event was Not a Collision with a Motor Vehicle in Transport,0,No,8,Driveway Access Related,1,Not an Intersection,0,None,,,2,On Shoulder,1,Daylight,,,,,1,Clear,0,No,0000000,Not Applicable,16,4:00pm-4:59pm,48,48,16,4:00pm-4:59pm,53,53,17,5:00pm-5:59pm,24,24,,,,,,,1,1
2020,34,340160,New Jersey,2,2,0,0,0,2,2,25,MONMOUTH (25),3475,WALL TOWNSHIP,6,6,4,April,2020,2,Monday,10,10:00am-10:59am,24,24,1,This section IS ON the NHS,2,Urban,2,Principal Arterial - Other Freeways and Expressways,31,State Toll Road,8,Other,444 GARDEN STATE PARKWAY,,999,999,40.19423056,40.19423056,-74.099125000,-74.099125000,0,No Special Jurisdiction,12,Motor Vehicle In-Transport,1,Front-to-Rear,0,No,1,Non-Junction,1,Not an Intersection,0,None,,,1,On Roadway,1,Daylight,,,,,1,Clear,0,No,0000000,Not Applicable,10,10:00am-10:59am,25,25,10,10:00am-10:59am,31,31,10,10:00am-10:59am,56,56,,,,,,,1,1
2020,34,340161,New Jersey,1,1,0,0,0,1,1,37,SUSSEX (37),3448,VERNON,8,8,4,April,2020,4,Wednesday,20,8:00pm-8:59pm,59,59,0,This section IS NOT on the NHS,2,Urban,5,Major Collector,2,County Highway Agency,4,County Road,CR-565 GLENWOOD RD,,115,115,41.19375278,41.19375278,-74.568608330,-74.568608330,0,No Special Jurisdiction,17,Boulder,0,The First Harmful Event was Not a Collision with a Motor Vehicle in Transport,0,No,1,Non-Junction,1,Not an Intersection,0,None,,,5,Outside Trafficway,2,Dark - Not Lighted,,,,,1,Clear,0,No,0000000,Not Applicable,21,9:00pm-9:59pm,9,9,21,9:00pm-9:59pm,24,24,21,9:00pm-9:59pm,42,42,,,,,,,1,1
2020,34,340162,New Jersey,3,3,0,0,0,5,5,11,CUMBERLAND (11),0,NOT APPLICABLE,11,11,4,April,2020,7,Saturday,7,7:00am-7:59am,7,7,0,This section IS NOT on the NHS,1,Rural,4,Minor Arterial,1,State Highway Agency,3,State Highway,SR-77,CR-630,74,74,39.52229444,39.52229444,-75.235605560,-75.235605560,0,No Special Jurisdiction,12,Motor Vehicle In-Transport,1,Front-to-Rear,0,No,3,Intersection-Related,4,Y-Intersection,0,None,,,1,On Roadway,1,Daylight,,,,,1,Clear,0,No,0000000,Not Applicable,7,7:00am-7:59am,4,4,7,7:00am-7:59am,15,15,7,7:00am-7:59am,39,39,,,,,,,1,0
2020,34,340163,New Jersey,2,2,0,0,0,2,2,31,PASSAIC (31),3582,WEST MILFORD,22,22,4,April,2020,4,Wednesday,12,12:00pm-12:59pm,23,23,1,This section IS ON the NHS,2,Urban,3,Principal Arterial - Other,1,State Highway Agency,3,State Highway,SR-23,CANISTEAR RD,259,259,41.08083056,41.08083056,-74.493133330,-74.493133330,0,No Special Jurisdiction,12,Motor Vehicle In-Transport,6,Angle,0,No,2,Intersection,2,Four-Way Intersection,0,None,,,1,On Roadway,1,Daylight,,,,,1,Clear,0,No,0000000,Not Applicable,12,12:00pm-12:59pm,30,30,12,12:00pm-12:59pm,47,47,99,Unknown,99,Unknown EMS Hospital Arrival Time,,,,,,,1,0
2020,34,340164,New Jersey,2,2,0,0,0,3,3,3,BERGEN (3),1060,FORT LEE,29,29,3,March,2020,1,Sunday,17,5:00pm-5:59pm,17,17,1,This section IS ON the NHS,2,Urban,3,Principal Arterial - Other,2,County Highway Agency,4,County Road,CR-505 HUDSON TERRACE,,77,77,40.85546389,40.85546389,-73.962816670,-73.962816670,0,No Special Jurisdiction,12,Motor Vehicle In-Transport,6,Angle,0,No,1,Non-Junction,1,Not an Intersection,0,None,,,1,On Roadway,1,Daylight,,,,,2,Rain,0,No,0000000,Not Applicable,17,5:00pm-5:59pm,22,22,17,5:00pm-5:59pm,27,27,17,5:00pm-5:59pm,55,55,,,,,,,1,0
2020,34,340165,New Jersey,1,1,0,0,0,1,1,11,CUMBERLAND (11),0,NOT APPLICABLE,29,29,5,May,2020,6,Friday,13,1:00pm-1:59pm,33,33,0,This section IS NOT on the NHS,1,Rural,4,Minor Arterial,2,County Highway Agency,4,County Road,CR-553 MAIN ST,,125,125,39.34126389,39.34126389,-75.203930560,-75.203930560,0,No Special Jurisdiction,30,Utility Pole/Light Support,0,The First Harmful Event was Not a Collision with a Motor Vehicle in Transport,0,No,1,Non-Junction,1,Not an Intersection,0,None,,,4,On Roadside,1,Daylight,,,,,1,Clear,0,No,0000000,Not Applicable,13,1:00pm-1:59pm,48,48,14,2:00pm-2:59pm,1,1,15,3:00pm-3:59pm,7,7,,,,,,,1,0
2020,34,340166,New Jersey,2,2,0,0,0,4,4,7,CAMDEN (7),598,CHERRY HILL,30,30,5,May,2020,7,Saturday,1,1:00am-1:59am,7,7,1,This section IS ON the NHS,2,Urban,2,Principal Arterial - Other Freeways and Expressways,31,State Toll Road,8,Other,700 NEW JERSEY TURNPIKE,,314,314,39.89705278,39.89705278,-74.990000000,-74.990000000,0,No Special Jurisdiction,12,Motor Vehicle In-Transport,7,Sideswipe - Same Direction,0,No,1,Non-Junction,1,Not an Intersection,0,None,,,2,On Shoulder,2,Dark - Not Lighted,,,,,1,Clear,0,No,0000000,Not Applicable,1,1:00am-1:59am,12,12,1,1:00am-1:59am,28,28,1,1:00am-1:59am,54,54,,,,,,,1,0
2020,34,340167,New Jersey,1,1,0,0,0,3,3,23,MIDDLESEX (23),1986,MONROE TOWNSHIP,2,2,5,May,2020,7,Saturday,23,11:00pm-11:59pm,11,11,0,This section IS NOT on the NHS,2,Urban,7,Local,4,City or Municipal Highway Agency,6,Local Street - Municipality,AVENUE J,,0,None,40.37415000,40.37415000,-74.405138890,-74.405138890,0,No Special Jurisdiction,5,Fell/Jumped from Vehicle,0,The First Harmful Event was Not a Collision with a Motor Vehicle in Transport,0,No,1,Non-Junction,1,Not an Intersection,0,None,,,1,On Roadway,3,Dark - Lighted,,,,,1,Clear,0,No,0000000,Not Applicable,23,11:00pm-11:59pm,16,16,23,11:00pm-11:59pm,23,23,88,"Not Applicable (Not Transported) ",88,Not Applicable (Not Transported),,,,,,,1,0
2020,34,340168,New Jersey,1,1,0,1,1,1,1,27,MORRIS (27),0,NOT APPLICABLE,29,29,5,May,2020,6,Friday,5,5:00am-5:59am,36,36,1,This section IS ON the NHS,2,Urban,3,Principal Arterial - Other,1,State Highway Agency,2,U.S. Highway,US-46,NORTH FRONTAGE RD,314,314,40.89103611,40.89103611,-74.680502780,-74.680502780,0,No Special Jurisdiction,8,Pedestrian,0,The First Harmful Event was Not a Collision with a Motor Vehicle in Transport,0,No,3,Intersection-Related,4,Y-Intersection,0,None,,,1,On Roadway,2,Dark - Not Lighted,,,,,2,Rain,0,No,0000000,Not Applicable,5,5:00am-5:59am,38,38,5,5:00am-5:59am,48,48,6,6:00am-6:59am,24,24,,,,,,,1,0
2020,34,340169,New Jersey,1,1,0,0,0,2,2,5,BURLINGTON (5),0,NOT APPLICABLE,26,26,5,May,2020,3,Tuesday,15,3:00pm-3:59pm,54,54,0,This section IS NOT on the NHS,9,Unknown,7,Local,4,City or Municipal Highway Agency,6,Local Street - Municipality,HEDDING RD,,0,None,40.11971667,40.11971667,-74.724252780,-74.724252780,0,No Special Jurisdiction,33,Curb,0,The First Harmful Event was Not a Collision with a Motor Vehicle in Transport,0,No,1,Non-Junction,1,Not an Intersection,0,None,,,4,On Roadside,1,Daylight,,,,,1,Clear,0,No,0000000,Not Applicable,15,3:00pm-3:59pm,58,58,16,4:00pm-4:59pm,3,3,16,4:00pm-4:59pm,59,59,,,,,,,1,0
2020,34,340170,New Jersey,1,1,0,1,1,1,1,23,MIDDLESEX (23),2970,SAYREVILLE,2,2,5,May,2020,7,Saturday,21,9:00pm-9:59pm,3,3,1,This section IS ON the NHS,2,Urban,2,Principal Arterial - Other Freeways and Expressways,31,State Toll Road,8,Other,444 GARDEN STATE PARKWAY,,1230,1230,40.45633611,40.45633611,-74.275683330,-74.275683330,0,No Special Jurisdiction,8,Pedestrian,0,The First Harmful Event was Not a Collision with a Motor Vehicle in Transport,0,No,1,Non-Junction,1,Not an Intersection,0,None,,,1,On Roadway,2,Dark - Not Lighted,,,,,1,Clear,0,No,0000000,Not Applicable,21,9:00pm-9:59pm,4,4,21,9:00pm-9:59pm,18,18,22,10:00pm-10:59pm,9,9,,,,,,,1,0
2020,34,340171,New Jersey,2,1,1,0,2,1,3,5,BURLINGTON (5),2081,MT LAUREL,11,11,5,May,2020,2,Monday,21,9:00pm-9:59pm,21,21,1,This section IS ON the NHS,2,Urban,2,Principal Arterial - Other Freeways and Expressways,31,State Toll Road,8,Other,NEW JERSEY TURNPIKE,,407,407,39.98971944,39.98971944,-74.874950000,-74.874950000,0,No Special Jurisdiction,14,Parked Motor Vehicle,0,The First Harmful Event was Not a Collision with a Motor Vehicle in Transport,0,No,1,Non-Junction,1,Not an Intersection,0,None,,,2,On Shoulder,2,Dark - Not Lighted,,,,,1,Clear,0,No,0000000,Not Applicable,21,9:00pm-9:59pm,24,24,21,9:00pm-9:59pm,34,34,88,"Not Applicable (Not Transported) ",88,Not Applicable (Not Transported),,,,,,,1,0