caseyear,state,st_case,statename,ve_total,ve_forms,pvh_invl,peds,pernotmvit,permvit,persons,county,countyname,city,cityname,day,dayname,month,monthname,year,day_week,day_weekname,hour,hourname,minute,minutename,nhs,nhsname,rur_urb,rur_urbname,func_sys,func_sysname,rd_owner,rd_ownername,route,routename,tway_id,tway_id2,milept,mileptname,latitude,latitudename,longitud,longitudname,sp_jur,sp_jurname,harm_ev,harm_evname,man_coll,man_collname,reljct1,reljct1name,reljct2,reljct2name,typ_int,typ_intname,wrk_zone,wrk_zonename,road_fnc,road_fncname,rel_road,rel_roadname,lgt_cond,lgt_condname,weather1,weather1name,weather2,weather2name,weather,weathername,sch_bus,sch_busname,rail,railname,not_hour,not_hourname,not_min,not_minname,arr_hour,arr_hourname,arr_min,arr_minname,hosp_hr,hosp_hrname,hosp_mn,hosp_mnname,cf1,cf1name,cf2,cf2name,cf3,cf3name,fatals,drunk_dr
2020,34,340172,New Jersey,1,1,0,1,1,1,1,23,MIDDLESEX (23),2632,PLAINSBORO,16,16,5,May,2020,7,Saturday,12,12:00pm-12:59pm,12,12,0,This section IS NOT on the NHS,2,Urban,4,Minor Arterial,4,City or Municipal Highway Agency,6,Local Street - Municipality,PLAINSBORO RD,THOREAU DR,0,None,40.32755833,40.32755833,-74.568919440,-74.568919440,0,No Special Jurisdiction,8,Pedestrian,0,The First Harmful Event was Not a Collision with a Motor Vehicle in Transport,0,No,3,Intersection-Related,3,T-Intersection,0,None,,,1,On Roadway,1,Daylight,,,,,1,Clear,0,No,0000000,Not Applicable,12,12:00pm-12:59pm,9,9,12,12:00pm-12:59pm,14,14,99,Unknown,99,Unknown EMS Hospital Arrival Time,,,,,,,1,0
2020,34,340173,New Jersey,1,1,0,0,0,1,1,7,CAMDEN (7),520,CAMDEN,28,28,5,May,2020,5,Thursday,14,2:00pm-2:59pm,47,47,1,This section IS ON the NHS,2,Urban,3,Principal Arterial - Other,1,State Highway Agency,2,U.S. Highway,US-30,,13,13,39.94586389,39.94586389,-75.113088890,-75.113088890,0,No Special Jurisdiction,33,Curb,0,The First Harmful Event was Not a Collision with a Motor Vehicle in Transport,0,No,1,Non-Junction,1,Not an Intersection,0,None,,,4,On Roadside,1,Daylight,,,,,2,Rain,0,No,0000000,Not Applicable,14,2:00pm-2:59pm,47,47,14,2:00pm-2:59pm,49,49,15,3:00pm-3:59pm,4,4,,,,,,,1,0
2020,34,340174,New Jersey,2,1,1,0,0,5,5,3,BERGEN (3),2940,RUTHERFORD,17,17,5,May,2020,1,Sunday,22,10:00pm-10:59pm,43,43,1,This section IS ON the NHS,2,Urban,2,Principal Arterial - Other Freeways and Expressways,1,State Highway Agency,3,State Highway,SR-3,,63,63,40.81289167,40.81289167,-74.105513890,-74.105513890,0,No Special Jurisdiction,45,"Working Motor Vehicle ",0,The First Harmful Event was Not a Collision with a Motor Vehicle in Transport,0,No,1,Non-Junction,1,Not an Intersection,1,Construction,,,1,On Roadway,3,Dark - Lighted,,,,,1,Clear,0,No,0000000,Not Applicable,22,10:00pm-10:59pm,52,52,23,11:00pm-11:59pm,0,0,23,11:00pm-11:59pm,30,30,,,,,,,5,1
2020,34,340175,New Jersey,1,1,0,1,1,1,1,27,MORRIS (27),0,NOT APPLICABLE,30,30,5,May,2020,7,Saturday,17,5:00pm-5:59pm,26,26,0,This section IS NOT on the NHS,2,Urban,4,Minor Arterial,2,County Highway Agency,4,County Road,CR-617 SUSSEX AVE,CRAIG RD,24,24,40.81706389,40.81706389,-74.522188890,-74.522188890,0,No Special Jurisdiction,9,Pedalcyclist,0,The First Harmful Event was Not a Collision with a Motor Vehicle in Transport,0,No,2,Intersection,3,T-Intersection,0,None,,,1,On Roadway,1,Daylight,,,,,1,Clear,0,No,0000000,Not Applicable,99,Unknown,99,Unknown,99,Unknown EMS Scene Arrival Hour,99,Unknown EMS Scene Arrival Minutes,99,Unknown,99,Unknown EMS Hospital Arrival Time,,,,,,,1,0
2020,34,340176,New Jersey,1,1,0,0,0,1,1,5,BURLINGTON (5),1774,LUMBERTON,29,29,5,May,2020,6,Friday,12,12:00pm-12:59pm,6,6,1,This section IS ON the NHS,2,Urban,3,Principal Arterial - Other,1,State Highway Agency,3,State Highway,SR-38,,180,180,39.97628889,39.97628889,-74.757505560,-74.757505560,0,No Special Jurisdiction,30,Utility Pole/Light Support,0,The First Harmful Event was Not a Collision with a Motor Vehicle in Transport,0,No,1,Non-Junction,1,Not an Intersection,0,None,,,4,On Roadside,1,Daylight,,,,,1,Clear,0,No,0000000,Not Applicable,12,12:00pm-12:59pm,10,10,12,12:00pm-12:59pm,21,21,88,"Not Applicable (Not Transported) ",88,Not Applicable (Not Transported),,,,,,,1,0
2020,34,340177,New Jersey,1,1,0,1,1,1,1,11,CUMBERLAND (11),3460,VINELAND,2,2,5,May,2020,7,Saturday,4,4:00am-4:59am,11,11,0,This section IS NOT on the NHS,2,Urban,4,Minor Arterial,1,State Highway Agency,3,State Highway,SR-56,,80,80,39.48830556,39.48830556,-75.071152780,-75.071152780,0,No Special Jurisdiction,8,Pedestrian,0,The First Harmful Event was Not a Collision with a Motor Vehicle in Transport,0,No,1,Non-Junction,1,Not an Intersection,0,None,,,1,On Roadway,2,Dark - Not Lighted,,,,,1,Clear,0,No,0000000,Not Applicable,4,4:00am-4:59am,16,16,4,4:00am-4:59am,19,19,88,"Not Applicable (Not Transported) ",88,Not Applicable (Not Transported),,,,,,,1,0
2020,34,340178,New Jersey,2,2,0,0,0,6,6,5,BURLINGTON (5),2015,MOORESTOWN,30,30,5,May,2020,7,Saturday,0,0:00am-0:59am,32,32,1,This section IS ON the NHS,2,Urban,3,Principal Arterial - Other,1,State Highway Agency,3,State Highway,SR-38,PLEASANT VALLEY AVE,70,70,39.95104167,39.95104167,-74.953369440,-74.953369440,0,No Special Jurisdiction,12,Motor Vehicle In-Transport,6,Angle,0,No,2,Intersection,2,Four-Way Intersection,0,None,,,1,On Roadway,3,Dark - Lighted,,,,,1,Clear,0,No,0000000,Not Applicable,0,0:00am-0:59am,38,38,0,0:00am-0:59am,42,42,1,1:00am-1:59am,19,19,,,,,,,3,0
2020,34,340179,New Jersey,1,1,0,0,0,1,1,29,OCEAN (29),0,NOT APPLICABLE,11,11,5,May,2020,2,Monday,15,3:00pm-3:59pm,37,37,0,This section IS NOT on the NHS,1,Rural,2,Principal Arterial - Other Freeways and Expressways,31,State Toll Road,8,Other,444 GARDEN STATE PKWY,,589,589,39.65520833,39.65520833,-74.343572220,-74.343572220,0,No Special Jurisdiction,31,"Post, Pole or Other Supports",0,The First Harmful Event was Not a Collision with a Motor Vehicle in Transport,1,Yes,5,Entrance/Exit Ramp Related,1,Not an Intersection,0,None,,,8,Gore,1,Daylight,,,,,1,Clear,0,No,0000000,Not Applicable,15,3:00pm-3:59pm,37,37,15,3:00pm-3:59pm,43,43,16,4:00pm-4:59pm,33,33,,,,,,,1,1
2020,34,340180,New Jersey,1,1,0,0,0,2,2,9,CAPE MAY (9),0,NOT APPLICABLE,14,14,5,May,2020,5,Thursday,17,5:00pm-5:59pm,42,42,1,This section IS ON the NHS,2,Urban,2,Principal Arterial - Other Freeways and Expressways,31,State Toll Road,8,Other,444 GARDEN STATE PARKWAY,,120,120,39.11055278,39.11055278,-74.794586110,-74.794586110,0,No Special Jurisdiction,42,Tree (Standing Only),0,The First Harmful Event was Not a Collision with a Motor Vehicle in Transport,0,No,1,Non-Junction,1,Not an Intersection,0,None,,,5,Outside Trafficway,1,Daylight,,,,,1,Clear,0,No,0000000,Not Applicable,17,5:00pm-5:59pm,45,45,17,5:00pm-5:59pm,50,50,18,6:00pm-6:59pm,28,28,,,,,,,1,0
2020,34,340181,New Jersey,3,3,0,0,0,3,3,23,MIDDLESEX (23),3144,SOUTH BRUNSWICK,25,25,5,May,2020,2,Monday,7,7:00am-7:59am,37,37,1,This section IS ON the NHS,2,Urban,3,Principal Arterial - Other,1,State Highway Agency,2,U.S. Highway,US-130,,761,761,40.37346667,40.37346667,-74.500452780,-74.500452780,0,No Special Jurisdiction,33,Curb,0,The First Harmful Event was Not a Collision with a Motor Vehicle in Transport,0,No,1,Non-Junction,1,Not an Intersection,0,None,,,3,On Median,1,Daylight,,,,,2,Rain,0,No,0000000,Not Applicable,7,7:00am-7:59am,43,43,7,7:00am-7:59am,48,48,88,"Not Applicable (Not Transported) ",88,Not Applicable (Not Transported),,,,,,,2,0
2020,34,340182,New Jersey,2,2,0,0,0,2,2,5,BURLINGTON (5),613,CINNAMINSON,26,26,5,May,2020,3,Tuesday,8,8:00am-8:59am,25,25,1,This section IS ON the NHS,2,Urban,3,Principal Arterial - Other,1,State Highway Agency,2,U.S. Highway,US-130,,365,365,39.99238056,39.99238056,-75.001841670,-75.001841670,0,No Special Jurisdiction,12,Motor Vehicle In-Transport,1,Front-to-Rear,0,No,1,Non-Junction,1,Not an Intersection,0,None,,,1,On Roadway,1,Daylight,,,,,1,Clear,0,No,0000000,Not Applicable,8,8:00am-8:59am,29,29,8,8:00am-8:59am,32,32,88,"Not Applicable (Not Transported) ",88,Not Applicable (Not Transported),,,,,,,1,0
2020,34,340183,New Jersey,1,1,0,0,0,1,1,15,GLOUCESTER (15),1751,LOGAN,11,11,5,May,2020,2,Monday,18,6:00pm-6:59pm,47,47,1,This section IS ON the NHS,2,Urban,1,Interstate,1,State Highway Agency,1,Interstate,I-295,,143,143,39.80431944,39.80431944,-75.310255560,-75.310255560,0,No Special Jurisdiction,35,Embankment,0,The First Harmful Event was Not a Collision with a Motor Vehicle in Transport,0,No,1,Non-Junction,1,Not an Intersection,0,None,,,4,On Roadside,1,Daylight,,,,,1,Clear,0,No,0000000,Not Applicable,18,6:00pm-6:59pm,47,47,18,6:00pm-6:59pm,53,53,19,7:00pm-7:59pm,19,19,,,,,,,1,1
2020,34,340184,New Jersey,1,1,0,0,0,1,1,17,HUDSON (17),3526,WEEHAWKEN,31,31,5,May,2020,1,Sunday,2,2:00am-2:59am,10,10,1,This section IS ON the NHS,2,Urban,2,Principal Arterial - Other Freeways and Expressways,1,State Highway Agency,3,State Highway,SR-495,,99998,Not Reported,77.77770000,77.77770000,777.777700000,777.777700000,0,No Special Jurisdiction,25,Concrete Traffic Barrier,0,The First Harmful Event was Not a Collision with a Motor Vehicle in Transport,0,No,1,Non-Junction,1,Not an Intersection,0,None,,,3,On Median,3,Dark - Lighted,,,,,1,Clear,0,No,0000000,Not Applicable,99,Unknown,99,Unknown,99,Unknown EMS Scene Arrival Hour,99,Unknown EMS Scene Arrival Minutes,99,Unknown,99,Unknown EMS Hospital Arrival Time,,,,,,,1,1
2020,34,340185,New Jersey,2,2,0,0,0,3,3,37,SUSSEX (37),3448,VERNON,12,12,4,April,2020,1,Sunday,14,2:00pm-2:59pm,20,20,0,This section IS NOT on the NHS,1,Rural,7,Local,4,City or Municipal Highway Agency,6,Local Street - Municipality,WAYWAYANDA RD,,0,None,41.19045278,41.19045278,-74.446191670,-74.446191670,0,No Special Jurisdiction,12,Motor Vehicle In-Transport,2,Front-to-Front,0,No,1,Non-Junction,1,Not an Intersection,0,None,,,1,On Roadway,1,Daylight,,,,,1,Clear,0,No,0000000,Not Applicable,14,2:00pm-2:59pm,26,26,14,2:00pm-2:59pm,28,28,88,"Not Applicable (Not Transported) ",88,Not Applicable (Not Transported),,,,,,,1,0
2020,34,340186,New Jersey,1,1,0,1,1,1,1,3,BERGEN (3),1210,HACKENSACK,28,28,5,May,2020,5,Thursday,20,8:00pm-8:59pm,40,40,1,This section IS ON the NHS,2,Urban,3,Principal Arterial - Other,2,County Highway Agency,4,County Road,CR-503 SOUTH RIVER ST,,39,39,40.86298056,40.86298056,-74.036388890,-74.036388890,0,No Special Jurisdiction,8,Pedestrian,0,The First Harmful Event was Not a Collision with a Motor Vehicle in Transport,0,No,1,Non-Junction,1,Not an Intersection,0,None,,,1,On Roadway,3,Dark - Lighted,,,,,1,Clear,0,No,0000000,Not Applicable,20,8:00pm-8:59pm,47,47,20,8:00pm-8:59pm,52,52,21,9:00pm-9:59pm,7,7,,,,,,,1,0
2020,34,340187,New Jersey,1,1,0,0,0,1,1,9,CAPE MAY (9),0,NOT APPLICABLE,16,16,6,June,2020,3,Tuesday,7,7:00am-7:59am,58,58,0,This section IS NOT on the NHS,2,Urban,4,Minor Arterial,1,State Highway Agency,3,State Highway,SR-147,,4,4,39.04331389,39.04331389,-74.845961110,-74.845961110,0,No Special Jurisdiction,50,Bridge Overhead Structure,0,The First Harmful Event was Not a Collision with a Motor Vehicle in Transport,0,No,1,Non-Junction,1,Not an Intersection,0,None,,,1,On Roadway,1,Daylight,,,,,1,Clear,0,No,0000000,Not Applicable,7,7:00am-7:59am,57,57,8,8:00am-8:59am,0,0,88,"Not Applicable (Not Transported) ",88,Not Applicable (Not Transported),,,,,,,1,0
2020,34,340188,New Jersey,1,1,0,0,0,1,1,7,CAMDEN (7),0,NOT APPLICABLE,17,17,6,June,2020,4,Wednesday,21,9:00pm-9:59pm,21,21,1,This section IS ON the NHS,2,Urban,2,Principal Arterial - Other Freeways and Expressways,31,State Toll Road,8,Other,446 ATLANTIC CITY EXPRESSWAY,,426,426,39.75325833,39.75325833,-75.030711110,-75.030711110,0,No Special Jurisdiction,42,Tree (Standing Only),0,The First Harmful Event was Not a Collision with a Motor Vehicle in Transport,0,No,1,Non-Junction,1,Not an Intersection,0,None,,,5,Outside Trafficway,2,Dark - Not Lighted,,,,,1,Clear,0,No,0000000,Not Applicable,21,9:00pm-9:59pm,24,24,21,9:00pm-9:59pm,32,32,88,"Not Applicable (Not Transported) ",88,Not Applicable (Not Transported),,,,,,,1,1
2020,34,340189,New Jersey,3,3,0,0,0,3,3,5,BURLINGTON (5),0,NOT APPLICABLE,28,28,6,June,2020,1,Sunday,12,12:00pm-12:59pm,24,24,1,This section IS ON the NHS,2,Urban,3,Principal Arterial - Other,1,State Highway Agency,2,U.S. Highway,US-206,,354,354,40.13954167,40.13954167,-74.703252780,-74.703252780,0,No Special Jurisdiction,1,Rollover/Overturn,0,The First Harmful Event was Not a Collision with a Motor Vehicle in Transport,0,No,1,Non-Junction,1,Not an Intersection,0,None,,,1,On Roadway,1,Daylight,,,,,1,Clear,0,No,0000000,Not Applicable,12,12:00pm-12:59pm,29,29,12,12:00pm-12:59pm,41,41,13,1:00pm-1:59pm,3,3,,,,,,,1,0
2020,34,340190,New Jersey,1,1,0,1,1,1,1,23,MIDDLESEX (23),2208,NORTH BRUNSWICK,4,4,6,June,2020,5,Thursday,0,0:00am-0:59am,48,48,1,This section IS ON the NHS,2,Urban,3,Principal Arterial - Other,1,State Highway Agency,2,U.S. Highway,US-130,,803,803,40.42960278,40.42960278,-74.492144440,-74.492144440,0,No Special Jurisdiction,8,Pedestrian,0,The First Harmful Event was Not a Collision with a Motor Vehicle in Transport,0,No,1,Non-Junction,1,Not an Intersection,0,None,,,1,On Roadway,3,Dark - Lighted,,,,,1,Clear,0,No,0000000,Not Applicable,99,Unknown,99,Unknown,99,Unknown EMS Scene Arrival Hour,99,Unknown EMS Scene Arrival Minutes,88,"Not Applicable (Not Transported) ",88,Not Applicable (Not Transported),,,,,,,1,0
2020,34,340191,New Jersey,1,1,0,0,0,1,1,15,GLOUCESTER (15),1082,FRANKLINVILLE,28,28,6,June,2020,1,Sunday,9,9:00am-9:59am,35,35,1,This section IS ON the NHS,2,Urban,2,Principal Arterial - Other Freeways and Expressways,1,State Highway Agency,3,State Highway,SR-55,,406,406,39.59754722,39.59754722,-75.074313890,-75.074313890,0,No Special Jurisdiction,59,"Traffic Sign Support ",0,The First Harmful Event was Not a Collision with a Motor Vehicle in Transport,0,No,1,Non-Junction,1,Not an Intersection,0,None,,,3,On Median,1,Daylight,,,,,1,Clear,0,No,0000000,Not Applicable,9,9:00am-9:59am,38,38,9,9:00am-9:59am,52,52,88,"Not Applicable (Not Transported) ",88,Not Applicable (Not Transported),,,,,,,1,0
2020,34,340192,New Jersey,2,2,0,0,0,5,5,23,MIDDLESEX (23),704,CRANBURY,26,26,6,June,2020,6,Friday,22,10:00pm-10:59pm,52,52,1,This section IS ON the NHS,2,Urban,1,Interstate,31,State Toll Road,1,Interstate,I-95,,236,236,40.28361667,40.28361667,-74.503183330,-74.503183330,0,No Special Jurisdiction,12,Motor Vehicle In-Transport,1,Front-to-Rear,0,No,1,Non-Junction,1,Not an Intersection,0,None,,,1,On Roadway,2,Dark - Not Lighted,,,,,1,Clear,0,No,0000000,Not Applicable,22,10:00pm-10:59pm,58,58,23,11:00pm-11:59pm,11,11,23,11:00pm-11:59pm,53,53,,,,,,,1,0
2020,34,340193,New Jersey,2,2,0,0,0,3,3,15,GLOUCESTER (15),3710,WOODBURY,21,21,5,May,2020,5,Thursday,12,12:00pm-12:59pm,56,56,1,This section IS ON the NHS,2,Urban,3,Principal Arterial - Other,1,State Highway Agency,3,State Highway,SR-45,,250,250,39.82613056,39.82613056,-75.159880560,-75.159880560,0,No Special Jurisdiction,12,Motor Vehicle In-Transport,6,Angle,0,No,8,Driveway Access Related,1,Not an Intersection,0,None,,,1,On Roadway,1,Daylight,,,,,1,Clear,0,No,0000000,Not Applicable,12,12:00pm-12:59pm,58,58,13,1:00pm-1:59pm,2,2,13,1:00pm-1:59pm,25,25,,,,,,,1,0
2020,34,340194,New Jersey,1,1,0,0,0,1,1,29,OCEAN (29),1505,CASSVILLE,5,5,6,June,2020,6,Friday,15,3:00pm-3:59pm,24,24,1,This section IS ON the NHS,2,Urban,1,Interstate,1,State Highway Agency,1,Interstate,I-195,,218,218,40.15508611,40.15508611,-74.331602780,-74.331602780,0,No Special Jurisdiction,31,"Post, Pole or Other Supports",0,The First Harmful Event was Not a Collision with a Motor Vehicle in Transport,0,No,1,Non-Junction,1,Not an Intersection,0,None,,,3,On Median,1,Daylight,,,,,2,Rain,0,No,0000000,Not Applicable,15,3:00pm-3:59pm,29,29,15,3:00pm-3:59pm,47,47,88,"Not Applicable (Not Transported) ",88,Not Applicable (Not Transported),,,,,,,1,0
2020,34,340195,New Jersey,2,2,0,0,0,2,2,31,PASSAIC (31),3522,WAYNE,28,28,6,June,2020,1,Sunday,15,3:00pm-3:59pm,47,47,0,This section IS NOT on the NHS,2,Urban,5,Major Collector,2,County Highway Agency,4,County Road,CR-685 OLDHAM RD,,1,1,40.92913333,40.92913333,-74.207072220,-74.207072220,0,No Special Jurisdiction,12,Motor Vehicle In-Transport,6,Angle,0,No,8,Driveway Access Related,1,Not an Intersection,0,None,,,1,On Roadway,1,Daylight,,,,,1,Clear,0,No,0000000,Not Applicable,15,3:00pm-3:59pm,49,49,16,4:00pm-4:59pm,0,0,16,4:00pm-4:59pm,24,24,,,,,,,1,0
2020,34,340196,New Jersey,3,1,2,2,2,1,1,33,SALEM (33),567,CARNEYS POINT,30,30,5,May,2020,7,Saturday,16,4:00pm-4:59pm,12,12,1,This section IS ON the NHS,2,Urban,1,Interstate,1,State Highway Agency,1,Interstate,I-295,,24,24,39.68892500,39.68892500,-75.474547220,-75.474547220,0,No Special Jurisdiction,14,Parked Motor Vehicle,0,The First Harmful Event was Not a Collision with a Motor Vehicle in Transport,0,No,1,Non-Junction,1,Not an Intersection,0,None,,,2,On Shoulder,1,Daylight,,,,,1,Clear,0,No,0000000,Not Applicable,16,4:00pm-4:59pm,12,12,16,4:00pm-4:59pm,17,17,88,"Not Applicable (Not Transported) ",88,Not Applicable (Not Transported),,,,,,,2,0
2020,34,340197,New Jersey,1,1,0,0,0,1,1,5,BURLINGTON (5),0,NOT APPLICABLE,20,20,6,June,2020,7,Saturday,20,8:00pm-8:59pm,49,49,0,This section IS NOT on the NHS,1,Rural,7,Local,4,City or Municipal Highway Agency,6,Local Street - Municipality,ORR RD,,0,None,40.11606944,40.11606944,-74.603305560,-74.603305560,0,No Special Jurisdiction,33,Curb,0,The First Harmful Event was Not a Collision with a Motor Vehicle in Transport,0,No,1,Non-Junction,1,Not an Intersection,0,None,,,4,On Roadside,2,Dark - Not Lighted,,,,,5,"Fog, Smog, Smoke",0,No,0000000,Not Applicable,20,8:00pm-8:59pm,51,51,21,9:00pm-9:59pm,6,6,21,9:00pm-9:59pm,43,43,,,,,,,1,1
2020,34,340198,New Jersey,2,2,0,0,0,2,2,13,ESSEX (13),230,BELLEVILLE,25,25,6,June,2020,5,Thursday,14,2:00pm-2:59pm,28,28,0,This section IS NOT on the NHS,2,Urban,4,Minor Arterial,1,State Highway Agency,3,State Highway,SR-7,,78,78,40.80396944,40.80396944,-74.145819440,-74.145819440,0,No Special Jurisdiction,12,Motor Vehicle In-Transport,6,Angle,0,No,8,Driveway Access Related,1,Not an Intersection,0,None,,,1,On Roadway,1,Daylight,,,,,1,Clear,0,No,0000000,Not Applicable,14,2:00pm-2:59pm,33,33,14,2:00pm-2:59pm,38,38,15,3:00pm-3:59pm,7,7,,,,,,,1,0
2020,34,340199,New Jersey,3,3,0,0,0,6,6,23,MIDDLESEX (23),3144,SOUTH BRUNSWICK,19,19,6,June,2020,6,Friday,10,10:00am-10:59am,47,47,1,This section IS ON the NHS,2,Urban,3,Principal Arterial - Other,1,State Highway Agency,2,U.S. Highway,US-1,CR-610 HENDERSON RD,219,219,40.42336944,40.42336944,-74.526044440,-74.526044440,0,No Special Jurisdiction,12,Motor Vehicle In-Transport,6,Angle,0,No,2,Intersection,2,Four-Way Intersection,0,None,,,1,On Roadway,1,Daylight,,,,,1,Clear,0,No,0000000,Not Applicable,10,10:00am-10:59am,53,53,10,10:00am-10:59am,58,58,11,11:00am-11:59am,49,49,,,,,,,1,0
2020,34,340200,New Jersey,2,2,0,0,0,3,3,23,MIDDLESEX (23),3705,WOODBRIDGE,12,12,6,June,2020,6,Friday,11,11:00am-11:59am,8,8,1,This section IS ON the NHS,2,Urban,3,Principal Arterial - Other,1,State Highway Agency,3,State Highway,SR-35,PEACH ST,577,577,40.59021667,40.59021667,-74.290472220,-74.290472220,0,No Special Jurisdiction,12,Motor Vehicle In-Transport,6,Angle,0,No,2,Intersection,3,T-Intersection,0,None,,,1,On Roadway,1,Daylight,,,,,1,Clear,0,No,0000000,Not Applicable,11,11:00am-11:59am,9,9,11,11:00am-11:59am,10,10,11,11:00am-11:59am,39,39,,,,,,,1,0
2020,34,340201,New Jersey,3,3,0,0,0,5,5,41,WARREN (41),0,NOT APPLICABLE,13,13,6,June,2020,7,Saturday,10,10:00am-10:59am,52,52,0,This section IS NOT on the NHS,2,Urban,4,Minor Arterial,4,City or Municipal Highway Agency,6,Local Street - Municipality,ALLEN RD,,0,None,40.82655833,40.82655833,-74.836983330,-74.836983330,0,No Special Jurisdiction,12,Motor Vehicle In-Transport,6,Angle,0,No,8,Driveway Access Related,1,Not an Intersection,0,None,,,1,On Roadway,1,Daylight,,,,,1,Clear,0,No,0000000,Not Applicable,10,10:00am-10:59am,54,54,11,11:00am-11:59am,0,0,11,11:00am-11:59am,55,55,,,,,,,1,0
2020,34,340202,New Jersey,2,2,0,0,0,2,2,41,WARREN (41),0,NOT APPLICABLE,27,27,6,June,2020,7,Saturday,10,10:00am-10:59am,44,44,0,This section IS NOT on the NHS,1,Rural,6,Minor Collector,2,County Highway Agency,4,County Road,CR-643 OLD MAIN ST,MAPLE AVE,1,1,40.69566667,40.69566667,-75.010316670,-75.010316670,0,No Special Jurisdiction,12,Motor Vehicle In-Transport,6,Angle,0,No,2,Intersection,3,T-Intersection,0,None,,,1,On Roadway,1,Daylight,,,,,1,Clear,0,No,0000000,Not Applicable,10,10:00am-10:59am,44,44,10,10:00am-10:59am,52,52,11,11:00am-11:59am,39,39,,,,,,,1,0
2020,34,340203,New Jersey,1,1,0,0,0,1,1,39,UNION (39),1412,HILLSIDE,27,27,6,June,2020,7,Saturday,3,3:00am-3:59am,46,46,1,This section IS ON the NHS,2,Urban,2,Principal Arterial - Other Freeways and Expressways,31,State Toll Road,8,Other,444 GARDEN STATE PARKWAY RAMP,,1428,1428,40.70987778,40.70987778,-74.245205560,-74.245205560,0,No Special Jurisdiction,24,Guardrail Face,0,The First Harmful Event was Not a Collision with a Motor Vehicle in Transport,1,Yes,5,Entrance/Exit Ramp Related,1,Not an Intersection,0,None,,,4,On Roadside,3,Dark - Lighted,,,,,1,Clear,0,No,0000000,Not Applicable,3,3:00am-3:59am,53,53,4,4:00am-4:59am,19,19,88,"Not Applicable (Not Transported) ",88,Not Applicable (Not Transported),,,,,,,1,1
2020,34,340204,New Jersey,1,1,0,0,0,3,3,29,OCEAN (29),0,NOT APPLICABLE,14,14,6,June,2020,1,Sunday,23,11:00pm-11:59pm,32,32,0,This section IS NOT on the NHS,2,Urban,5,Major Collector,2,County Highway Agency,4,County Road,CR-606 FORGE RD,,24,24,39.66118889,39.66118889,-74.310225000,-74.310225000,0,No Special Jurisdiction,1,Rollover/Overturn,0,The First Harmful Event was Not a Collision with a Motor Vehicle in Transport,0,No,1,Non-Junction,1,Not an Intersection,0,None,,,1,On Roadway,2,Dark - Not Lighted,,,,,1,Clear,0,No,0000000,Not Applicable,23,11:00pm-11:59pm,34,34,23,11:00pm-11:59pm,49,49,0,0:00am-0:59am,50,50,,,,,,,1,1
2020,34,340205,New Jersey,3,3,0,0,0,4,4,15,GLOUCESTER (15),620,CLAYTON,19,19,6,June,2020,6,Friday,10,10:00am-10:59am,59,59,0,This section IS NOT on the NHS,2,Urban,4,Minor Arterial,1,State Highway Agency,3,State Highway,SR-47,,588,588,39.64927500,39.64927500,-75.089397220,-75.089397220,0,No Special Jurisdiction,12,Motor Vehicle In-Transport,1,Front-to-Rear,0,No,8,Driveway Access Related,1,Not an Intersection,0,None,,,1,On Roadway,1,Daylight,,,,,1,Clear,0,No,0000000,Not Applicable,11,11:00am-11:59am,3,3,11,11:00am-11:59am,4,4,11,11:00am-11:59am,49,49,,,,,,,1,0
2020,34,340206,New Jersey,1,1,0,1,1,3,3,23,MIDDLESEX (23),2140,NEW BRUNSWICK,19,19,6,June,2020,6,Friday,21,9:00pm-9:59pm,4,4,1,This section IS ON the NHS,2,Urban,3,Principal Arterial - Other,1,State Highway Agency,3,State Highway,SR-27,VANDYKE AVE,145,145,40.48463333,40.48463333,-74.475547220,-74.475547220,0,No Special Jurisdiction,8,Pedestrian,0,The First Harmful Event was Not a Collision with a Motor Vehicle in Transport,0,No,3,Intersection-Related,3,T-Intersection,0,None,,,1,On Roadway,2,Dark - Not Lighted,,,,,1,Clear,0,No,0000000,Not Applicable,21,9:00pm-9:59pm,9,9,21,9:00pm-9:59pm,12,12,21,9:00pm-9:59pm,27,27,,,,,,,1,0
2020,34,340207,New Jersey,1,1,0,0,0,4,4,23,MIDDLESEX (23),2582,PISCATAWAY,11,11,6,June,2020,5,Thursday,3,3:00am-3:59am,35,35,1,This section IS ON the NHS,2,Urban,1,Interstate,1,State Highway Agency,1,Interstate,I-287,,69,69,40.55600278,40.55600278,-74.455847220,-74.455847220,0,No Special Jurisdiction,42,Tree (Standing Only),0,The First Harmful Event was Not a Collision with a Motor Vehicle in Transport,0,No,1,Non-Junction,1,Not an Intersection,0,None,,,5,Outside Trafficway,2,Dark - Not Lighted,,,,,1,Clear,0,No,0000000,Not Applicable,3,3:00am-3:59am,39,39,3,3:00am-3:59am,53,53,4,4:00am-4:59am,34,34,,,,,,,1,0
2020,34,340208,New Jersey,1,1,0,0,0,1,1,11,CUMBERLAND (11),1845,MAURICETOWN,4,4,6,June,2020,5,Thursday,20,8:00pm-8:59pm,13,13,0,This section IS NOT on the NHS,1,Rural,4,Minor Arterial,1,State Highway Agency,3,State Highway,SR-47,,281,281,39.23808889,39.23808889,-74.966880560,-74.966880560,0,No Special Jurisdiction,24,Guardrail Face,0,The First Harmful Event was Not a Collision with a Motor Vehicle in Transport,0,No,1,Non-Junction,1,Not an Intersection,0,None,,,4,On Roadside,5,Dusk,,,,,1,Clear,0,No,0000000,Not Applicable,20,8:00pm-8:59pm,14,14,20,8:00pm-8:59pm,22,22,88,"Not Applicable (Not Transported) ",88,Not Applicable (Not Transported),,,,,,,1,0