caseyear,state,st_case,statename,ve_total,ve_forms,pvh_invl,peds,pernotmvit,permvit,persons,county,countyname,city,cityname,day,dayname,month,monthname,year,day_week,day_weekname,hour,hourname,minute,minutename,nhs,nhsname,rur_urb,rur_urbname,func_sys,func_sysname,rd_owner,rd_ownername,route,routename,tway_id,tway_id2,milept,mileptname,latitude,latitudename,longitud,longitudname,sp_jur,sp_jurname,harm_ev,harm_evname,man_coll,man_collname,reljct1,reljct1name,reljct2,reljct2name,typ_int,typ_intname,wrk_zone,wrk_zonename,road_fnc,road_fncname,rel_road,rel_roadname,lgt_cond,lgt_condname,weather1,weather1name,weather2,weather2name,weather,weathername,sch_bus,sch_busname,rail,railname,not_hour,not_hourname,not_min,not_minname,arr_hour,arr_hourname,arr_min,arr_minname,hosp_hr,hosp_hrname,hosp_mn,hosp_mnname,cf1,cf1name,cf2,cf2name,cf3,cf3name,fatals,drunk_dr
2020,34,340245,New Jersey,1,1,0,1,1,1,1,17,HUDSON (17),1520,JERSEY CITY,26,26,7,July,2020,1,Sunday,7,7:00am-7:59am,11,11,0,This section IS NOT on the NHS,2,Urban,4,Minor Arterial,4,City or Municipal Highway Agency,6,Local Street - Municipality,GARFIELD AVE,,0,None,40.69564167,40.69564167,-74.086150000,-74.086150000,0,No Special Jurisdiction,8,Pedestrian,0,The First Harmful Event was Not a Collision with a Motor Vehicle in Transport,0,No,1,Non-Junction,1,Not an Intersection,0,None,,,1,On Roadway,1,Daylight,,,,,1,Clear,0,No,0000000,Not Applicable,99,Unknown,99,Unknown,99,Unknown EMS Scene Arrival Hour,99,Unknown EMS Scene Arrival Minutes,99,Unknown,99,Unknown EMS Hospital Arrival Time,,,,,,,1,1
2020,34,340246,New Jersey,3,1,2,1,1,1,1,17,HUDSON (17),1520,JERSEY CITY,4,4,7,July,2020,7,Saturday,3,3:00am-3:59am,56,56,0,This section IS NOT on the NHS,2,Urban,7,Local,4,City or Municipal Highway Agency,6,Local Street - Municipality,HOPKINS AVE,SUMMIT AVE,0,None,40.73829167,40.73829167,-74.058513890,-74.058513890,0,No Special Jurisdiction,14,Parked Motor Vehicle,0,The First Harmful Event was Not a Collision with a Motor Vehicle in Transport,0,No,3,Intersection-Related,2,Four-Way Intersection,0,None,,,2,On Shoulder,6,Dark - Unknown Lighting,,,,,1,Clear,0,No,0000000,Not Applicable,3,3:00am-3:59am,56,56,3,3:00am-3:59am,58,58,4,4:00am-4:59am,16,16,,,,,,,1,0
2020,34,340247,New Jersey,1,1,0,1,1,1,1,17,HUDSON (17),3040,SECAUCUS,6,6,7,July,2020,2,Monday,19,7:00pm-7:59pm,38,38,1,This section IS ON the NHS,2,Urban,2,Principal Arterial - Other Freeways and Expressways,1,State Highway Agency,3,State Highway,SR-3 SERVICE ROAD,,100,100,40.78188056,40.78188056,-74.047188890,-74.047188890,0,No Special Jurisdiction,33,Curb,0,The First Harmful Event was Not a Collision with a Motor Vehicle in Transport,0,No,1,Non-Junction,1,Not an Intersection,0,None,,,3,On Median,1,Daylight,,,,,1,Clear,0,No,0000000,Not Applicable,19,7:00pm-7:59pm,38,38,19,7:00pm-7:59pm,40,40,19,7:00pm-7:59pm,56,56,,,,,,,1,0
2020,34,340248,New Jersey,2,2,0,0,0,2,2,1,ATLANTIC (1),90,ATLANTIC CITY,5,5,7,July,2020,1,Sunday,2,2:00am-2:59am,2,2,1,This section IS ON the NHS,1,Rural,3,Principal Arterial - Other,1,State Highway Agency,2,U.S. Highway,US-30,,552,552,39.38863611,39.38863611,-74.478591670,-74.478591670,0,No Special Jurisdiction,12,Motor Vehicle In-Transport,6,Angle,0,No,1,Non-Junction,1,Not an Intersection,0,None,,,1,On Roadway,3,Dark - Lighted,,,,,1,Clear,0,No,0000000,Not Applicable,2,2:00am-2:59am,4,4,2,2:00am-2:59am,12,12,88,"Not Applicable (Not Transported) ",88,Not Applicable (Not Transported),,,,,,,1,1
2020,34,340249,New Jersey,1,1,0,1,1,1,1,1,ATLANTIC (1),3090,SOMERS POINT,4,4,7,July,2020,7,Saturday,20,8:00pm-8:59pm,56,56,1,This section IS ON the NHS,2,Urban,3,Principal Arterial - Other,1,State Highway Agency,2,U.S. Highway,US-9,,340,340,39.32618333,39.32618333,-74.599105560,-74.599105560,0,No Special Jurisdiction,8,Pedestrian,0,The First Harmful Event was Not a Collision with a Motor Vehicle in Transport,0,No,1,Non-Junction,1,Not an Intersection,0,None,,,1,On Roadway,3,Dark - Lighted,,,,,1,Clear,0,No,0000000,Not Applicable,21,9:00pm-9:59pm,0,0,21,9:00pm-9:59pm,4,4,21,9:00pm-9:59pm,50,50,,,,,,,1,0
2020,34,340250,New Jersey,1,1,0,0,0,1,1,27,MORRIS (27),750,DOVER,26,26,7,July,2020,1,Sunday,2,2:00am-2:59am,10,10,9,Unknown if this section is on the NHS,2,Urban,99,Unknown,1,State Highway Agency,3,State Highway,SR-15,LEONARD ST,99999,Unknown,40.89578889,40.89578889,-74.566338890,-74.566338890,0,No Special Jurisdiction,31,"Post, Pole or Other Supports",0,The First Harmful Event was Not a Collision with a Motor Vehicle in Transport,0,No,3,Intersection-Related,2,Four-Way Intersection,0,None,,,4,On Roadside,3,Dark - Lighted,,,,,1,Clear,0,No,0000000,Not Applicable,2,2:00am-2:59am,12,12,2,2:00am-2:59am,16,16,88,"Not Applicable (Not Transported) ",88,Not Applicable (Not Transported),,,,,,,1,1
2020,34,340251,New Jersey,1,1,0,0,0,3,3,27,MORRIS (27),0,NOT APPLICABLE,11,11,7,July,2020,7,Saturday,22,10:00pm-10:59pm,18,18,1,This section IS ON the NHS,2,Urban,1,Interstate,1,State Highway Agency,1,Interstate,I-80,,344,344,40.91036944,40.91036944,-74.564827780,-74.564827780,0,No Special Jurisdiction,30,Utility Pole/Light Support,0,The First Harmful Event was Not a Collision with a Motor Vehicle in Transport,0,No,1,Non-Junction,1,Not an Intersection,0,None,,,4,On Roadside,3,Dark - Lighted,,,,,1,Clear,0,No,0000000,Not Applicable,21,9:00pm-9:59pm,21,21,21,9:00pm-9:59pm,28,28,23,11:00pm-11:59pm,4,4,,,,,,,1,1
2020,34,340252,New Jersey,2,2,0,0,0,2,2,1,ATLANTIC (1),851,EGG HARBOR TOWNSHIP,19,19,6,June,2020,6,Friday,17,5:00pm-5:59pm,14,14,1,This section IS ON the NHS,2,Urban,3,Principal Arterial - Other,1,State Highway Agency,2,U.S. Highway,US-40,TOWER AVE,534,534,39.43723889,39.43723889,-74.614725000,-74.614725000,0,No Special Jurisdiction,12,Motor Vehicle In-Transport,6,Angle,0,No,2,Intersection,3,T-Intersection,0,None,,,1,On Roadway,1,Daylight,,,,,1,Clear,0,No,0000000,Not Applicable,17,5:00pm-5:59pm,20,20,17,5:00pm-5:59pm,28,28,99,Unknown,99,Unknown EMS Hospital Arrival Time,,,,,,,1,0
2020,34,340253,New Jersey,2,2,0,1,1,5,5,9,CAPE MAY (9),0,NOT APPLICABLE,2,2,7,July,2020,5,Thursday,16,4:00pm-4:59pm,57,57,0,This section IS NOT on the NHS,2,Urban,4,Minor Arterial,1,State Highway Agency,3,State Highway,SR-50,,15,15,39.23123611,39.23123611,-74.707175000,-74.707175000,0,No Special Jurisdiction,9,Pedalcyclist,0,The First Harmful Event was Not a Collision with a Motor Vehicle in Transport,0,No,1,Non-Junction,1,Not an Intersection,0,None,,,1,On Roadway,1,Daylight,,,,,1,Clear,0,No,0000000,Not Applicable,99,Unknown,99,Unknown,99,Unknown EMS Scene Arrival Hour,99,Unknown EMS Scene Arrival Minutes,88,"Not Applicable (Not Transported) ",88,Not Applicable (Not Transported),,,,,,,1,0
2020,34,340254,New Jersey,2,2,0,0,0,3,3,5,BURLINGTON (5),3149,SOUTHAMPTON,30,30,7,July,2020,5,Thursday,20,8:00pm-8:59pm,1,1,0,This section IS NOT on the NHS,2,Urban,7,Local,2,County Highway Agency,4,County Road,CR-641 RED LION RD,HILLIARDS BRIDGE RD,27,27,39.92224722,39.92224722,-74.754658330,-74.754658330,0,No Special Jurisdiction,12,Motor Vehicle In-Transport,6,Angle,0,No,2,Intersection,2,Four-Way Intersection,0,None,,,1,On Roadway,5,Dusk,,,,,1,Clear,0,No,0000000,Not Applicable,20,8:00pm-8:59pm,2,2,20,8:00pm-8:59pm,12,12,20,8:00pm-8:59pm,22,22,,,,,,,1,0
2020,34,340255,New Jersey,1,1,0,0,0,4,4,1,ATLANTIC (1),1264,HAMILTON,12,12,7,July,2020,1,Sunday,15,3:00pm-3:59pm,11,11,1,This section IS ON the NHS,1,Rural,2,Principal Arterial - Other Freeways and Expressways,31,State Toll Road,8,Other,446 ATLANTIC CITY EXPRESSWAY,,232,232,39.56944444,39.56944444,-74.762111110,-74.762111110,0,No Special Jurisdiction,42,Tree (Standing Only),0,The First Harmful Event was Not a Collision with a Motor Vehicle in Transport,0,No,1,Non-Junction,1,Not an Intersection,0,None,,,5,Outside Trafficway,1,Daylight,,,,,1,Clear,0,No,0000000,Not Applicable,15,3:00pm-3:59pm,18,18,15,3:00pm-3:59pm,28,28,16,4:00pm-4:59pm,8,8,,,,,,,3,0
2020,34,340256,New Jersey,2,2,0,0,0,3,3,19,HUNTERDON (19),0,NOT APPLICABLE,12,12,7,July,2020,1,Sunday,23,11:00pm-11:59pm,16,16,1,This section IS ON the NHS,1,Rural,1,Interstate,1,State Highway Agency,1,Interstate,I-78,,96,96,40.65258333,40.65258333,-75.036569440,-75.036569440,0,No Special Jurisdiction,12,Motor Vehicle In-Transport,6,Angle,0,No,1,Non-Junction,1,Not an Intersection,0,None,,,1,On Roadway,2,Dark - Not Lighted,,,,,2,Rain,0,No,0000000,Not Applicable,23,11:00pm-11:59pm,15,15,23,11:00pm-11:59pm,21,21,0,0:00am-0:59am,22,22,,,,,,,1,0
2020,34,340257,New Jersey,1,1,0,0,0,1,1,1,ATLANTIC (1),1105,GALLOWAY TOWNSHIP,21,21,7,July,2020,3,Tuesday,10,10:00am-10:59am,12,12,1,This section IS ON the NHS,2,Urban,2,Principal Arterial - Other Freeways and Expressways,31,State Toll Road,8,Other,444 GARDEN STATE PARKWAY,,397,397,39.44710278,39.44710278,-74.538675000,-74.538675000,0,No Special Jurisdiction,2,Fire/Explosion,0,The First Harmful Event was Not a Collision with a Motor Vehicle in Transport,0,No,1,Non-Junction,1,Not an Intersection,0,None,,,1,On Roadway,1,Daylight,,,,,1,Clear,0,No,0000000,Not Applicable,99,Unknown,99,Unknown,99,Unknown EMS Scene Arrival Hour,99,Unknown EMS Scene Arrival Minutes,88,"Not Applicable (Not Transported) ",88,Not Applicable (Not Transported),,,,,,,1,0
2020,34,340258,New Jersey,2,2,0,0,0,3,3,17,HUDSON (17),1540,KEARNY,6,6,7,July,2020,2,Monday,2,2:00am-2:59am,24,24,1,This section IS ON the NHS,2,Urban,1,Interstate,31,State Toll Road,1,Interstate,I-95,,640,640,40.76448889,40.76448889,-74.111411110,-74.111411110,0,No Special Jurisdiction,12,Motor Vehicle In-Transport,1,Front-to-Rear,0,No,1,Non-Junction,1,Not an Intersection,0,None,,,1,On Roadway,2,Dark - Not Lighted,,,,,1,Clear,0,No,0000000,Not Applicable,99,Unknown,99,Unknown,99,Unknown EMS Scene Arrival Hour,99,Unknown EMS Scene Arrival Minutes,99,Unknown,99,Unknown EMS Hospital Arrival Time,,,,,,,1,0
2020,34,340259,New Jersey,1,1,0,0,0,3,3,27,MORRIS (27),1295,HANOVER,13,13,7,July,2020,2,Monday,22,10:00pm-10:59pm,4,4,1,This section IS ON the NHS,2,Urban,1,Interstate,1,State Highway Agency,1,Interstate,I-287,,403,403,40.84183333,40.84183333,-74.432013890,-74.432013890,0,No Special Jurisdiction,42,Tree (Standing Only),0,The First Harmful Event was Not a Collision with a Motor Vehicle in Transport,0,No,1,Non-Junction,1,Not an Intersection,0,None,,,5,Outside Trafficway,2,Dark - Not Lighted,,,,,1,Clear,0,No,0000000,Not Applicable,22,10:00pm-10:59pm,11,11,22,10:00pm-10:59pm,19,19,22,10:00pm-10:59pm,42,42,,,,,,,1,0
2020,34,340260,New Jersey,2,2,0,1,1,2,2,13,ESSEX (13),800,EAST ORANGE,29,29,7,July,2020,4,Wednesday,14,2:00pm-2:59pm,3,3,0,This section IS NOT on the NHS,2,Urban,4,Minor Arterial,4,City or Municipal Highway Agency,6,Local Street - Municipality,EVERGREEN PLACE,FREEWAY DRIVE E,0,None,40.76492222,40.76492222,-74.219858330,-74.219858330,0,No Special Jurisdiction,9,Pedalcyclist,0,The First Harmful Event was Not a Collision with a Motor Vehicle in Transport,0,No,2,Intersection,2,Four-Way Intersection,0,None,,,1,On Roadway,1,Daylight,,,,,1,Clear,0,No,0000000,Not Applicable,14,2:00pm-2:59pm,10,10,14,2:00pm-2:59pm,24,24,88,"Not Applicable (Not Transported) ",88,Not Applicable (Not Transported),,,,,,,1,0
2020,34,340261,New Jersey,1,1,0,0,0,2,2,23,MIDDLESEX (23),2417,OLD BRIDGE,16,16,7,July,2020,5,Thursday,23,11:00pm-11:59pm,54,54,1,This section IS ON the NHS,2,Urban,3,Principal Arterial - Other,1,State Highway Agency,3,State Highway,SR-35,,460,460,40.45123333,40.45123333,-74.239847220,-74.239847220,0,No Special Jurisdiction,1,Rollover/Overturn,0,The First Harmful Event was Not a Collision with a Motor Vehicle in Transport,0,No,1,Non-Junction,1,Not an Intersection,0,None,,,1,On Roadway,3,Dark - Lighted,,,,,1,Clear,0,No,0000000,Not Applicable,99,Unknown,99,Unknown,99,Unknown EMS Scene Arrival Hour,99,Unknown EMS Scene Arrival Minutes,88,"Not Applicable (Not Transported) ",88,Not Applicable (Not Transported),,,,,,,1,1
2020,34,340262,New Jersey,2,2,0,0,0,2,2,23,MIDDLESEX (23),2417,OLD BRIDGE,15,15,7,July,2020,4,Wednesday,22,10:00pm-10:59pm,58,58,1,This section IS ON the NHS,2,Urban,3,Principal Arterial - Other,1,State Highway Agency,3,State Highway,SR-18,FERRY RD,317,317,40.38151389,40.38151389,-74.325794440,-74.325794440,0,No Special Jurisdiction,12,Motor Vehicle In-Transport,6,Angle,0,No,2,Intersection,3,T-Intersection,0,None,,,1,On Roadway,3,Dark - Lighted,,,,,1,Clear,0,No,0000000,Not Applicable,23,11:00pm-11:59pm,1,1,23,11:00pm-11:59pm,7,7,23,11:00pm-11:59pm,20,20,,,,,,,1,1
2020,34,340263,New Jersey,1,1,0,1,1,1,1,1,ATLANTIC (1),2640,PLEASANTVILLE,26,26,7,July,2020,1,Sunday,4,4:00am-4:59am,38,38,1,This section IS ON the NHS,2,Urban,3,Principal Arterial - Other,1,State Highway Agency,2,U.S. Highway,US-40,,588,588,39.39303056,39.39303056,-74.536605560,-74.536605560,0,No Special Jurisdiction,8,Pedestrian,0,The First Harmful Event was Not a Collision with a Motor Vehicle in Transport,0,No,1,Non-Junction,1,Not an Intersection,0,None,,,1,On Roadway,2,Dark - Not Lighted,,,,,1,Clear,0,No,0000000,Not Applicable,4,4:00am-4:59am,42,42,4,4:00am-4:59am,44,44,88,"Not Applicable (Not Transported) ",88,Not Applicable (Not Transported),,,,,,,1,0
2020,34,340264,New Jersey,2,2,0,1,1,2,2,1,ATLANTIC (1),2640,PLEASANTVILLE,15,15,7,July,2020,4,Wednesday,1,1:00am-1:59am,3,3,1,This section IS ON the NHS,2,Urban,3,Principal Arterial - Other,1,State Highway Agency,2,U.S. Highway,US-40,CHESTNUT ST,594,594,39.39078333,39.39078333,-74.525900000,-74.525900000,0,No Special Jurisdiction,8,Pedestrian,0,The First Harmful Event was Not a Collision with a Motor Vehicle in Transport,0,No,3,Intersection-Related,2,Four-Way Intersection,0,None,,,1,On Roadway,3,Dark - Lighted,,,,,1,Clear,0,No,0000000,Not Applicable,99,Unknown,99,Unknown,99,Unknown EMS Scene Arrival Hour,99,Unknown EMS Scene Arrival Minutes,88,"Not Applicable (Not Transported) ",88,Not Applicable (Not Transported),,,,,,,1,0
2020,34,340265,New Jersey,1,1,0,1,1,1,1,11,CUMBERLAND (11),3460,VINELAND,2,2,6,June,2020,3,Tuesday,3,3:00am-3:59am,53,53,0,This section IS NOT on the NHS,2,Urban,5,Major Collector,4,City or Municipal Highway Agency,6,Local Street - Municipality,EAST AVE,HAMILTON DR,0,None,39.49394722,39.49394722,-75.015872220,-75.015872220,0,No Special Jurisdiction,8,Pedestrian,0,The First Harmful Event was Not a Collision with a Motor Vehicle in Transport,0,No,3,Intersection-Related,3,T-Intersection,0,None,,,1,On Roadway,3,Dark - Lighted,,,,,1,Clear,0,No,0000000,Not Applicable,3,3:00am-3:59am,53,53,3,3:00am-3:59am,57,57,88,"Not Applicable (Not Transported) ",88,Not Applicable (Not Transported),,,,,,,1,0
2020,34,340266,New Jersey,1,1,0,0,0,1,1,25,MONMOUTH (25),830,EATONTOWN,20,20,7,July,2020,2,Monday,12,12:00pm-12:59pm,56,56,1,This section IS ON the NHS,2,Urban,2,Principal Arterial - Other Freeways and Expressways,1,State Highway Agency,3,State Highway,SR-18,,138,138,40.29083333,40.29083333,-74.071250000,-74.071250000,0,No Special Jurisdiction,24,Guardrail Face,0,The First Harmful Event was Not a Collision with a Motor Vehicle in Transport,1,Yes,5,Entrance/Exit Ramp Related,1,Not an Intersection,0,None,,,4,On Roadside,1,Daylight,,,,,1,Clear,0,No,0000000,Not Applicable,99,Unknown,99,Unknown,99,Unknown EMS Scene Arrival Hour,99,Unknown EMS Scene Arrival Minutes,99,Unknown,99,Unknown EMS Hospital Arrival Time,,,,,,,1,0
2020,34,340267,New Jersey,1,1,0,0,0,1,1,25,MONMOUTH (25),3475,WALL TOWNSHIP,21,21,7,July,2020,3,Tuesday,22,10:00pm-10:59pm,7,7,1,This section IS ON the NHS,2,Urban,2,Principal Arterial - Other Freeways and Expressways,1,State Highway Agency,3,State Highway,SR-138,,32,32,40.17356667,40.17356667,-74.046402780,-74.046402780,0,No Special Jurisdiction,24,Guardrail Face,0,The First Harmful Event was Not a Collision with a Motor Vehicle in Transport,0,No,1,Non-Junction,1,Not an Intersection,0,None,,,3,On Median,3,Dark - Lighted,,,,,1,Clear,0,No,0000000,Not Applicable,22,10:00pm-10:59pm,9,9,22,10:00pm-10:59pm,15,15,88,"Not Applicable (Not Transported) ",88,Not Applicable (Not Transported),,,,,,,1,1
2020,34,340268,New Jersey,1,1,0,0,0,1,1,17,HUDSON (17),1520,JERSEY CITY,19,19,6,June,2020,6,Friday,23,11:00pm-11:59pm,30,30,0,This section IS NOT on the NHS,2,Urban,4,Minor Arterial,2,County Highway Agency,4,County Road,CR-681 PATERSON PLANK RD,,12,12,40.74662500,40.74662500,-74.040747220,-74.040747220,0,No Special Jurisdiction,39,Wall,0,The First Harmful Event was Not a Collision with a Motor Vehicle in Transport,0,No,1,Non-Junction,1,Not an Intersection,0,None,,,5,Outside Trafficway,3,Dark - Lighted,,,,,1,Clear,0,No,0000000,Not Applicable,23,11:00pm-11:59pm,12,12,23,11:00pm-11:59pm,21,21,88,"Not Applicable (Not Transported) ",88,Not Applicable (Not Transported),,,,,,,1,1
2020,34,340269,New Jersey,3,3,0,0,0,6,6,35,SOMERSET (35),3504,WARREN,13,13,7,July,2020,2,Monday,18,6:00pm-6:59pm,40,40,1,This section IS ON the NHS,2,Urban,1,Interstate,1,State Highway Agency,1,Interstate,I-78,,364,364,40.64640556,40.64640556,-74.543925000,-74.543925000,0,No Special Jurisdiction,12,Motor Vehicle In-Transport,1,Front-to-Rear,0,No,1,Non-Junction,1,Not an Intersection,0,None,,,1,On Roadway,1,Daylight,,,,,1,Clear,0,No,0000000,Not Applicable,99,Unknown,99,Unknown,99,Unknown EMS Scene Arrival Hour,99,Unknown EMS Scene Arrival Minutes,99,Unknown,99,Unknown EMS Hospital Arrival Time,,,,,,,1,0
2020,34,340270,New Jersey,1,1,0,0,0,1,1,3,BERGEN (3),2480,PARAMUS,24,24,6,June,2020,4,Wednesday,19,7:00pm-7:59pm,35,35,1,This section IS ON the NHS,2,Urban,2,Principal Arterial - Other Freeways and Expressways,1,State Highway Agency,3,State Highway,SR-17,,162,162,40.97431389,40.97431389,-74.081211110,-74.081211110,0,No Special Jurisdiction,33,Curb,0,The First Harmful Event was Not a Collision with a Motor Vehicle in Transport,0,No,1,Non-Junction,1,Not an Intersection,0,None,,,4,On Roadside,1,Daylight,,,,,1,Clear,0,No,0000000,Not Applicable,99,Unknown,99,Unknown,99,Unknown EMS Scene Arrival Hour,99,Unknown EMS Scene Arrival Minutes,88,"Not Applicable (Not Transported) ",88,Not Applicable (Not Transported),,,,,,,1,1
2020,34,340271,New Jersey,2,2,0,0,0,2,2,23,MIDDLESEX (23),3705,WOODBRIDGE,17,17,6,June,2020,4,Wednesday,19,7:00pm-7:59pm,0,0,1,This section IS ON the NHS,2,Urban,3,Principal Arterial - Other,1,State Highway Agency,3,State Highway,SR-35,HILL RD,572,572,40.58159167,40.58159167,-74.293555560,-74.293555560,0,No Special Jurisdiction,12,Motor Vehicle In-Transport,1,Front-to-Rear,0,No,3,Intersection-Related,3,T-Intersection,0,None,,,1,On Roadway,1,Daylight,,,,,1,Clear,0,No,0000000,Not Applicable,19,7:00pm-7:59pm,0,0,19,7:00pm-7:59pm,9,9,19,7:00pm-7:59pm,27,27,,,,,,,1,0
2020,34,340272,New Jersey,2,2,0,0,0,2,2,1,ATLANTIC (1),851,EGG HARBOR TOWNSHIP,11,11,7,July,2020,7,Saturday,8,8:00am-8:59am,40,40,0,This section IS NOT on the NHS,2,Urban,4,Minor Arterial,2,County Highway Agency,4,County Road,CR-599A OCEAN HEIGHTS AVE,VIRGINIA AVE,55,55,39.39281944,39.39281944,-74.641658330,-74.641658330,0,No Special Jurisdiction,12,Motor Vehicle In-Transport,6,Angle,0,No,2,Intersection,2,Four-Way Intersection,0,None,,,1,On Roadway,1,Daylight,,,,,1,Clear,0,No,0000000,Not Applicable,8,8:00am-8:59am,40,40,8,8:00am-8:59am,48,48,88,"Not Applicable (Not Transported) ",88,Not Applicable (Not Transported),,,,,,,1,0
2020,34,340273,New Jersey,2,2,0,0,0,3,3,21,MERCER (21),935,EWING TOWNSHIP,4,4,6,June,2020,5,Thursday,11,11:00am-11:59am,53,53,0,This section IS NOT on the NHS,2,Urban,4,Minor Arterial,2,County Highway Agency,4,County Road,CR-643 LOWER FERRY RD,,12,12,40.25331944,40.25331944,-74.805063890,-74.805063890,0,No Special Jurisdiction,12,Motor Vehicle In-Transport,2,Front-to-Front,0,No,1,Non-Junction,1,Not an Intersection,0,None,,,1,On Roadway,1,Daylight,,,,,1,Clear,0,No,0000000,Not Applicable,11,11:00am-11:59am,56,56,12,12:00pm-12:59pm,0,0,12,12:00pm-12:59pm,45,45,,,,,,,1,0
2020,34,340274,New Jersey,2,2,0,0,0,2,2,9,CAPE MAY (9),0,NOT APPLICABLE,22,22,7,July,2020,4,Wednesday,15,3:00pm-3:59pm,20,20,0,This section IS NOT on the NHS,1,Rural,4,Minor Arterial,2,County Highway Agency,4,County Road,CR-621 OCEAN DR,,14,14,38.95707500,38.95707500,-74.883830560,-74.883830560,0,No Special Jurisdiction,12,Motor Vehicle In-Transport,2,Front-to-Front,0,No,1,Non-Junction,1,Not an Intersection,0,None,,,1,On Roadway,1,Daylight,,,,,1,Clear,0,No,0000000,Not Applicable,15,3:00pm-3:59pm,36,36,15,3:00pm-3:59pm,40,40,88,"Not Applicable (Not Transported) ",88,Not Applicable (Not Transported),,,,,,,2,0
2020,34,340275,New Jersey,1,1,0,1,1,3,3,23,MIDDLESEX (23),1920,NEW BRUNSWICK,6,6,7,July,2020,2,Monday,22,10:00pm-10:59pm,17,17,1,This section IS ON the NHS,2,Urban,3,Principal Arterial - Other,1,State Highway Agency,3,State Highway,SR-27,OLIVER AVE,142,142,40.48330278,40.48330278,-74.479358330,-74.479358330,0,No Special Jurisdiction,8,Pedestrian,0,The First Harmful Event was Not a Collision with a Motor Vehicle in Transport,0,No,2,Intersection,2,Four-Way Intersection,0,None,,,1,On Roadway,3,Dark - Lighted,,,,,2,Rain,0,No,0000000,Not Applicable,99,Unknown,99,Unknown,99,Unknown EMS Scene Arrival Hour,99,Unknown EMS Scene Arrival Minutes,99,Unknown,99,Unknown EMS Hospital Arrival Time,,,,,,,1,0
2020,34,340276,New Jersey,1,1,0,1,1,1,1,7,CAMDEN (7),0,NOT APPLICABLE,11,11,8,August,2020,3,Tuesday,14,2:00pm-2:59pm,29,29,1,This section IS ON the NHS,2,Urban,3,Principal Arterial - Other,1,State Highway Agency,3,State Highway,SR-73,COMMERCE LANE,183,183,39.81072222,39.81072222,-74.930591670,-74.930591670,0,No Special Jurisdiction,8,Pedestrian,0,The First Harmful Event was Not a Collision with a Motor Vehicle in Transport,0,No,3,Intersection-Related,2,Four-Way Intersection,0,None,,,1,On Roadway,1,Daylight,,,,,1,Clear,0,No,0000000,Not Applicable,14,2:00pm-2:59pm,31,31,14,2:00pm-2:59pm,35,35,15,3:00pm-3:59pm,17,17,,,,,,,1,0
2020,34,340277,New Jersey,1,1,0,0,0,1,1,1,ATLANTIC (1),1270,HAMMONTON,25,25,8,August,2020,3,Tuesday,1,1:00am-1:59am,38,38,0,This section IS NOT on the NHS,2,Urban,7,Local,4,City or Municipal Highway Agency,6,Local Street - Municipality,9TH STREET,,0,None,39.60957778,39.60957778,-74.796008330,-74.796008330,0,No Special Jurisdiction,41,Shrubbery,0,The First Harmful Event was Not a Collision with a Motor Vehicle in Transport,0,No,1,Non-Junction,1,Not an Intersection,0,None,,,4,On Roadside,3,Dark - Lighted,,,,,1,Clear,0,No,0000000,Not Applicable,1,1:00am-1:59am,45,45,1,1:00am-1:59am,53,53,99,Unknown,99,Unknown EMS Hospital Arrival Time,,,,,,,1,0
2020,34,340278,New Jersey,2,2,0,0,0,3,3,15,GLOUCESTER (15),747,DEPTFORD,22,22,8,August,2020,7,Saturday,22,10:00pm-10:59pm,8,8,0,This section IS NOT on the NHS,2,Urban,4,Minor Arterial,2,County Highway Agency,4,County Road,CR-663 TANYARD RD,,25,25,39.80588611,39.80588611,-75.126333330,-75.126333330,0,No Special Jurisdiction,12,Motor Vehicle In-Transport,1,Front-to-Rear,0,No,1,Non-Junction,1,Not an Intersection,0,None,,,1,On Roadway,2,Dark - Not Lighted,,,,,1,Clear,0,No,0000000,Not Applicable,22,10:00pm-10:59pm,9,9,22,10:00pm-10:59pm,16,16,22,10:00pm-10:59pm,41,41,,,,,,,1,1
2020,34,340279,New Jersey,1,1,0,0,0,1,1,27,MORRIS (27),0,NOT APPLICABLE,1,1,8,August,2020,7,Saturday,18,6:00pm-6:59pm,43,43,0,This section IS NOT on the NHS,2,Urban,4,Minor Arterial,2,County Highway Agency,4,County Road,CR-623 PARK AVE,POWDER HORN DR,27,27,40.79750833,40.79750833,-74.434611110,-74.434611110,0,No Special Jurisdiction,33,Curb,0,The First Harmful Event was Not a Collision with a Motor Vehicle in Transport,0,No,3,Intersection-Related,3,T-Intersection,0,None,,,4,On Roadside,1,Daylight,,,,,1,Clear,0,No,0000000,Not Applicable,99,Unknown,99,Unknown,99,Unknown EMS Scene Arrival Hour,99,Unknown EMS Scene Arrival Minutes,88,"Not Applicable (Not Transported) ",88,Not Applicable (Not Transported),,,,,,,1,0
2020,34,340280,New Jersey,1,1,0,0,0,1,1,29,OCEAN (29),3360,TOMS RIVER,18,18,8,August,2020,3,Tuesday,17,5:00pm-5:59pm,0,0,0,This section IS NOT on the NHS,2,Urban,4,Minor Arterial,2,County Highway Agency,4,County Road,CR-571 WHITESVILLE RD,,44,44,39.99493889,39.99493889,-74.221852780,-74.221852780,0,No Special Jurisdiction,30,Utility Pole/Light Support,0,The First Harmful Event was Not a Collision with a Motor Vehicle in Transport,0,No,1,Non-Junction,1,Not an Intersection,0,None,,,4,On Roadside,1,Daylight,,,,,1,Clear,0,No,0000000,Not Applicable,17,5:00pm-5:59pm,4,4,17,5:00pm-5:59pm,13,13,17,5:00pm-5:59pm,44,44,,,,,,,1,1