caseyear,state,st_case,statename,ve_total,ve_forms,pvh_invl,peds,pernotmvit,permvit,persons,county,countyname,city,cityname,day,dayname,month,monthname,year,day_week,day_weekname,hour,hourname,minute,minutename,nhs,nhsname,rur_urb,rur_urbname,func_sys,func_sysname,rd_owner,rd_ownername,route,routename,tway_id,tway_id2,milept,mileptname,latitude,latitudename,longitud,longitudname,sp_jur,sp_jurname,harm_ev,harm_evname,man_coll,man_collname,reljct1,reljct1name,reljct2,reljct2name,typ_int,typ_intname,wrk_zone,wrk_zonename,road_fnc,road_fncname,rel_road,rel_roadname,lgt_cond,lgt_condname,weather1,weather1name,weather2,weather2name,weather,weathername,sch_bus,sch_busname,rail,railname,not_hour,not_hourname,not_min,not_minname,arr_hour,arr_hourname,arr_min,arr_minname,hosp_hr,hosp_hrname,hosp_mn,hosp_mnname,cf1,cf1name,cf2,cf2name,cf3,cf3name,fatals,drunk_dr
2020,34,340354,New Jersey,1,1,0,0,0,2,2,7,CAMDEN (7),690,COLLINGSWOOD,28,28,9,September,2020,2,Monday,16,4:00pm-4:59pm,31,31,1,This section IS ON the NHS,2,Urban,3,Principal Arterial - Other,1,State Highway Agency,2,U.S. Highway,US-130,DWIGHT AVE,293,293,39.91591667,39.91591667,-75.090138890,-75.090138890,0,No Special Jurisdiction,33,Curb,0,The First Harmful Event was Not a Collision with a Motor Vehicle in Transport,0,No,3,Intersection-Related,2,Four-Way Intersection,0,None,,,4,On Roadside,1,Daylight,,,,,1,Clear,0,No,0000000,Not Applicable,16,4:00pm-4:59pm,32,32,16,4:00pm-4:59pm,37,37,17,5:00pm-5:59pm,12,12,,,,,,,1,1
2020,34,340355,New Jersey,3,3,0,0,0,4,4,15,GLOUCESTER (15),0,NOT APPLICABLE,10,10,9,September,2020,5,Thursday,13,1:00pm-1:59pm,42,42,1,This section IS ON the NHS,2,Urban,3,Principal Arterial - Other,1,State Highway Agency,2,U.S. Highway,US-322,WASHINGTON AVE,248,248,39.68460556,39.68460556,-74.988211110,-74.988211110,0,No Special Jurisdiction,12,Motor Vehicle In-Transport,6,Angle,0,No,2,Intersection,2,Four-Way Intersection,0,None,,,1,On Roadway,1,Daylight,,,,,1,Clear,0,No,0000000,Not Applicable,13,1:00pm-1:59pm,45,45,14,2:00pm-2:59pm,0,0,14,2:00pm-2:59pm,37,37,,,,,,,1,0
2020,34,340356,New Jersey,1,1,0,1,1,1,1,15,GLOUCESTER (15),0,NOT APPLICABLE,7,7,9,September,2020,2,Monday,2,2:00am-2:59am,22,22,1,This section IS ON the NHS,2,Urban,3,Principal Arterial - Other,1,State Highway Agency,2,U.S. Highway,US-42,,14,14,39.70614167,39.70614167,-75.009688890,-75.009688890,0,No Special Jurisdiction,8,Pedestrian,0,The First Harmful Event was Not a Collision with a Motor Vehicle in Transport,0,No,1,Non-Junction,1,Not an Intersection,0,None,,,1,On Roadway,3,Dark - Lighted,,,,,1,Clear,0,No,0000000,Not Applicable,2,2:00am-2:59am,25,25,2,2:00am-2:59am,36,36,88,"Not Applicable (Not Transported) ",88,Not Applicable (Not Transported),,,,,,,1,0
2020,34,340357,New Jersey,1,1,0,1,1,1,1,17,HUDSON (17),1540,KEARNY,11,11,9,September,2020,6,Friday,20,8:00pm-8:59pm,26,26,1,This section IS ON the NHS,2,Urban,3,Principal Arterial - Other,1,State Highway Agency,3,State Highway,SR-7 RAMP,,6,6,99.99990000,99.99990000,999.999900000,999.999900000,0,No Special Jurisdiction,9,Pedalcyclist,0,The First Harmful Event was Not a Collision with a Motor Vehicle in Transport,0,No,20,Entrance/Exit Ramp,1,Not an Intersection,0,None,,,1,On Roadway,3,Dark - Lighted,,,,,1,Clear,0,No,0000000,Not Applicable,20,8:00pm-8:59pm,28,28,20,8:00pm-8:59pm,37,37,88,"Not Applicable (Not Transported) ",88,Not Applicable (Not Transported),,,,,,,1,0
2020,34,340358,New Jersey,1,1,0,1,1,1,1,3,BERGEN (3),2480,PARAMUS,3,3,9,September,2020,5,Thursday,6,6:00am-6:59am,31,31,1,This section IS ON the NHS,2,Urban,3,Principal Arterial - Other,2,County Highway Agency,4,County Road,CR-59 FOREST AVE,,55,55,40.96471667,40.96471667,-74.049163890,-74.049163890,0,No Special Jurisdiction,8,Pedestrian,0,The First Harmful Event was Not a Collision with a Motor Vehicle in Transport,0,No,1,Non-Junction,1,Not an Intersection,0,None,,,1,On Roadway,4,Dawn,,,,,1,Clear,0,No,0000000,Not Applicable,6,6:00am-6:59am,32,32,6,6:00am-6:59am,35,35,7,7:00am-7:59am,4,4,,,,,,,1,0
2020,34,340359,New Jersey,1,1,0,1,1,1,1,35,SOMERSET (35),380,BOUND BROOK,4,4,9,September,2020,6,Friday,5,5:00am-5:59am,40,40,1,This section IS ON the NHS,2,Urban,3,Principal Arterial - Other,1,State Highway Agency,3,State Highway,SR-28,TEA ST,69,69,40.56811667,40.56811667,-74.551316670,-74.551316670,0,No Special Jurisdiction,8,Pedestrian,0,The First Harmful Event was Not a Collision with a Motor Vehicle in Transport,0,No,3,Intersection-Related,2,Four-Way Intersection,0,None,,,1,On Roadway,3,Dark - Lighted,,,,,1,Clear,0,No,0000000,Not Applicable,5,5:00am-5:59am,41,41,5,5:00am-5:59am,55,55,6,6:00am-6:59am,20,20,,,,,,,1,0
2020,34,340360,New Jersey,1,1,0,1,1,1,1,13,ESSEX (13),2130,NEWARK,10,10,9,September,2020,5,Thursday,21,9:00pm-9:59pm,37,37,0,This section IS NOT on the NHS,2,Urban,4,Minor Arterial,4,City or Municipal Highway Agency,6,Local Street - Municipality,ELIZABETH AVE,,0,None,40.72056389,40.72056389,-74.188858330,-74.188858330,0,No Special Jurisdiction,8,Pedestrian,0,The First Harmful Event was Not a Collision with a Motor Vehicle in Transport,0,No,1,Non-Junction,1,Not an Intersection,0,None,,,1,On Roadway,3,Dark - Lighted,,,,,1,Clear,0,No,0000000,Not Applicable,21,9:00pm-9:59pm,31,31,21,9:00pm-9:59pm,39,39,21,9:00pm-9:59pm,52,52,,,,,,,1,0
2020,34,340361,New Jersey,1,1,0,1,1,1,1,23,MIDDLESEX (23),3144,SOUTH BRUNSWICK,30,30,9,September,2020,4,Wednesday,21,9:00pm-9:59pm,25,25,1,This section IS ON the NHS,2,Urban,3,Principal Arterial - Other,1,State Highway Agency,2,U.S. Highway,US-1,,179,179,40.40179167,40.40179167,-74.552438890,-74.552438890,0,No Special Jurisdiction,8,Pedestrian,0,The First Harmful Event was Not a Collision with a Motor Vehicle in Transport,0,No,1,Non-Junction,1,Not an Intersection,0,None,,,1,On Roadway,2,Dark - Not Lighted,,,,,1,Clear,0,No,0000000,Not Applicable,21,9:00pm-9:59pm,31,31,21,9:00pm-9:59pm,43,43,88,"Not Applicable (Not Transported) ",88,Not Applicable (Not Transported),,,,,,,1,0
2020,34,340362,New Jersey,2,2,0,0,0,2,2,29,OCEAN (29),0,NOT APPLICABLE,18,18,9,September,2020,6,Friday,5,5:00am-5:59am,58,58,0,This section IS NOT on the NHS,1,Rural,5,Major Collector,2,County Highway Agency,4,County Road,CR-539 WHITING RD,,195,195,39.87731667,39.87731667,-74.376316670,-74.376316670,0,No Special Jurisdiction,12,Motor Vehicle In-Transport,2,Front-to-Front,0,No,1,Non-Junction,1,Not an Intersection,0,None,,,1,On Roadway,2,Dark - Not Lighted,,,,,10,Cloudy,0,No,0000000,Not Applicable,6,6:00am-6:59am,5,5,6,6:00am-6:59am,22,22,88,"Not Applicable (Not Transported) ",88,Not Applicable (Not Transported),,,,,,,1,1
2020,34,340363,New Jersey,4,4,0,0,0,4,4,15,GLOUCESTER (15),1751,LOGAN,21,21,9,September,2020,2,Monday,11,11:00am-11:59am,30,30,1,This section IS ON the NHS,2,Urban,3,Principal Arterial - Other,1,State Highway Agency,2,U.S. Highway,US-322,,31,31,39.79176944,39.79176944,-75.344563890,-75.344563890,0,No Special Jurisdiction,12,Motor Vehicle In-Transport,1,Front-to-Rear,0,No,1,Non-Junction,1,Not an Intersection,0,None,,,1,On Roadway,1,Daylight,,,,,1,Clear,0,No,0000000,Not Applicable,11,11:00am-11:59am,34,34,11,11:00am-11:59am,38,38,88,"Not Applicable (Not Transported) ",88,Not Applicable (Not Transported),,,,,,,1,0
2020,34,340364,New Jersey,1,1,0,1,1,1,1,1,ATLANTIC (1),90,ATLANTIC CITY,25,25,9,September,2020,6,Friday,4,4:00am-4:59am,25,25,1,This section IS ON the NHS,1,Rural,3,Principal Arterial - Other,1,State Highway Agency,2,U.S. Highway,US-30,,547,547,39.39127500,39.39127500,-74.488436110,-74.488436110,0,No Special Jurisdiction,8,Pedestrian,0,The First Harmful Event was Not a Collision with a Motor Vehicle in Transport,0,No,1,Non-Junction,1,Not an Intersection,0,None,,,1,On Roadway,3,Dark - Lighted,,,,,5,"Fog, Smog, Smoke",0,No,0000000,Not Applicable,5,5:00am-5:59am,42,42,5,5:00am-5:59am,49,49,88,"Not Applicable (Not Transported) ",88,Not Applicable (Not Transported),,,,,,,1,0
2020,34,340365,New Jersey,2,2,0,0,0,2,2,5,BURLINGTON (5),3691,WILLINGBORO,26,26,9,September,2020,7,Saturday,23,11:00pm-11:59pm,59,59,0,This section IS NOT on the NHS,2,Urban,4,Minor Arterial,2,County Highway Agency,4,County Road,CR-630 LEVITT PARKWAY,,38,38,40.02878333,40.02878333,-74.876183330,-74.876183330,0,No Special Jurisdiction,12,Motor Vehicle In-Transport,2,Front-to-Front,0,No,1,Non-Junction,1,Not an Intersection,0,None,,,1,On Roadway,3,Dark - Lighted,,,,,1,Clear,0,No,0000000,Not Applicable,23,11:00pm-11:59pm,8,8,23,11:00pm-11:59pm,22,22,99,Unknown,99,Unknown EMS Hospital Arrival Time,,,,,,,1,1
2020,34,340366,New Jersey,1,1,0,0,0,1,1,25,MONMOUTH (25),8,ABERDEEN,27,27,9,September,2020,1,Sunday,1,1:00am-1:59am,2,2,1,This section IS ON the NHS,2,Urban,2,Principal Arterial - Other Freeways and Expressways,31,State Toll Road,8,Other,444,,1197,1197,40.42811944,40.42811944,-74.228486110,-74.228486110,0,No Special Jurisdiction,35,Embankment,0,The First Harmful Event was Not a Collision with a Motor Vehicle in Transport,0,No,1,Non-Junction,1,Not an Intersection,0,None,,,3,On Median,3,Dark - Lighted,,,,,5,"Fog, Smog, Smoke",0,No,0000000,Not Applicable,1,1:00am-1:59am,4,4,1,1:00am-1:59am,22,22,2,2:00am-2:59am,16,16,,,,,,,1,1
2020,34,340367,New Jersey,2,2,0,0,0,2,2,39,UNION (39),1700,LINDEN,19,19,9,September,2020,7,Saturday,14,2:00pm-2:59pm,46,46,1,This section IS ON the NHS,2,Urban,3,Principal Arterial - Other,1,State Highway Agency,2,U.S. Highway,US-1,WILLOW GLADE RD,418,418,40.63517500,40.63517500,-74.235386110,-74.235386110,0,No Special Jurisdiction,12,Motor Vehicle In-Transport,6,Angle,0,No,2,Intersection,3,T-Intersection,0,None,,,1,On Roadway,1,Daylight,,,,,1,Clear,0,No,0000000,Not Applicable,14,2:00pm-2:59pm,53,53,14,2:00pm-2:59pm,58,58,88,"Not Applicable (Not Transported) ",88,Not Applicable (Not Transported),,,,,,,1,0
2020,34,340368,New Jersey,1,1,0,1,1,4,4,1,ATLANTIC (1),2640,PLEASANTVILLE,14,14,9,September,2020,2,Monday,0,0:00am-0:59am,27,27,1,This section IS ON the NHS,2,Urban,3,Principal Arterial - Other,1,State Highway Agency,2,U.S. Highway,US-40,,585,585,39.39281389,39.39281389,-74.535886110,-74.535886110,0,No Special Jurisdiction,8,Pedestrian,0,The First Harmful Event was Not a Collision with a Motor Vehicle in Transport,0,No,1,Non-Junction,1,Not an Intersection,0,None,,,1,On Roadway,3,Dark - Lighted,,,,,1,Clear,0,No,0000000,Not Applicable,0,0:00am-0:59am,30,30,0,0:00am-0:59am,31,31,88,"Not Applicable (Not Transported) ",88,Not Applicable (Not Transported),,,,,,,1,0
2020,34,340369,New Jersey,2,2,0,0,0,3,3,21,MERCER (21),825,EAST WINDSOR,4,4,8,August,2020,3,Tuesday,19,7:00pm-7:59pm,34,34,1,This section IS ON the NHS,2,Urban,3,Principal Arterial - Other,1,State Highway Agency,3,State Highway,SR-33,TWIN RIVERS DRIVE,163,163,40.26742778,40.26742778,-74.484275000,-74.484275000,0,No Special Jurisdiction,12,Motor Vehicle In-Transport,6,Angle,0,No,2,Intersection,2,Four-Way Intersection,0,None,,,1,On Roadway,1,Daylight,,,,,1,Clear,0,No,0000000,Not Applicable,19,7:00pm-7:59pm,36,36,19,7:00pm-7:59pm,44,44,20,8:00pm-8:59pm,20,20,,,,,,,1,0
2020,34,340370,New Jersey,1,1,0,0,0,1,1,31,PASSAIC (31),330,BLOOMINGDALE,24,24,8,August,2020,2,Monday,18,6:00pm-6:59pm,5,5,0,This section IS NOT on the NHS,2,Urban,4,Minor Arterial,2,County Highway Agency,4,County Road,CR-511 UNION AVE,,203,203,41.01907222,41.01907222,-74.311352780,-74.311352780,0,No Special Jurisdiction,30,Utility Pole/Light Support,0,The First Harmful Event was Not a Collision with a Motor Vehicle in Transport,0,No,1,Non-Junction,1,Not an Intersection,0,None,,,4,On Roadside,2,Dark - Not Lighted,,,,,1,Clear,0,No,0000000,Not Applicable,18,6:00pm-6:59pm,9,9,18,6:00pm-6:59pm,21,21,88,"Not Applicable (Not Transported) ",88,Not Applicable (Not Transported),,,,,,,1,1
2020,34,340371,New Jersey,1,1,0,0,0,1,1,31,PASSAIC (31),3582,WEST MILFORD,24,24,9,September,2020,5,Thursday,18,6:00pm-6:59pm,32,32,0,This section IS NOT on the NHS,1,Rural,7,Local,4,City or Municipal Highway Agency,6,Local Street - Municipality,CAHILL CROSS RD,,0,None,41.11599444,41.11599444,-74.365447220,-74.365447220,0,No Special Jurisdiction,1,Rollover/Overturn,0,The First Harmful Event was Not a Collision with a Motor Vehicle in Transport,0,No,1,Non-Junction,1,Not an Intersection,0,None,,,5,Outside Trafficway,5,Dusk,,,,,1,Clear,0,No,0000000,Not Applicable,18,6:00pm-6:59pm,44,44,19,7:00pm-7:59pm,6,6,88,"Not Applicable (Not Transported) ",88,Not Applicable (Not Transported),,,,,,,1,1
2020,34,340372,New Jersey,1,1,0,1,1,1,1,13,ESSEX (13),1825,MAPLEWOOD,28,28,9,September,2020,2,Monday,2,2:00am-2:59am,33,33,0,This section IS NOT on the NHS,2,Urban,4,Minor Arterial,2,County Highway Agency,4,County Road,CR-601 CHANCELLOR AVE,44TH ST,1,1,40.72245556,40.72245556,-74.250613890,-74.250613890,0,No Special Jurisdiction,8,Pedestrian,0,The First Harmful Event was Not a Collision with a Motor Vehicle in Transport,0,No,3,Intersection-Related,3,T-Intersection,0,None,,,1,On Roadway,3,Dark - Lighted,,,,,2,Rain,0,No,0000000,Not Applicable,99,Unknown,99,Unknown,99,Unknown EMS Scene Arrival Hour,99,Unknown EMS Scene Arrival Minutes,88,"Not Applicable (Not Transported) ",88,Not Applicable (Not Transported),,,,,,,1,0
2020,34,340373,New Jersey,2,1,1,0,1,2,3,27,MORRIS (27),2498,PARSIPPANY,14,14,9,September,2020,2,Monday,20,8:00pm-8:59pm,33,33,1,This section IS ON the NHS,2,Urban,1,Interstate,1,State Highway Agency,1,Interstate,I-80,,463,463,40.86071667,40.86071667,-74.366505560,-74.366505560,0,No Special Jurisdiction,45,"Working Motor Vehicle ",0,The First Harmful Event was Not a Collision with a Motor Vehicle in Transport,0,No,1,Non-Junction,1,Not an Intersection,1,Construction,,,1,On Roadway,3,Dark - Lighted,,,,,1,Clear,0,No,0000000,Not Applicable,20,8:00pm-8:59pm,37,37,20,8:00pm-8:59pm,42,42,21,9:00pm-9:59pm,23,23,,,,,,,1,0
2020,34,340374,New Jersey,1,1,0,0,0,1,1,31,PASSAIC (31),3500,WANAQUE,15,15,9,September,2020,3,Tuesday,22,10:00pm-10:59pm,16,16,1,This section IS ON the NHS,2,Urban,1,Interstate,1,State Highway Agency,1,Interstate,I-287,,559,559,41.02343333,41.02343333,-74.290725000,-74.290725000,0,No Special Jurisdiction,24,Guardrail Face,0,The First Harmful Event was Not a Collision with a Motor Vehicle in Transport,0,No,1,Non-Junction,1,Not an Intersection,0,None,,,4,On Roadside,2,Dark - Not Lighted,,,,,1,Clear,0,No,0000000,Not Applicable,22,10:00pm-10:59pm,20,20,22,10:00pm-10:59pm,34,34,88,"Not Applicable (Not Transported) ",88,Not Applicable (Not Transported),,,,,,,1,0
2020,34,340375,New Jersey,1,1,0,1,1,1,1,11,CUMBERLAND (11),1845,MAURICETOWN,24,24,9,September,2020,5,Thursday,5,5:00am-5:59am,41,41,0,This section IS NOT on the NHS,1,Rural,4,Minor Arterial,1,State Highway Agency,3,State Highway,SR-49,,450,450,39.34408056,39.34408056,-74.898108330,-74.898108330,0,No Special Jurisdiction,8,Pedestrian,0,The First Harmful Event was Not a Collision with a Motor Vehicle in Transport,0,No,1,Non-Junction,1,Not an Intersection,0,None,,,1,On Roadway,2,Dark - Not Lighted,,,,,1,Clear,0,No,0000000,Not Applicable,5,5:00am-5:59am,42,42,5,5:00am-5:59am,55,55,88,"Not Applicable (Not Transported) ",88,Not Applicable (Not Transported),,,,,,,1,0
2020,34,340376,New Jersey,2,2,0,0,0,3,3,3,BERGEN (3),2330,OAKLAND,30,30,9,September,2020,4,Wednesday,2,2:00am-2:59am,35,35,1,This section IS ON the NHS,2,Urban,1,Interstate,1,State Highway Agency,1,Interstate,I-287,,582,582,41.02863889,41.02863889,-74.250872220,-74.250872220,0,No Special Jurisdiction,12,Motor Vehicle In-Transport,1,Front-to-Rear,0,No,1,Non-Junction,1,Not an Intersection,0,None,,,1,On Roadway,3,Dark - Lighted,,,,,1,Clear,0,No,0000000,Not Applicable,2,2:00am-2:59am,39,39,2,2:00am-2:59am,56,56,3,3:00am-3:59am,32,32,,,,,,,1,0
2020,34,340377,New Jersey,3,3,0,0,0,7,7,25,MONMOUTH (25),1352,HAZLET TOWNSHIP,13,13,9,September,2020,1,Sunday,2,2:00am-2:59am,42,42,1,This section IS ON the NHS,2,Urban,2,Principal Arterial - Other Freeways and Expressways,31,State Toll Road,8,Other,444,,1187,1187,40.42069167,40.42069167,-74.210083330,-74.210083330,0,No Special Jurisdiction,12,Motor Vehicle In-Transport,7,Sideswipe - Same Direction,0,No,1,Non-Junction,1,Not an Intersection,0,None,,,1,On Roadway,3,Dark - Lighted,,,,,1,Clear,0,No,0000000,Not Applicable,99,Unknown,99,Unknown,99,Unknown EMS Scene Arrival Hour,99,Unknown EMS Scene Arrival Minutes,99,Unknown,99,Unknown EMS Hospital Arrival Time,,,,,,,1,1
2020,34,340378,New Jersey,1,1,0,1,1,2,2,13,ESSEX (13),2130,NEWARK,15,15,8,August,2020,7,Saturday,23,11:00pm-11:59pm,43,43,1,This section IS ON the NHS,2,Urban,3,Principal Arterial - Other,1,State Highway Agency,3,State Highway,SR-21,,37,37,40.75660278,40.75660278,-74.166836110,-74.166836110,0,No Special Jurisdiction,8,Pedestrian,0,The First Harmful Event was Not a Collision with a Motor Vehicle in Transport,0,No,1,Non-Junction,1,Not an Intersection,0,None,,,1,On Roadway,3,Dark - Lighted,,,,,1,Clear,0,No,0000000,Not Applicable,23,11:00pm-11:59pm,50,50,23,11:00pm-11:59pm,58,58,88,"Not Applicable (Not Transported) ",88,Not Applicable (Not Transported),,,,,,,1,0
2020,34,340379,New Jersey,1,1,0,1,1,1,1,21,MERCER (21),1265,HAMILTON TOWNSHIP,31,31,10,October,2020,7,Saturday,18,6:00pm-6:59pm,24,24,1,This section IS ON the NHS,2,Urban,3,Principal Arterial - Other,1,State Highway Agency,3,State Highway,SR-33,,32,32,40.23341389,40.23341389,-74.703869440,-74.703869440,0,No Special Jurisdiction,8,Pedestrian,0,The First Harmful Event was Not a Collision with a Motor Vehicle in Transport,0,No,1,Non-Junction,1,Not an Intersection,0,None,,,1,On Roadway,3,Dark - Lighted,,,,,1,Clear,0,No,0000000,Not Applicable,18,6:00pm-6:59pm,26,26,18,6:00pm-6:59pm,32,32,18,6:00pm-6:59pm,49,49,,,,,,,1,0
2020,34,340380,New Jersey,1,1,0,0,0,3,3,31,PASSAIC (31),2510,PATERSON,25,25,10,October,2020,1,Sunday,20,8:00pm-8:59pm,52,52,1,This section IS ON the NHS,2,Urban,1,Interstate,1,State Highway Agency,1,Interstate,I-80,,582,582,40.90836389,40.90836389,-74.173294440,-74.173294440,0,No Special Jurisdiction,24,Guardrail Face,0,The First Harmful Event was Not a Collision with a Motor Vehicle in Transport,0,No,1,Non-Junction,1,Not an Intersection,0,None,,,4,On Roadside,2,Dark - Not Lighted,,,,,2,Rain,0,No,0000000,Not Applicable,99,Unknown,99,Unknown,99,Unknown EMS Scene Arrival Hour,99,Unknown EMS Scene Arrival Minutes,99,Unknown,99,Unknown EMS Hospital Arrival Time,,,,,,,1,0
2020,34,340381,New Jersey,2,2,0,0,0,3,3,41,WARREN (41),0,NOT APPLICABLE,10,10,10,October,2020,7,Saturday,22,10:00pm-10:59pm,55,55,1,This section IS ON the NHS,1,Rural,3,Principal Arterial - Other,1,State Highway Agency,2,U.S. Highway,US-46,WATER ST,72,72,40.84236389,40.84236389,-75.051572220,-75.051572220,0,No Special Jurisdiction,12,Motor Vehicle In-Transport,6,Angle,0,No,3,Intersection-Related,3,T-Intersection,0,None,,,1,On Roadway,3,Dark - Lighted,,,,,1,Clear,0,No,0000000,Not Applicable,22,10:00pm-10:59pm,55,55,23,11:00pm-11:59pm,15,15,0,0:00am-0:59am,17,17,,,,,,,1,1
2020,34,340382,New Jersey,2,2,0,0,0,2,2,1,ATLANTIC (1),2700,PORT REPUBLIC,3,3,10,October,2020,7,Saturday,11,11:00am-11:59am,32,32,0,This section IS NOT on the NHS,2,Urban,5,Major Collector,2,County Highway Agency,4,County Road,CR-624 CLARKS LANDING RD,,64,64,39.53116944,39.53116944,-74.506755560,-74.506755560,0,No Special Jurisdiction,12,Motor Vehicle In-Transport,2,Front-to-Front,0,No,1,Non-Junction,1,Not an Intersection,0,None,,,1,On Roadway,1,Daylight,,,,,1,Clear,0,No,0000000,Not Applicable,99,Unknown,99,Unknown,99,Unknown EMS Scene Arrival Hour,99,Unknown EMS Scene Arrival Minutes,99,Unknown,99,Unknown EMS Hospital Arrival Time,,,,,,,1,0
2020,34,340383,New Jersey,1,1,0,0,0,1,1,5,BURLINGTON (5),0,NOT APPLICABLE,5,5,9,September,2020,7,Saturday,12,12:00pm-12:59pm,57,57,0,This section IS NOT on the NHS,1,Rural,7,Local,4,City or Municipal Highway Agency,6,Local Street - Municipality,SAVOY BLVD,,0,None,39.86975000,39.86975000,-74.464594440,-74.464594440,0,No Special Jurisdiction,42,Tree (Standing Only),0,The First Harmful Event was Not a Collision with a Motor Vehicle in Transport,0,No,1,Non-Junction,1,Not an Intersection,0,None,,,5,Outside Trafficway,1,Daylight,,,,,1,Clear,0,No,0000000,Not Applicable,13,1:00pm-1:59pm,2,2,13,1:00pm-1:59pm,26,26,13,1:00pm-1:59pm,47,47,,,,,,,1,0
2020,34,340384,New Jersey,2,2,0,0,0,2,2,7,CAMDEN (7),0,NOT APPLICABLE,20,20,9,September,2020,1,Sunday,1,1:00am-1:59am,44,44,1,This section IS ON the NHS,2,Urban,2,Principal Arterial - Other Freeways and Expressways,31,State Toll Road,8,Other,"446 ",,429,429,39.76166667,39.76166667,-75.042797220,-75.042797220,0,No Special Jurisdiction,12,Motor Vehicle In-Transport,2,Front-to-Front,0,No,1,Non-Junction,1,Not an Intersection,0,None,,,1,On Roadway,2,Dark - Not Lighted,,,,,1,Clear,0,No,0000000,Not Applicable,1,1:00am-1:59am,44,44,1,1:00am-1:59am,54,54,2,2:00am-2:59am,48,48,,,,,,,1,2
2020,34,340385,New Jersey,1,1,0,0,0,2,2,21,MERCER (21),1265,HAMILTON TOWNSHIP,16,16,8,August,2020,1,Sunday,17,5:00pm-5:59pm,36,36,1,This section IS ON the NHS,2,Urban,1,Interstate,1,State Highway Agency,1,Interstate,I-195,,50,50,40.20202778,40.20202778,-74.635016670,-74.635016670,0,No Special Jurisdiction,33,Curb,0,The First Harmful Event was Not a Collision with a Motor Vehicle in Transport,1,Yes,98,Not Reported,1,Not an Intersection,0,None,,,4,On Roadside,1,Daylight,,,,,10,Cloudy,0,No,0000000,Not Applicable,99,Unknown,99,Unknown,99,Unknown EMS Scene Arrival Hour,99,Unknown EMS Scene Arrival Minutes,99,Unknown,99,Unknown EMS Hospital Arrival Time,,,,,,,1,0
2020,34,340386,New Jersey,1,1,0,0,0,1,1,5,BURLINGTON (5),1824,MAPLE SHADE,17,17,10,October,2020,7,Saturday,5,5:00am-5:59am,57,57,1,This section IS ON the NHS,2,Urban,3,Principal Arterial - Other,1,State Highway Agency,3,State Highway,SR-73,,310,310,39.96882222,39.96882222,-75.004147220,-75.004147220,0,No Special Jurisdiction,33,Curb,0,The First Harmful Event was Not a Collision with a Motor Vehicle in Transport,0,No,1,Non-Junction,1,Not an Intersection,0,None,,,4,On Roadside,3,Dark - Lighted,,,,,2,Rain,0,No,0000000,Not Applicable,6,6:00am-6:59am,0,0,6,6:00am-6:59am,5,5,88,"Not Applicable (Not Transported) ",88,Not Applicable (Not Transported),,,,,,,1,0
2020,34,340387,New Jersey,2,2,0,0,0,2,2,1,ATLANTIC (1),1270,HAMMONTON,13,13,10,October,2020,3,Tuesday,16,4:00pm-4:59pm,56,56,0,This section IS NOT on the NHS,2,Urban,4,Minor Arterial,2,County Highway Agency,4,County Road,CR-561 VETERNS WAY,,215,215,39.62798611,39.62798611,-74.791502780,-74.791502780,0,No Special Jurisdiction,12,Motor Vehicle In-Transport,2,Front-to-Front,0,No,1,Non-Junction,1,Not an Intersection,0,None,,,1,On Roadway,1,Daylight,,,,,1,Clear,0,No,0000000,Not Applicable,99,Unknown,99,Unknown,99,Unknown EMS Scene Arrival Hour,99,Unknown EMS Scene Arrival Minutes,88,"Not Applicable (Not Transported) ",88,Not Applicable (Not Transported),,,,,,,1,0
2020,34,340388,New Jersey,2,2,0,0,0,3,3,5,BURLINGTON (5),0,NOT APPLICABLE,22,22,10,October,2020,5,Thursday,12,12:00pm-12:59pm,34,34,0,This section IS NOT on the NHS,2,Urban,4,Minor Arterial,2,County Highway Agency,4,County Road,CR-544 MARTON PARKWAY,EVANS RD,117,117,39.87449167,39.87449167,-74.911041670,-74.911041670,0,No Special Jurisdiction,12,Motor Vehicle In-Transport,6,Angle,0,No,2,Intersection,2,Four-Way Intersection,0,None,,,1,On Roadway,1,Daylight,,,,,1,Clear,0,No,0000000,Not Applicable,12,12:00pm-12:59pm,38,38,12,12:00pm-12:59pm,44,44,13,1:00pm-1:59pm,13,13,,,,,,,1,0
2020,34,340389,New Jersey,2,1,1,1,1,1,1,25,MONMOUTH (25),1445,HOLMDEL,18,18,9,September,2020,6,Friday,21,9:00pm-9:59pm,48,48,1,This section IS ON the NHS,2,Urban,2,Principal Arterial - Other Freeways and Expressways,31,State Toll Road,8,Other,444,,1159,1159,40.39140000,40.39140000,-74.181466670,-74.181466670,0,No Special Jurisdiction,14,Parked Motor Vehicle,0,The First Harmful Event was Not a Collision with a Motor Vehicle in Transport,0,No,1,Non-Junction,1,Not an Intersection,0,None,,,2,On Shoulder,3,Dark - Lighted,,,,,1,Clear,0,No,0000000,Not Applicable,99,Unknown,99,Unknown,99,Unknown EMS Scene Arrival Hour,99,Unknown EMS Scene Arrival Minutes,99,Unknown,99,Unknown EMS Hospital Arrival Time,,,,,,,1,1
2020,34,340390,New Jersey,1,1,0,0,0,1,1,27,MORRIS (27),3650,WHARTON,25,25,9,September,2020,6,Friday,23,11:00pm-11:59pm,30,30,1,This section IS ON the NHS,2,Urban,1,Interstate,1,State Highway Agency,1,Interstate,I-80,,336,336,40.90798333,40.90798333,-74.578344440,-74.578344440,0,No Special Jurisdiction,24,Guardrail Face,0,The First Harmful Event was Not a Collision with a Motor Vehicle in Transport,0,No,1,Non-Junction,1,Not an Intersection,0,None,,,3,On Median,2,Dark - Not Lighted,,,,,1,Clear,0,No,0000000,Not Applicable,23,11:00pm-11:59pm,35,35,23,11:00pm-11:59pm,50,50,88,"Not Applicable (Not Transported) ",88,Not Applicable (Not Transported),,,,,,,1,1