caseyear,state,st_case,statename,ve_total,ve_forms,pvh_invl,peds,pernotmvit,permvit,persons,county,countyname,city,cityname,day,dayname,month,monthname,year,day_week,day_weekname,hour,hourname,minute,minutename,nhs,nhsname,rur_urb,rur_urbname,func_sys,func_sysname,rd_owner,rd_ownername,route,routename,tway_id,tway_id2,milept,mileptname,latitude,latitudename,longitud,longitudname,sp_jur,sp_jurname,harm_ev,harm_evname,man_coll,man_collname,reljct1,reljct1name,reljct2,reljct2name,typ_int,typ_intname,wrk_zone,wrk_zonename,road_fnc,road_fncname,rel_road,rel_roadname,lgt_cond,lgt_condname,weather1,weather1name,weather2,weather2name,weather,weathername,sch_bus,sch_busname,rail,railname,not_hour,not_hourname,not_min,not_minname,arr_hour,arr_hourname,arr_min,arr_minname,hosp_hr,hosp_hrname,hosp_mn,hosp_mnname,cf1,cf1name,cf2,cf2name,cf3,cf3name,fatals,drunk_dr
2020,34,340391,New Jersey,1,1,0,0,0,2,2,5,BURLINGTON (5),1805,MANSFIELD,27,27,10,October,2020,3,Tuesday,20,8:00pm-8:59pm,50,50,1,This section IS ON the NHS,2,Urban,3,Principal Arterial - Other,1,State Highway Agency,2,U.S. Highway,US-206,,325,325,40.09871111,40.09871111,-74.711491670,-74.711491670,0,No Special Jurisdiction,42,Tree (Standing Only),0,The First Harmful Event was Not a Collision with a Motor Vehicle in Transport,0,No,1,Non-Junction,1,Not an Intersection,0,None,,,5,Outside Trafficway,2,Dark - Not Lighted,,,,,1,Clear,0,No,0000000,Not Applicable,20,8:00pm-8:59pm,55,55,21,9:00pm-9:59pm,2,2,21,9:00pm-9:59pm,39,39,,,,,,,1,0
2020,34,340392,New Jersey,2,2,0,0,0,2,2,29,OCEAN (29),1505,CASSVILLE,22,22,10,October,2020,5,Thursday,14,2:00pm-2:59pm,43,43,0,This section IS NOT on the NHS,2,Urban,4,Minor Arterial,2,County Highway Agency,4,County Road,CR-547 S HOPE CHAPEL RD,FREEMONT AVE,30,30,40.05200833,40.05200833,-74.287319440,-74.287319440,0,No Special Jurisdiction,12,Motor Vehicle In-Transport,6,Angle,0,No,2,Intersection,3,T-Intersection,0,None,,,1,On Roadway,1,Daylight,,,,,1,Clear,0,No,0000000,Not Applicable,14,2:00pm-2:59pm,48,48,14,2:00pm-2:59pm,58,58,16,4:00pm-4:59pm,8,8,,,,,,,1,0
2020,34,340393,New Jersey,1,1,0,1,1,1,1,39,UNION (39),616,CLARK,20,20,10,October,2020,3,Tuesday,6,6:00am-6:59am,7,7,0,This section IS NOT on the NHS,2,Urban,4,Minor Arterial,2,County Highway Agency,4,County Road,CR-607,CLARKTON DR,23,23,40.62792222,40.62792222,-74.314905560,-74.314905560,0,No Special Jurisdiction,8,Pedestrian,0,The First Harmful Event was Not a Collision with a Motor Vehicle in Transport,0,No,3,Intersection-Related,3,T-Intersection,0,None,,,1,On Roadway,3,Dark - Lighted,,,,,10,Cloudy,0,No,0000000,Not Applicable,6,6:00am-6:59am,8,8,6,6:00am-6:59am,12,12,88,"Not Applicable (Not Transported) ",88,Not Applicable (Not Transported),,,,,,,1,0
2020,34,340394,New Jersey,2,2,0,0,0,2,2,25,MONMOUTH (25),1090,FREEHOLD,30,30,10,October,2020,6,Friday,11,11:00am-11:59am,55,55,1,This section IS ON the NHS,2,Urban,3,Principal Arterial - Other,1,State Highway Agency,3,State Highway,SR-33,CR-537,29,29,40.25398611,40.25398611,-74.283291670,-74.283291670,0,No Special Jurisdiction,12,Motor Vehicle In-Transport,2,Front-to-Front,0,No,2,Intersection,4,Y-Intersection,0,None,,,1,On Roadway,1,Daylight,,,,,2,Rain,0,No,0000000,Not Applicable,12,12:00pm-12:59pm,0,0,12,12:00pm-12:59pm,8,8,12,12:00pm-12:59pm,35,35,,,,,,,1,0
2020,34,340395,New Jersey,1,1,0,0,0,1,1,5,BURLINGTON (5),3537,WESTAMPTON TOWNSHIP,9,9,10,October,2020,6,Friday,23,11:00pm-11:59pm,37,37,0,This section IS NOT on the NHS,2,Urban,7,Local,2,County Highway Agency,4,County Road,CR-639 OXMEAD RD,,6,6,40.03431667,40.03431667,-74.788269440,-74.788269440,0,No Special Jurisdiction,43,Other Fixed Object,0,The First Harmful Event was Not a Collision with a Motor Vehicle in Transport,0,No,1,Non-Junction,1,Not an Intersection,0,None,,,4,On Roadside,2,Dark - Not Lighted,,,,,1,Clear,0,No,0000000,Not Applicable,23,11:00pm-11:59pm,32,32,23,11:00pm-11:59pm,41,41,0,0:00am-0:59am,18,18,,,,,,,1,0
2020,34,340396,New Jersey,2,2,0,0,0,2,2,19,HUNTERDON (19),0,NOT APPLICABLE,17,17,10,October,2020,7,Saturday,15,3:00pm-3:59pm,19,19,1,This section IS ON the NHS,1,Rural,3,Principal Arterial - Other,1,State Highway Agency,3,State Highway,SR-31,ROCKTOWN RD,150,150,40.40643889,40.40643889,-74.859830560,-74.859830560,0,No Special Jurisdiction,12,Motor Vehicle In-Transport,6,Angle,0,No,2,Intersection,2,Four-Way Intersection,0,None,,,1,On Roadway,1,Daylight,,,,,1,Clear,1,Yes,0000000,Not Applicable,15,3:00pm-3:59pm,19,19,15,3:00pm-3:59pm,23,23,88,"Not Applicable (Not Transported) ",88,Not Applicable (Not Transported),,,,,,,1,0
2020,34,340397,New Jersey,2,2,0,0,0,3,3,5,BURLINGTON (5),3325,TABERNACLE,17,17,10,October,2020,7,Saturday,18,6:00pm-6:59pm,45,45,0,This section IS NOT on the NHS,1,Rural,7,Local,4,City or Municipal Highway Agency,6,Local Street - Municipality,NEW RD,,0,None,39.87218333,39.87218333,-74.708186110,-74.708186110,0,No Special Jurisdiction,12,Motor Vehicle In-Transport,7,Sideswipe - Same Direction,0,No,1,Non-Junction,1,Not an Intersection,0,None,,,1,On Roadway,2,Dark - Not Lighted,,,,,1,Clear,0,No,0000000,Not Applicable,18,6:00pm-6:59pm,42,42,18,6:00pm-6:59pm,53,53,19,7:00pm-7:59pm,15,15,,,,,,,1,0
2020,34,340398,New Jersey,2,2,0,0,0,2,2,5,BURLINGTON (5),613,CINNAMINSON,26,26,10,October,2020,2,Monday,5,5:00am-5:59am,56,56,1,This section IS ON the NHS,2,Urban,3,Principal Arterial - Other,1,State Highway Agency,2,U.S. Highway,US-130,ANDOVER RD,381,381,40.00512778,40.00512778,-74.978427780,-74.978427780,0,No Special Jurisdiction,12,Motor Vehicle In-Transport,2,Front-to-Front,0,No,2,Intersection,2,Four-Way Intersection,0,None,,,1,On Roadway,3,Dark - Lighted,,,,,2,Rain,0,No,0000000,Not Applicable,5,5:00am-5:59am,59,59,6,6:00am-6:59am,0,0,6,6:00am-6:59am,33,33,,,,,,,1,0
2020,34,340399,New Jersey,2,2,0,0,0,2,2,15,GLOUCESTER (15),0,NOT APPLICABLE,31,31,10,October,2020,7,Saturday,20,8:00pm-8:59pm,13,13,0,This section IS NOT on the NHS,2,Urban,4,Minor Arterial,1,State Highway Agency,3,State Highway,SR-47,HOLLYDELL DR,657,657,39.74820556,39.74820556,-75.113100000,-75.113100000,0,No Special Jurisdiction,12,Motor Vehicle In-Transport,2,Front-to-Front,0,No,3,Intersection-Related,2,Four-Way Intersection,0,None,,,1,On Roadway,3,Dark - Lighted,,,,,1,Clear,0,No,0000000,Not Applicable,20,8:00pm-8:59pm,17,17,20,8:00pm-8:59pm,21,21,20,8:00pm-8:59pm,55,55,,,,,,,1,1
2020,34,340400,New Jersey,1,1,0,0,0,1,1,41,WARREN (41),2450,OXFORD,20,20,10,October,2020,3,Tuesday,10,10:00am-10:59am,38,38,1,This section IS ON the NHS,2,Urban,3,Principal Arterial - Other,1,State Highway Agency,3,State Highway,SR-31,,466,466,40.80315556,40.80315556,-74.990238890,-74.990238890,0,No Special Jurisdiction,33,Curb,0,The First Harmful Event was Not a Collision with a Motor Vehicle in Transport,0,No,1,Non-Junction,1,Not an Intersection,0,None,,,4,On Roadside,1,Daylight,,,,,10,Cloudy,0,No,0000000,Not Applicable,10,10:00am-10:59am,40,40,10,10:00am-10:59am,49,49,11,11:00am-11:59am,45,45,,,,,,,1,0
2020,34,340401,New Jersey,2,2,0,1,1,2,2,39,UNION (39),860,ELIZABETH,31,31,10,October,2020,7,Saturday,23,11:00pm-11:59pm,55,55,1,This section IS ON the NHS,2,Urban,3,Principal Arterial - Other,1,State Highway Agency,2,U.S. Highway,US-1,E GRAND ST,445,445,40.66543333,40.66543333,-74.205144440,-74.205144440,0,No Special Jurisdiction,8,Pedestrian,0,The First Harmful Event was Not a Collision with a Motor Vehicle in Transport,0,No,3,Intersection-Related,2,Four-Way Intersection,0,None,,,1,On Roadway,3,Dark - Lighted,,,,,1,Clear,0,No,0000000,Not Applicable,99,Unknown,99,Unknown,99,Unknown EMS Scene Arrival Hour,99,Unknown EMS Scene Arrival Minutes,88,"Not Applicable (Not Transported) ",88,Not Applicable (Not Transported),,,,,,,1,0
2020,34,340402,New Jersey,1,1,0,1,1,1,1,17,HUDSON (17),1520,JERSEY CITY,1,1,10,October,2020,5,Thursday,16,4:00pm-4:59pm,21,21,0,This section IS NOT on the NHS,2,Urban,4,Minor Arterial,4,City or Municipal Highway Agency,6,Local Street - Municipality,OCEAN AVE,,0,None,40.71116389,40.71116389,-74.075608330,-74.075608330,0,No Special Jurisdiction,15,Non-Motorist on Personal Conveyance,0,The First Harmful Event was Not a Collision with a Motor Vehicle in Transport,0,No,1,Non-Junction,1,Not an Intersection,0,None,,,1,On Roadway,1,Daylight,,,,,1,Clear,0,No,0000000,Not Applicable,16,4:00pm-4:59pm,21,21,16,4:00pm-4:59pm,29,29,16,4:00pm-4:59pm,38,38,,,,,,,1,0
2020,34,340403,New Jersey,1,1,0,0,0,1,1,7,CAMDEN (7),0,NOT APPLICABLE,1,1,10,October,2020,5,Thursday,10,10:00am-10:59am,55,55,1,This section IS ON the NHS,2,Urban,3,Principal Arterial - Other,1,State Highway Agency,3,State Highway,SR-168,LANDING RD,39,39,39.82429167,39.82429167,-75.067766670,-75.067766670,0,No Special Jurisdiction,33,Curb,0,The First Harmful Event was Not a Collision with a Motor Vehicle in Transport,0,No,3,Intersection-Related,2,Four-Way Intersection,0,None,,,4,On Roadside,1,Daylight,,,,,1,Clear,0,No,0000000,Not Applicable,10,10:00am-10:59am,58,58,11,11:00am-11:59am,2,2,11,11:00am-11:59am,53,53,,,,,,,1,0
2020,34,340404,New Jersey,1,1,0,1,1,4,4,9,CAPE MAY (9),0,NOT APPLICABLE,3,3,10,October,2020,7,Saturday,23,11:00pm-11:59pm,36,36,0,This section IS NOT on the NHS,2,Urban,4,Minor Arterial,1,State Highway Agency,3,State Highway,SR-47,5TH STREET,33,33,39.01116389,39.01116389,-74.870230560,-74.870230560,0,No Special Jurisdiction,8,Pedestrian,0,The First Harmful Event was Not a Collision with a Motor Vehicle in Transport,0,No,2,Intersection,2,Four-Way Intersection,0,None,,,1,On Roadway,2,Dark - Not Lighted,,,,,1,Clear,0,No,0000000,Not Applicable,23,11:00pm-11:59pm,37,37,23,11:00pm-11:59pm,42,42,88,"Not Applicable (Not Transported) ",88,Not Applicable (Not Transported),,,,,,,1,0
2020,34,340405,New Jersey,1,1,0,1,1,3,3,5,BURLINGTON (5),2081,MT LAUREL,1,1,10,October,2020,5,Thursday,21,9:00pm-9:59pm,17,17,1,This section IS ON the NHS,2,Urban,3,Principal Arterial - Other,1,State Highway Agency,3,State Highway,SR-38,LARCHMONT BLVD,113,113,39.97019444,39.97019444,-74.880566670,-74.880566670,0,No Special Jurisdiction,9,Pedalcyclist,0,The First Harmful Event was Not a Collision with a Motor Vehicle in Transport,0,No,2,Intersection,2,Four-Way Intersection,0,None,,,1,On Roadway,3,Dark - Lighted,,,,,2,Rain,0,No,0000000,Not Applicable,21,9:00pm-9:59pm,27,27,21,9:00pm-9:59pm,34,34,21,9:00pm-9:59pm,56,56,,,,,,,1,0
2020,34,340406,New Jersey,1,1,0,1,1,1,1,13,ESSEX (13),2320,NUTLEY,15,15,10,October,2020,5,Thursday,19,7:00pm-7:59pm,22,22,0,This section IS NOT on the NHS,2,Urban,4,Minor Arterial,4,City or Municipal Highway Agency,3,State Highway,"SR-7 ",,88,88,40.81995833,40.81995833,-74.141991670,-74.141991670,0,No Special Jurisdiction,8,Pedestrian,0,The First Harmful Event was Not a Collision with a Motor Vehicle in Transport,0,No,1,Non-Junction,1,Not an Intersection,0,None,,,1,On Roadway,3,Dark - Lighted,,,,,1,Clear,0,No,0000000,Not Applicable,99,Unknown,99,Unknown,99,Unknown EMS Scene Arrival Hour,99,Unknown EMS Scene Arrival Minutes,99,Unknown,99,Unknown EMS Hospital Arrival Time,,,,,,,1,0
2020,34,340407,New Jersey,1,1,0,1,1,1,1,19,HUNTERDON (19),1280,HAMPTON,2,2,10,October,2020,6,Friday,19,7:00pm-7:59pm,26,26,1,This section IS ON the NHS,2,Urban,3,Principal Arterial - Other,1,State Highway Agency,3,State Highway,SR-31,,384,384,40.71113333,40.71113333,-74.952791670,-74.952791670,0,No Special Jurisdiction,8,Pedestrian,0,The First Harmful Event was Not a Collision with a Motor Vehicle in Transport,0,No,1,Non-Junction,1,Not an Intersection,0,None,,,1,On Roadway,2,Dark - Not Lighted,,,,,1,Clear,0,No,0000000,Not Applicable,19,7:00pm-7:59pm,25,25,19,7:00pm-7:59pm,30,30,88,"Not Applicable (Not Transported) ",88,Not Applicable (Not Transported),,,,,,,1,0
2020,34,340408,New Jersey,1,1,0,1,1,1,1,13,ESSEX (13),2440,ORANGE,1,1,10,October,2020,5,Thursday,5,5:00am-5:59am,46,46,0,This section IS NOT on the NHS,2,Urban,4,Minor Arterial,2,County Highway Agency,4,County Road,CR-638 HIGH ST,CR-658 PARK AVE,49,49,40.77806111,40.77806111,-74.230038890,-74.230038890,0,No Special Jurisdiction,8,Pedestrian,0,The First Harmful Event was Not a Collision with a Motor Vehicle in Transport,0,No,3,Intersection-Related,2,Four-Way Intersection,0,None,,,1,On Roadway,4,Dawn,,,,,1,Clear,0,No,0000000,Not Applicable,5,5:00am-5:59am,49,49,5,5:00am-5:59am,56,56,6,6:00am-6:59am,11,11,,,,,,,1,0
2020,34,340409,New Jersey,1,1,0,1,1,3,3,27,MORRIS (27),1973,MINE HILL,6,6,10,October,2020,3,Tuesday,18,6:00pm-6:59pm,46,46,0,This section IS NOT on the NHS,2,Urban,5,Major Collector,2,County Highway Agency,4,County Road,CR-662 W RANDOLPH AVE,,2,2,40.87075833,40.87075833,-74.602483330,-74.602483330,0,No Special Jurisdiction,8,Pedestrian,0,The First Harmful Event was Not a Collision with a Motor Vehicle in Transport,0,No,1,Non-Junction,1,Not an Intersection,0,None,,,1,On Roadway,5,Dusk,,,,,1,Clear,0,No,0000000,Not Applicable,18,6:00pm-6:59pm,50,50,18,6:00pm-6:59pm,55,55,88,"Not Applicable (Not Transported) ",88,Not Applicable (Not Transported),,,,,,,1,0
2020,34,340410,New Jersey,3,3,0,0,0,3,3,23,MIDDLESEX (23),844,EDISON,13,13,10,October,2020,3,Tuesday,16,4:00pm-4:59pm,58,58,1,This section IS ON the NHS,2,Urban,2,Principal Arterial - Other Freeways and Expressways,1,State Highway Agency,3,State Highway,SR-440 RAMP,,2,2,40.52729167,40.52729167,-74.333672220,-74.333672220,0,No Special Jurisdiction,12,Motor Vehicle In-Transport,2,Front-to-Front,1,Yes,20,Entrance/Exit Ramp,1,Not an Intersection,0,None,,,1,On Roadway,1,Daylight,,,,,1,Clear,0,No,0000000,Not Applicable,99,Unknown,99,Unknown,99,Unknown EMS Scene Arrival Hour,99,Unknown EMS Scene Arrival Minutes,88,"Not Applicable (Not Transported) ",88,Not Applicable (Not Transported),,,,,,,1,1
2020,34,340411,New Jersey,5,2,3,0,0,2,2,13,ESSEX (13),2130,NEWARK,15,15,10,October,2020,5,Thursday,21,9:00pm-9:59pm,47,47,0,This section IS NOT on the NHS,2,Urban,7,Local,4,City or Municipal Highway Agency,6,Local Street - Municipality,PENNSYLVANIA AVE,EMMET ST,0,None,40.72111111,40.72111111,-74.182419440,-74.182419440,0,No Special Jurisdiction,12,Motor Vehicle In-Transport,6,Angle,0,No,2,Intersection,2,Four-Way Intersection,0,None,,,1,On Roadway,3,Dark - Lighted,,,,,1,Clear,0,No,0000000,Not Applicable,21,9:00pm-9:59pm,55,55,22,10:00pm-10:59pm,1,1,22,10:00pm-10:59pm,15,15,,,,,,,1,0
2020,34,340412,New Jersey,2,2,0,0,0,2,2,15,GLOUCESTER (15),0,NOT APPLICABLE,21,21,10,October,2020,4,Wednesday,17,5:00pm-5:59pm,14,14,1,This section IS ON the NHS,2,Urban,3,Principal Arterial - Other,1,State Highway Agency,2,U.S. Highway,US-322,CORKERY LANE,262,262,39.66786389,39.66786389,-74.972044440,-74.972044440,0,No Special Jurisdiction,12,Motor Vehicle In-Transport,2,Front-to-Front,0,No,2,Intersection,2,Four-Way Intersection,0,None,,,1,On Roadway,1,Daylight,,,,,1,Clear,0,No,0000000,Not Applicable,17,5:00pm-5:59pm,30,30,17,5:00pm-5:59pm,42,42,17,5:00pm-5:59pm,57,57,,,,,,,1,0
2020,34,340413,New Jersey,2,2,0,0,0,4,4,13,ESSEX (13),2130,NEWARK,1,1,10,October,2020,5,Thursday,2,2:00am-2:59am,25,25,1,This section IS ON the NHS,2,Urban,3,Principal Arterial - Other,1,State Highway Agency,3,State Highway,SR-21,,19,19,40.73164167,40.73164167,-74.167616670,-74.167616670,0,No Special Jurisdiction,12,Motor Vehicle In-Transport,1,Front-to-Rear,0,No,1,Non-Junction,1,Not an Intersection,0,None,,,1,On Roadway,3,Dark - Lighted,,,,,1,Clear,0,No,0000000,Not Applicable,2,2:00am-2:59am,28,28,2,2:00am-2:59am,34,34,2,2:00am-2:59am,59,59,,,,,,,2,0
2020,34,340414,New Jersey,1,1,0,0,0,3,3,1,ATLANTIC (1),851,EGG HARBOR TOWNSHIP,20,20,9,September,2020,1,Sunday,16,4:00pm-4:59pm,48,48,1,This section IS ON the NHS,2,Urban,2,Principal Arterial - Other Freeways and Expressways,31,State Toll Road,8,Other,444 GARDEN STATE PARKWAY,,381,381,39.43683889,39.43683889,-74.539405560,-74.539405560,0,No Special Jurisdiction,42,Tree (Standing Only),0,The First Harmful Event was Not a Collision with a Motor Vehicle in Transport,0,No,1,Non-Junction,1,Not an Intersection,0,None,,,3,On Median,1,Daylight,,,,,1,Clear,0,No,0000000,Not Applicable,16,4:00pm-4:59pm,54,54,16,4:00pm-4:59pm,58,58,17,5:00pm-5:59pm,19,19,,,,,,,1,0
2020,34,340415,New Jersey,3,3,0,1,1,7,7,3,BERGEN (3),2480,PARAMUS,10,10,10,October,2020,7,Saturday,5,5:00am-5:59am,44,44,1,This section IS ON the NHS,2,Urban,2,Principal Arterial - Other Freeways and Expressways,1,State Highway Agency,3,State Highway,SR-17,,161,161,40.97427778,40.97427778,-74.081180560,-74.081180560,0,No Special Jurisdiction,8,Pedestrian,0,The First Harmful Event was Not a Collision with a Motor Vehicle in Transport,0,No,1,Non-Junction,1,Not an Intersection,0,None,,,1,On Roadway,3,Dark - Lighted,,,,,1,Clear,0,No,0000000,Not Applicable,99,Unknown,99,Unknown,99,Unknown EMS Scene Arrival Hour,99,Unknown EMS Scene Arrival Minutes,88,"Not Applicable (Not Transported) ",88,Not Applicable (Not Transported),,,,,,,1,0
2020,34,340416,New Jersey,3,3,0,0,0,3,3,23,MIDDLESEX (23),3705,WOODBRIDGE,30,30,10,October,2020,6,Friday,10,10:00am-10:59am,35,35,1,This section IS ON the NHS,2,Urban,3,Principal Arterial - Other,1,State Highway Agency,3,State Highway,SR-35,REMSEN AVE,567,567,40.57468611,40.57468611,-74.294161110,-74.294161110,0,No Special Jurisdiction,12,Motor Vehicle In-Transport,1,Front-to-Rear,0,No,3,Intersection-Related,2,Four-Way Intersection,0,None,,,1,On Roadway,1,Daylight,,,,,2,Rain,0,No,0000000,Not Applicable,10,10:00am-10:59am,38,38,10,10:00am-10:59am,42,42,11,11:00am-11:59am,2,2,,,,,,,1,0
2020,34,340417,New Jersey,2,2,0,0,0,2,2,5,BURLINGTON (5),0,NOT APPLICABLE,11,11,10,October,2020,1,Sunday,22,10:00pm-10:59pm,52,52,1,This section IS ON the NHS,2,Urban,3,Principal Arterial - Other,1,State Highway Agency,3,State Highway,SR-70,,260,260,39.90050278,39.90050278,-74.591108330,-74.591108330,0,No Special Jurisdiction,12,Motor Vehicle In-Transport,1,Front-to-Rear,0,No,1,Non-Junction,1,Not an Intersection,0,None,,,1,On Roadway,2,Dark - Not Lighted,,,,,2,Rain,0,No,0000000,Not Applicable,99,Unknown,99,Unknown,99,Unknown EMS Scene Arrival Hour,99,Unknown EMS Scene Arrival Minutes,99,Unknown,99,Unknown EMS Hospital Arrival Time,,,,,,,1,1
2020,34,340418,New Jersey,1,1,0,1,1,1,1,23,MIDDLESEX (23),2140,NEW BRUNSWICK,28,28,10,October,2020,4,Wednesday,19,7:00pm-7:59pm,26,26,0,This section IS NOT on the NHS,2,Urban,4,Minor Arterial,2,County Highway Agency,4,County Road,CR-691 LIVINGSTON AVE,WELTON ST,12,12,40.49130833,40.49130833,-74.446244440,-74.446244440,0,No Special Jurisdiction,8,Pedestrian,0,The First Harmful Event was Not a Collision with a Motor Vehicle in Transport,0,No,3,Intersection-Related,2,Four-Way Intersection,0,None,,,1,On Roadway,3,Dark - Lighted,,,,,1,Clear,0,No,0000000,Not Applicable,19,7:00pm-7:59pm,27,27,19,7:00pm-7:59pm,29,29,19,7:00pm-7:59pm,34,34,,,,,,,1,0
2020,34,340419,New Jersey,1,1,0,0,0,1,1,25,MONMOUTH (25),3475,WALL TOWNSHIP,22,22,10,October,2020,5,Thursday,20,8:00pm-8:59pm,54,54,1,This section IS ON the NHS,2,Urban,3,Principal Arterial - Other,1,State Highway Agency,3,State Highway,SR-35,ATLANTIC AVE,172,172,40.13309167,40.13309167,-74.065033330,-74.065033330,0,No Special Jurisdiction,42,Tree (Standing Only),0,The First Harmful Event was Not a Collision with a Motor Vehicle in Transport,0,No,3,Intersection-Related,5,Traffic Circle,0,None,,,5,Outside Trafficway,3,Dark - Lighted,,,,,5,"Fog, Smog, Smoke",0,No,0000000,Not Applicable,20,8:00pm-8:59pm,56,56,20,8:00pm-8:59pm,59,59,21,9:00pm-9:59pm,43,43,,,,,,,1,1
2020,34,340420,New Jersey,2,2,0,0,0,3,3,31,PASSAIC (31),1250,HALEDON,24,24,10,October,2020,7,Saturday,23,11:00pm-11:59pm,57,57,0,This section IS NOT on the NHS,2,Urban,4,Minor Arterial,2,County Highway Agency,4,County Road,CR-675 BELMONT AVE,,5,5,40.93092500,40.93092500,-74.183691670,-74.183691670,0,No Special Jurisdiction,12,Motor Vehicle In-Transport,2,Front-to-Front,0,No,1,Non-Junction,1,Not an Intersection,0,None,,,1,On Roadway,3,Dark - Lighted,,,,,1,Clear,0,No,0000000,Not Applicable,99,Unknown,99,Unknown,99,Unknown EMS Scene Arrival Hour,99,Unknown EMS Scene Arrival Minutes,99,Unknown,99,Unknown EMS Hospital Arrival Time,,,,,,,2,1
2020,34,340421,New Jersey,1,1,0,1,1,1,1,39,UNION (39),2900,ROSELLE,27,27,10,October,2020,3,Tuesday,19,7:00pm-7:59pm,9,9,1,This section IS ON the NHS,2,Urban,3,Principal Arterial - Other,1,State Highway Agency,3,State Highway,SR-27,HARRISON AVE,319,319,40.64791944,40.64791944,-74.247208330,-74.247208330,0,No Special Jurisdiction,8,Pedestrian,0,The First Harmful Event was Not a Collision with a Motor Vehicle in Transport,0,No,3,Intersection-Related,3,T-Intersection,0,None,,,1,On Roadway,3,Dark - Lighted,,,,,1,Clear,0,No,0000000,Not Applicable,19,7:00pm-7:59pm,19,19,19,7:00pm-7:59pm,22,22,19,7:00pm-7:59pm,55,55,,,,,,,1,0
2020,34,340422,New Jersey,2,2,0,0,0,2,2,25,MONMOUTH (25),1465,HOWELL,18,18,10,October,2020,1,Sunday,12,12:00pm-12:59pm,51,51,0,This section IS NOT on the NHS,2,Urban,5,Major Collector,4,City or Municipal Highway Agency,6,Local Street - Municipality,WEST FARMS RD,CASINO DR,0,None,40.19196111,40.19196111,-74.201125000,-74.201125000,0,No Special Jurisdiction,12,Motor Vehicle In-Transport,6,Angle,0,No,2,Intersection,2,Four-Way Intersection,0,None,,,1,On Roadway,1,Daylight,,,,,1,Clear,0,No,0000000,Not Applicable,12,12:00pm-12:59pm,54,54,13,1:00pm-1:59pm,8,8,13,1:00pm-1:59pm,34,34,,,,,,,1,0
2020,34,340423,New Jersey,1,1,0,1,1,2,2,23,MIDDLESEX (23),2970,SAYREVILLE,23,23,10,October,2020,6,Friday,15,3:00pm-3:59pm,33,33,0,This section IS NOT on the NHS,6,Trafficway Not in State Inventory,96,Trafficway Not in State Inventory,96,Trafficway Not in State Inventory,8,Other,SKYTOP GARDENS,,0,None,40.45217222,40.45217222,-74.289958330,-74.289958330,0,No Special Jurisdiction,9,Pedalcyclist,0,The First Harmful Event was Not a Collision with a Motor Vehicle in Transport,0,No,1,Non-Junction,1,Not an Intersection,0,None,,,1,On Roadway,1,Daylight,,,,,1,Clear,0,No,0000000,Not Applicable,15,3:00pm-3:59pm,48,48,16,4:00pm-4:59pm,2,2,16,4:00pm-4:59pm,44,44,,,,,,,1,0
2020,34,340424,New Jersey,1,1,0,1,1,1,1,23,MIDDLESEX (23),844,EDISON,26,26,10,October,2020,2,Monday,3,3:00am-3:59am,7,7,1,This section IS ON the NHS,2,Urban,1,Interstate,31,State Toll Road,1,Interstate,I-95,,393,393,40.49246944,40.49246944,-74.391255560,-74.391255560,0,No Special Jurisdiction,8,Pedestrian,0,The First Harmful Event was Not a Collision with a Motor Vehicle in Transport,0,No,1,Non-Junction,1,Not an Intersection,0,None,,,1,On Roadway,2,Dark - Not Lighted,,,,,2,Rain,0,No,0000000,Not Applicable,3,3:00am-3:59am,19,19,3,3:00am-3:59am,40,40,88,"Not Applicable (Not Transported) ",88,Not Applicable (Not Transported),,,,,,,1,0
2020,34,340425,New Jersey,1,1,0,0,0,2,2,15,GLOUCESTER (15),0,NOT APPLICABLE,3,3,10,October,2020,7,Saturday,22,10:00pm-10:59pm,40,40,0,This section IS NOT on the NHS,2,Urban,5,Major Collector,2,County Highway Agency,4,County Road,CR-538 FRANKLINVILLE RD,,42,42,39.71144167,39.71144167,-75.244188890,-75.244188890,0,No Special Jurisdiction,30,Utility Pole/Light Support,0,The First Harmful Event was Not a Collision with a Motor Vehicle in Transport,0,No,1,Non-Junction,1,Not an Intersection,0,None,,,4,On Roadside,2,Dark - Not Lighted,,,,,1,Clear,0,No,0000000,Not Applicable,22,10:00pm-10:59pm,42,42,22,10:00pm-10:59pm,47,47,88,"Not Applicable (Not Transported) ",88,Not Applicable (Not Transported),,,,,,,2,1
2020,34,340426,New Jersey,1,1,0,0,0,1,1,29,OCEAN (29),0,NOT APPLICABLE,25,25,10,October,2020,1,Sunday,5,5:00am-5:59am,10,10,1,This section IS ON the NHS,2,Urban,3,Principal Arterial - Other,1,State Highway Agency,2,U.S. Highway,US-9,,814,814,39.83653333,39.83653333,-74.193725000,-74.193725000,0,No Special Jurisdiction,33,Curb,0,The First Harmful Event was Not a Collision with a Motor Vehicle in Transport,0,No,1,Non-Junction,1,Not an Intersection,0,None,,,4,On Roadside,3,Dark - Lighted,,,,,1,Clear,0,No,0000000,Not Applicable,99,Unknown,99,Unknown,99,Unknown EMS Scene Arrival Hour,99,Unknown EMS Scene Arrival Minutes,99,Unknown,99,Unknown EMS Hospital Arrival Time,,,,,,,1,1