caseyear,state,st_case,statename,ve_total,ve_forms,pvh_invl,peds,pernotmvit,permvit,persons,county,countyname,city,cityname,day,dayname,month,monthname,year,day_week,day_weekname,hour,hourname,minute,minutename,nhs,nhsname,rur_urb,rur_urbname,func_sys,func_sysname,rd_owner,rd_ownername,route,routename,tway_id,tway_id2,milept,mileptname,latitude,latitudename,longitud,longitudname,sp_jur,sp_jurname,harm_ev,harm_evname,man_coll,man_collname,reljct1,reljct1name,reljct2,reljct2name,typ_int,typ_intname,wrk_zone,wrk_zonename,road_fnc,road_fncname,rel_road,rel_roadname,lgt_cond,lgt_condname,weather1,weather1name,weather2,weather2name,weather,weathername,sch_bus,sch_busname,rail,railname,not_hour,not_hourname,not_min,not_minname,arr_hour,arr_hourname,arr_min,arr_minname,hosp_hr,hosp_hrname,hosp_mn,hosp_mnname,cf1,cf1name,cf2,cf2name,cf3,cf3name,fatals,drunk_dr
2020,34,340427,New Jersey,1,1,0,1,1,1,1,5,BURLINGTON (5),2080,MT HOLLY,16,16,10,October,2020,6,Friday,5,5:00am-5:59am,46,46,1,This section IS ON the NHS,2,Urban,3,Principal Arterial - Other,1,State Highway Agency,3,State Highway,SR-38,PINE STREET,165,165,39.98244444,39.98244444,-74.781127780,-74.781127780,0,No Special Jurisdiction,8,Pedestrian,0,The First Harmful Event was Not a Collision with a Motor Vehicle in Transport,0,No,3,Intersection-Related,2,Four-Way Intersection,0,None,,,1,On Roadway,3,Dark - Lighted,,,,,1,Clear,0,No,0000000,Not Applicable,5,5:00am-5:59am,48,48,99,Unknown EMS Scene Arrival Hour,97,Officially Cancelled,99,Unknown,97,Officially Canceled,,,,,,,1,0
2020,34,340428,New Jersey,1,1,0,0,0,1,1,11,CUMBERLAND (11),420,BRIDGETON,29,29,10,October,2020,5,Thursday,2,2:00am-2:59am,48,48,0,This section IS NOT on the NHS,2,Urban,4,Minor Arterial,1,State Highway Agency,3,State Highway,SR-77,,5,5,39.43488611,39.43488611,-75.229383330,-75.229383330,0,No Special Jurisdiction,33,Curb,0,The First Harmful Event was Not a Collision with a Motor Vehicle in Transport,0,No,1,Non-Junction,1,Not an Intersection,0,None,,,4,On Roadside,2,Dark - Not Lighted,,,,,10,Cloudy,0,No,0000000,Not Applicable,2,2:00am-2:59am,47,47,2,2:00am-2:59am,51,51,88,"Not Applicable (Not Transported) ",88,Not Applicable (Not Transported),,,,,,,1,1
2020,34,340429,New Jersey,3,3,0,0,0,3,3,29,OCEAN (29),1590,LAKEWOOD,21,21,10,October,2020,4,Wednesday,20,8:00pm-8:59pm,19,19,0,This section IS NOT on the NHS,2,Urban,5,Major Collector,2,County Highway Agency,4,County Road,CR-637 MASSACHUSETTS AVE,,19,19,40.06014444,40.06014444,-74.229408330,-74.229408330,0,No Special Jurisdiction,12,Motor Vehicle In-Transport,7,Sideswipe - Same Direction,0,No,1,Non-Junction,1,Not an Intersection,0,None,,,1,On Roadway,3,Dark - Lighted,,,,,1,Clear,0,No,0000000,Not Applicable,20,8:00pm-8:59pm,21,21,20,8:00pm-8:59pm,26,26,20,8:00pm-8:59pm,55,55,,,,,,,1,0
2020,34,340430,New Jersey,3,3,0,0,0,3,3,21,MERCER (21),1265,HAMILTON TOWNSHIP,26,26,10,October,2020,2,Monday,22,10:00pm-10:59pm,18,18,1,This section IS ON the NHS,2,Urban,2,Principal Arterial - Other Freeways and Expressways,1,State Highway Agency,3,State Highway,SR-29,,10,10,40.18532222,40.18532222,-74.739011110,-74.739011110,0,No Special Jurisdiction,12,Motor Vehicle In-Transport,8,Sideswipe - Opposite Direction,0,No,1,Non-Junction,1,Not an Intersection,0,None,,,1,On Roadway,2,Dark - Not Lighted,,,,,5,"Fog, Smog, Smoke",0,No,0000000,Not Applicable,22,10:00pm-10:59pm,19,19,22,10:00pm-10:59pm,33,33,22,10:00pm-10:59pm,44,44,,,,,,,1,1
2020,34,340431,New Jersey,2,1,1,1,1,1,1,13,ESSEX (13),2130,NEWARK,7,7,11,November,2020,7,Saturday,18,6:00pm-6:59pm,15,15,0,This section IS NOT on the NHS,2,Urban,4,Minor Arterial,2,County Highway Agency,4,County Road,CR-602 LYONS AVE,,17,17,40.71037222,40.71037222,-74.214458330,-74.214458330,0,No Special Jurisdiction,8,Pedestrian,0,The First Harmful Event was Not a Collision with a Motor Vehicle in Transport,0,No,1,Non-Junction,1,Not an Intersection,0,None,,,1,On Roadway,3,Dark - Lighted,,,,,1,Clear,0,No,0000000,Not Applicable,99,Unknown,99,Unknown,99,Unknown EMS Scene Arrival Hour,99,Unknown EMS Scene Arrival Minutes,99,Unknown,99,Unknown EMS Hospital Arrival Time,,,,,,,1,0
2020,34,340432,New Jersey,1,1,0,1,1,1,1,13,ESSEX (13),2130,NEWARK,6,6,11,November,2020,6,Friday,19,7:00pm-7:59pm,30,30,0,This section IS NOT on the NHS,2,Urban,7,Local,4,City or Municipal Highway Agency,6,Local Street - Municipality,MADISON AVE,,0,None,40.72513889,40.72513889,-74.208175000,-74.208175000,0,No Special Jurisdiction,9,Pedalcyclist,0,The First Harmful Event was Not a Collision with a Motor Vehicle in Transport,0,No,1,Non-Junction,1,Not an Intersection,0,None,,,1,On Roadway,3,Dark - Lighted,,,,,1,Clear,0,No,0000000,Not Applicable,19,7:00pm-7:59pm,15,15,19,7:00pm-7:59pm,31,31,19,7:00pm-7:59pm,38,38,,,,,,,1,0
2020,34,340433,New Jersey,1,1,0,0,0,1,1,39,UNION (39),860,ELIZABETH,9,9,11,November,2020,2,Monday,9,9:00am-9:59am,10,10,1,This section IS ON the NHS,2,Urban,1,Interstate,31,State Toll Road,1,Interstate,I-95,,562,562,40.66468333,40.66468333,-74.181141670,-74.181141670,0,No Special Jurisdiction,25,Concrete Traffic Barrier,0,The First Harmful Event was Not a Collision with a Motor Vehicle in Transport,1,Yes,5,Entrance/Exit Ramp Related,1,Not an Intersection,0,None,,,4,On Roadside,1,Daylight,,,,,1,Clear,0,No,0000000,Not Applicable,9,9:00am-9:59am,20,20,9,9:00am-9:59am,28,28,88,"Not Applicable (Not Transported) ",88,Not Applicable (Not Transported),,,,,,,1,0
2020,34,340434,New Jersey,1,1,0,0,0,1,1,19,HUNTERDON (19),1660,LEBANON,1,1,11,November,2020,1,Sunday,18,6:00pm-6:59pm,46,46,0,This section IS NOT on the NHS,1,Rural,5,Major Collector,2,County Highway Agency,4,County Road,CR-513,,195,195,40.71880833,40.71880833,-74.853600000,-74.853600000,0,No Special Jurisdiction,30,Utility Pole/Light Support,0,The First Harmful Event was Not a Collision with a Motor Vehicle in Transport,0,No,1,Non-Junction,1,Not an Intersection,0,None,,,4,On Roadside,2,Dark - Not Lighted,,,,,1,Clear,0,No,0000000,Not Applicable,18,6:00pm-6:59pm,49,49,19,7:00pm-7:59pm,4,4,88,"Not Applicable (Not Transported) ",88,Not Applicable (Not Transported),,,,,,,1,1
2020,34,340435,New Jersey,1,1,0,1,1,1,1,15,GLOUCESTER (15),0,NOT APPLICABLE,30,30,11,November,2020,2,Monday,17,5:00pm-5:59pm,15,15,1,This section IS ON the NHS,2,Urban,3,Principal Arterial - Other,1,State Highway Agency,2,U.S. Highway,US-322,,246,246,39.68768333,39.68768333,-74.991088890,-74.991088890,0,No Special Jurisdiction,8,Pedestrian,0,The First Harmful Event was Not a Collision with a Motor Vehicle in Transport,0,No,1,Non-Junction,1,Not an Intersection,0,None,,,1,On Roadway,3,Dark - Lighted,,,,,2,Rain,0,No,0000000,Not Applicable,17,5:00pm-5:59pm,16,16,17,5:00pm-5:59pm,27,27,88,"Not Applicable (Not Transported) ",88,Not Applicable (Not Transported),,,,,,,1,0
2020,34,340436,New Jersey,1,1,0,1,1,1,1,17,HUDSON (17),1520,JERSEY CITY,22,22,11,November,2020,1,Sunday,17,5:00pm-5:59pm,2,2,1,This section IS ON the NHS,2,Urban,3,Principal Arterial - Other,2,County Highway Agency,4,County Road,CR-501 KENNEDY BLVD,CHARLES ST,320,320,40.75039167,40.75039167,-74.054441670,-74.054441670,0,No Special Jurisdiction,8,Pedestrian,0,The First Harmful Event was Not a Collision with a Motor Vehicle in Transport,0,No,3,Intersection-Related,3,T-Intersection,0,None,,,1,On Roadway,3,Dark - Lighted,,,,,1,Clear,0,No,0000000,Not Applicable,99,Unknown,99,Unknown,99,Unknown EMS Scene Arrival Hour,99,Unknown EMS Scene Arrival Minutes,99,Unknown,99,Unknown EMS Hospital Arrival Time,,,,,,,1,0
2020,34,340437,New Jersey,3,3,0,0,0,3,3,3,BERGEN (3),950,FAIR LAWN,23,23,11,November,2020,2,Monday,18,6:00pm-6:59pm,23,23,0,This section IS NOT on the NHS,2,Urban,4,Minor Arterial,2,County Highway Agency,4,County Road,CR-79 SADDLE RIVER RD,CR-76 FAIR LAWN AVE,39,39,40.94441944,40.94441944,-74.100547220,-74.100547220,0,No Special Jurisdiction,33,Curb,0,The First Harmful Event was Not a Collision with a Motor Vehicle in Transport,0,No,3,Intersection-Related,2,Four-Way Intersection,0,None,,,4,On Roadside,3,Dark - Lighted,,,,,1,Clear,0,No,0000000,Not Applicable,18,6:00pm-6:59pm,40,40,18,6:00pm-6:59pm,43,43,88,"Not Applicable (Not Transported) ",88,Not Applicable (Not Transported),,,,,,,1,0
2020,34,340438,New Jersey,1,1,0,1,1,2,2,35,SOMERSET (35),3520,WATCHUNG,3,3,4,April,2020,6,Friday,10,10:00am-10:59am,5,5,1,This section IS ON the NHS,2,Urban,1,Interstate,1,State Highway Agency,1,Interstate,I-78,,424,424,40.66255000,40.66255000,-74.429094440,-74.429094440,0,No Special Jurisdiction,8,Pedestrian,0,The First Harmful Event was Not a Collision with a Motor Vehicle in Transport,0,No,1,Non-Junction,1,Not an Intersection,0,None,,,1,On Roadway,1,Daylight,,,,,1,Clear,0,No,0000000,Not Applicable,10,10:00am-10:59am,11,11,99,Unknown EMS Scene Arrival Hour,99,Unknown EMS Scene Arrival Minutes,99,Unknown,99,Unknown EMS Hospital Arrival Time,,,,,,,1,0
2020,34,340439,New Jersey,6,3,3,0,0,4,4,25,MONMOUTH (25),1832,MARLBORO,10,10,8,August,2020,2,Monday,13,1:00pm-1:59pm,11,11,1,This section IS ON the NHS,2,Urban,3,Principal Arterial - Other,1,State Highway Agency,2,U.S. Highway,US-9,,1195,1195,40.33470833,40.33470833,-74.306836110,-74.306836110,0,No Special Jurisdiction,33,Curb,0,The First Harmful Event was Not a Collision with a Motor Vehicle in Transport,0,No,1,Non-Junction,1,Not an Intersection,0,None,,,4,On Roadside,1,Daylight,,,,,1,Clear,0,No,0000000,Not Applicable,13,1:00pm-1:59pm,7,7,13,1:00pm-1:59pm,28,28,88,"Not Applicable (Not Transported) ",88,Not Applicable (Not Transported),,,,,,,1,0
2020,34,340440,New Jersey,2,2,0,0,0,4,4,11,CUMBERLAND (11),0,NOT APPLICABLE,18,18,9,September,2020,6,Friday,21,9:00pm-9:59pm,0,0,0,This section IS NOT on the NHS,2,Urban,4,Minor Arterial,1,State Highway Agency,3,State Highway,SR-56,MCCORMICK BLVD,3,3,39.46450833,39.46450833,-75.202600000,-75.202600000,0,No Special Jurisdiction,12,Motor Vehicle In-Transport,6,Angle,0,No,2,Intersection,3,T-Intersection,0,None,,,1,On Roadway,3,Dark - Lighted,,,,,1,Clear,0,No,0000000,Not Applicable,20,8:00pm-8:59pm,58,58,21,9:00pm-9:59pm,12,12,21,9:00pm-9:59pm,30,30,,,,,,,1,0
2020,34,340441,New Jersey,1,1,0,1,1,1,1,17,HUDSON (17),3410,UNION CITY,16,16,11,November,2020,2,Monday,22,10:00pm-10:59pm,56,56,0,This section IS NOT on the NHS,2,Urban,5,Major Collector,4,City or Municipal Highway Agency,6,Local Street - Municipality,BERGENLINE AVE,48TH ST,0,None,40.78161667,40.78161667,-74.021700000,-74.021700000,0,No Special Jurisdiction,9,Pedalcyclist,0,The First Harmful Event was Not a Collision with a Motor Vehicle in Transport,0,No,3,Intersection-Related,2,Four-Way Intersection,0,None,,,1,On Roadway,3,Dark - Lighted,,,,,1,Clear,0,No,0000000,Not Applicable,22,10:00pm-10:59pm,59,59,23,11:00pm-11:59pm,5,5,23,11:00pm-11:59pm,34,34,,,,,,,1,0
2020,34,340442,New Jersey,1,1,0,1,1,1,1,23,MIDDLESEX (23),2140,NEW BRUNSWICK,30,30,9,September,2020,4,Wednesday,20,8:00pm-8:59pm,39,39,1,This section IS ON the NHS,2,Urban,3,Principal Arterial - Other,1,State Highway Agency,3,State Highway,SR-27,MILLSTONE RD,142,142,40.48381111,40.48381111,-74.478766670,-74.478766670,0,No Special Jurisdiction,8,Pedestrian,0,The First Harmful Event was Not a Collision with a Motor Vehicle in Transport,0,No,3,Intersection-Related,3,T-Intersection,0,None,,,1,On Roadway,3,Dark - Lighted,,,,,1,Clear,0,No,0000000,Not Applicable,99,Unknown,99,Unknown,99,Unknown EMS Scene Arrival Hour,99,Unknown EMS Scene Arrival Minutes,99,Unknown,99,Unknown EMS Hospital Arrival Time,,,,,,,1,0
2020,34,340443,New Jersey,3,3,0,0,0,3,3,23,MIDDLESEX (23),2140,NEW BRUNSWICK,1,1,10,October,2020,5,Thursday,23,11:00pm-11:59pm,29,29,1,This section IS ON the NHS,2,Urban,3,Principal Arterial - Other,1,State Highway Agency,2,U.S. Highway,US-1,,279,279,40.49186111,40.49186111,-74.413455560,-74.413455560,0,No Special Jurisdiction,12,Motor Vehicle In-Transport,1,Front-to-Rear,0,No,1,Non-Junction,1,Not an Intersection,0,None,,,1,On Roadway,3,Dark - Lighted,,,,,2,Rain,0,No,0000000,Not Applicable,23,11:00pm-11:59pm,31,31,23,11:00pm-11:59pm,39,39,0,0:00am-0:59am,2,2,,,,,,,1,1
2020,34,340444,New Jersey,1,1,0,1,1,1,1,23,MIDDLESEX (23),2582,PISCATAWAY,16,16,10,October,2020,6,Friday,6,6:00am-6:59am,52,52,1,This section IS ON the NHS,2,Urban,3,Principal Arterial - Other,2,County Highway Agency,4,County Road,CR-529 STELTON RD,,34,34,40.54411667,40.54411667,-74.425502780,-74.425502780,0,No Special Jurisdiction,8,Pedestrian,0,The First Harmful Event was Not a Collision with a Motor Vehicle in Transport,0,No,1,Non-Junction,1,Not an Intersection,0,None,,,1,On Roadway,4,Dawn,,,,,10,Cloudy,0,No,0000000,Not Applicable,6,6:00am-6:59am,54,54,7,7:00am-7:59am,3,3,88,"Not Applicable (Not Transported) ",88,Not Applicable (Not Transported),,,,,,,1,0
2020,34,340445,New Jersey,2,2,0,0,0,2,2,23,MIDDLESEX (23),2417,OLD BRIDGE,8,8,10,October,2020,5,Thursday,1,1:00am-1:59am,49,49,1,This section IS ON the NHS,2,Urban,3,Principal Arterial - Other,1,State Highway Agency,2,U.S. Highway,US-9,,1259,1259,40.42269167,40.42269167,-74.304141670,-74.304141670,0,No Special Jurisdiction,12,Motor Vehicle In-Transport,1,Front-to-Rear,0,No,1,Non-Junction,1,Not an Intersection,0,None,,,1,On Roadway,3,Dark - Lighted,,,,,1,Clear,0,No,0000000,Not Applicable,99,Unknown,99,Unknown,99,Unknown EMS Scene Arrival Hour,99,Unknown EMS Scene Arrival Minutes,99,Unknown,99,Unknown EMS Hospital Arrival Time,,,,,,,1,1
2020,34,340446,New Jersey,2,2,0,0,0,2,2,25,MONMOUTH (25),2110,NEPTUNE CITY,25,25,10,October,2020,1,Sunday,2,2:00am-2:59am,1,1,1,This section IS ON the NHS,2,Urban,3,Principal Arterial - Other,1,State Highway Agency,3,State Highway,SR-35,,222,222,40.19281944,40.19281944,-74.023963890,-74.023963890,0,No Special Jurisdiction,12,Motor Vehicle In-Transport,2,Front-to-Front,0,No,1,Non-Junction,1,Not an Intersection,0,None,,,1,On Roadway,3,Dark - Lighted,,,,,1,Clear,0,No,0000000,Not Applicable,2,2:00am-2:59am,2,2,2,2:00am-2:59am,11,11,2,2:00am-2:59am,55,55,,,,,,,1,1
2020,34,340447,New Jersey,2,2,0,0,0,4,4,1,ATLANTIC (1),851,EGG HARBOR TOWNSHIP,19,19,6,June,2020,6,Friday,17,5:00pm-5:59pm,29,29,0,This section IS NOT on the NHS,2,Urban,4,Minor Arterial,2,County Highway Agency,4,County Road,CR-646 DELILAH RD,,12,12,39.43658333,39.43658333,-74.598163890,-74.598163890,0,No Special Jurisdiction,12,Motor Vehicle In-Transport,2,Front-to-Front,0,No,1,Non-Junction,1,Not an Intersection,0,None,,,1,On Roadway,1,Daylight,,,,,1,Clear,0,No,0000000,Not Applicable,17,5:00pm-5:59pm,34,34,17,5:00pm-5:59pm,40,40,99,Unknown,99,Unknown EMS Hospital Arrival Time,,,,,,,1,0
2020,34,340448,New Jersey,2,2,0,2,2,1,1,31,PASSAIC (31),2500,PASSAIC,2,2,10,October,2020,6,Friday,22,10:00pm-10:59pm,26,26,1,This section IS ON the NHS,2,Urban,2,Principal Arterial - Other Freeways and Expressways,1,State Highway Agency,3,State Highway,SR-21,,114,114,40.84961111,40.84961111,-74.121250000,-74.121250000,0,No Special Jurisdiction,12,Motor Vehicle In-Transport,1,Front-to-Rear,0,No,1,Non-Junction,1,Not an Intersection,0,None,,,1,On Roadway,3,Dark - Lighted,,,,,1,Clear,0,No,0000000,Not Applicable,22,10:00pm-10:59pm,32,32,22,10:00pm-10:59pm,40,40,23,11:00pm-11:59pm,14,14,,,,,,,1,0
2020,34,340449,New Jersey,2,2,0,0,0,3,3,29,OCEAN (29),416,BRICK TOWN,10,10,10,October,2020,7,Saturday,15,3:00pm-3:59pm,36,36,1,This section IS ON the NHS,2,Urban,3,Principal Arterial - Other,2,County Highway Agency,4,County Road,CR-549 BRICK BLVD,,69,69,40.03138333,40.03138333,-74.143347220,-74.143347220,0,No Special Jurisdiction,12,Motor Vehicle In-Transport,1,Front-to-Rear,0,No,1,Non-Junction,1,Not an Intersection,0,None,,,1,On Roadway,1,Daylight,,,,,1,Clear,0,No,0000000,Not Applicable,15,3:00pm-3:59pm,40,40,15,3:00pm-3:59pm,45,45,16,4:00pm-4:59pm,25,25,,,,,,,1,1
2020,34,340450,New Jersey,1,1,0,1,1,1,1,23,MIDDLESEX (23),2208,NORTH BRUNSWICK,10,10,11,November,2020,3,Tuesday,21,9:00pm-9:59pm,38,38,1,This section IS ON the NHS,2,Urban,3,Principal Arterial - Other,1,State Highway Agency,2,U.S. Highway,US-130,,805,805,40.43290278,40.43290278,-74.489055560,-74.489055560,0,No Special Jurisdiction,8,Pedestrian,0,The First Harmful Event was Not a Collision with a Motor Vehicle in Transport,0,No,1,Non-Junction,1,Not an Intersection,0,None,,,1,On Roadway,2,Dark - Not Lighted,,,,,1,Clear,0,No,0000000,Not Applicable,21,9:00pm-9:59pm,45,45,21,9:00pm-9:59pm,54,54,22,10:00pm-10:59pm,21,21,,,,,,,1,0
2020,34,340451,New Jersey,2,2,0,0,0,2,2,7,CAMDEN (7),3465,VOORHEES,16,16,11,November,2020,2,Monday,14,2:00pm-2:59pm,58,58,1,This section IS ON the NHS,2,Urban,3,Principal Arterial - Other,2,County Highway Agency,4,County Road,CR-544 EVESHAM RD,,104,104,39.87192500,39.87192500,-74.933750000,-74.933750000,0,No Special Jurisdiction,12,Motor Vehicle In-Transport,6,Angle,0,No,8,Driveway Access Related,1,Not an Intersection,0,None,,,1,On Roadway,1,Daylight,,,,,1,Clear,0,No,0000000,Not Applicable,14,2:00pm-2:59pm,58,58,15,3:00pm-3:59pm,6,6,88,"Not Applicable (Not Transported) ",88,Not Applicable (Not Transported),,,,,,,1,0
2020,34,340452,New Jersey,1,1,0,0,0,1,1,29,OCEAN (29),0,NOT APPLICABLE,29,29,11,November,2020,1,Sunday,13,1:00pm-1:59pm,5,5,0,This section IS NOT on the NHS,9,Unknown,7,Local,4,City or Municipal Highway Agency,6,Local Street - Municipality,WESTBROOK DR,,0,None,39.95846389,39.95846389,-74.264372220,-74.264372220,0,No Special Jurisdiction,33,Curb,0,The First Harmful Event was Not a Collision with a Motor Vehicle in Transport,0,No,1,Non-Junction,1,Not an Intersection,0,None,,,4,On Roadside,1,Daylight,,,,,1,Clear,0,No,0000000,Not Applicable,13,1:00pm-1:59pm,5,5,13,1:00pm-1:59pm,14,14,99,Unknown,99,Unknown EMS Hospital Arrival Time,,,,,,,1,1
2020,34,340453,New Jersey,3,3,0,0,0,4,4,5,BURLINGTON (5),2540,PEMBERTON,12,12,11,November,2020,5,Thursday,16,4:00pm-4:59pm,22,22,1,This section IS ON the NHS,2,Urban,3,Principal Arterial - Other,2,County Highway Agency,4,County Road,CR-530 PEMBERTON BROWNS MILL R,,63,63,39.96642778,39.96642778,-74.623819440,-74.623819440,0,No Special Jurisdiction,12,Motor Vehicle In-Transport,8,Sideswipe - Opposite Direction,0,No,1,Non-Junction,1,Not an Intersection,0,None,,,1,On Roadway,1,Daylight,,,,,2,Rain,0,No,0000000,Not Applicable,16,4:00pm-4:59pm,24,24,16,4:00pm-4:59pm,29,29,16,4:00pm-4:59pm,52,52,,,,,,,1,0
2020,34,340454,New Jersey,1,1,0,0,0,1,1,7,CAMDEN (7),0,NOT APPLICABLE,9,9,11,November,2020,2,Monday,1,1:00am-1:59am,13,13,0,This section IS NOT on the NHS,2,Urban,4,Minor Arterial,4,City or Municipal Highway Agency,6,Local Street - Municipality,COOPER RD,,0,None,39.79007500,39.79007500,-74.904447220,-74.904447220,0,No Special Jurisdiction,42,Tree (Standing Only),0,The First Harmful Event was Not a Collision with a Motor Vehicle in Transport,0,No,1,Non-Junction,1,Not an Intersection,0,None,,,5,Outside Trafficway,2,Dark - Not Lighted,,,,,1,Clear,0,No,0000000,Not Applicable,1,1:00am-1:59am,15,15,1,1:00am-1:59am,23,23,88,"Not Applicable (Not Transported) ",88,Not Applicable (Not Transported),,,,,,,1,0
2020,34,340455,New Jersey,1,1,0,1,1,1,1,25,MONMOUTH (25),1090,FREEHOLD,16,16,11,November,2020,2,Monday,16,4:00pm-4:59pm,50,50,1,This section IS ON the NHS,2,Urban,3,Principal Arterial - Other,1,State Highway Agency,2,U.S. Highway,US-9,,1158,1158,40.28061389,40.28061389,-74.294280560,-74.294280560,0,No Special Jurisdiction,8,Pedestrian,0,The First Harmful Event was Not a Collision with a Motor Vehicle in Transport,0,No,1,Non-Junction,1,Not an Intersection,0,None,,,1,On Roadway,2,Dark - Not Lighted,,,,,1,Clear,0,No,0000000,Not Applicable,16,4:00pm-4:59pm,53,53,17,5:00pm-5:59pm,2,2,17,5:00pm-5:59pm,33,33,,,,,,,1,0
2020,34,340456,New Jersey,1,1,0,1,1,1,1,3,BERGEN (3),2480,PARAMUS,21,21,11,November,2020,7,Saturday,5,5:00am-5:59am,22,22,1,This section IS ON the NHS,2,Urban,2,Principal Arterial - Other Freeways and Expressways,1,State Highway Agency,3,State Highway,SR-17,,143,143,40.94093333,40.94093333,-74.071577780,-74.071577780,0,No Special Jurisdiction,8,Pedestrian,0,The First Harmful Event was Not a Collision with a Motor Vehicle in Transport,0,No,1,Non-Junction,1,Not an Intersection,0,None,,,1,On Roadway,3,Dark - Lighted,,,,,1,Clear,0,No,0000000,Not Applicable,5,5:00am-5:59am,22,22,5,5:00am-5:59am,33,33,5,5:00am-5:59am,53,53,,,,,,,1,0
2020,34,340457,New Jersey,1,1,0,0,0,1,1,29,OCEAN (29),0,NOT APPLICABLE,12,12,11,November,2020,5,Thursday,17,5:00pm-5:59pm,33,33,0,This section IS NOT on the NHS,2,Urban,5,Major Collector,2,County Highway Agency,4,County Road,CR-640 COLLIERS MILL RD,,31,31,40.06676944,40.06676944,-74.475936110,-74.475936110,0,No Special Jurisdiction,42,Tree (Standing Only),0,The First Harmful Event was Not a Collision with a Motor Vehicle in Transport,0,No,1,Non-Junction,1,Not an Intersection,0,None,,,4,On Roadside,3,Dark - Lighted,,,,,2,Rain,0,No,0000000,Not Applicable,17,5:00pm-5:59pm,37,37,17,5:00pm-5:59pm,48,48,88,"Not Applicable (Not Transported) ",88,Not Applicable (Not Transported),,,,,,,1,0
2020,34,340458,New Jersey,2,2,0,0,0,2,2,35,SOMERSET (35),214,BEDMINSTER,13,13,11,November,2020,6,Friday,18,6:00pm-6:59pm,45,45,1,This section IS ON the NHS,2,Urban,3,Principal Arterial - Other,1,State Highway Agency,2,U.S. Highway,US-202 206,RIVER RD,309,309,40.66277222,40.66277222,-74.645166670,-74.645166670,0,No Special Jurisdiction,12,Motor Vehicle In-Transport,2,Front-to-Front,0,No,3,Intersection-Related,3,T-Intersection,0,None,,,1,On Roadway,3,Dark - Lighted,,,,,1,Clear,0,No,0000000,Not Applicable,18,6:00pm-6:59pm,55,55,19,7:00pm-7:59pm,3,3,19,7:00pm-7:59pm,29,29,,,,,,,1,0
2020,34,340459,New Jersey,1,1,0,1,1,1,1,7,CAMDEN (7),520,CAMDEN,13,13,11,November,2020,6,Friday,22,10:00pm-10:59pm,6,6,0,This section IS NOT on the NHS,2,Urban,7,Local,4,City or Municipal Highway Agency,6,Local Street - Municipality,SOUTH 11TH STREET,,0,None,39.94183333,39.94183333,-75.109655560,-75.109655560,0,No Special Jurisdiction,8,Pedestrian,0,The First Harmful Event was Not a Collision with a Motor Vehicle in Transport,0,No,1,Non-Junction,1,Not an Intersection,0,None,,,1,On Roadway,3,Dark - Lighted,,,,,1,Clear,0,No,0000000,Not Applicable,22,10:00pm-10:59pm,6,6,22,10:00pm-10:59pm,9,9,22,10:00pm-10:59pm,16,16,,,,,,,1,0
2020,34,340460,New Jersey,2,2,0,0,0,2,2,35,SOMERSET (35),398,BRANCHBURG PARK,3,3,11,November,2020,3,Tuesday,10,10:00am-10:59am,49,49,1,This section IS ON the NHS,2,Urban,3,Principal Arterial - Other,1,State Highway Agency,2,U.S. Highway,US-202,NORTH BRANCH RIVER RD,213,213,40.56699167,40.56699167,-74.685355560,-74.685355560,0,No Special Jurisdiction,12,Motor Vehicle In-Transport,6,Angle,0,No,2,Intersection,2,Four-Way Intersection,0,None,,,1,On Roadway,1,Daylight,,,,,1,Clear,0,No,0000000,Not Applicable,10,10:00am-10:59am,52,52,10,10:00am-10:59am,59,59,11,11:00am-11:59am,33,33,,,,,,,1,1
2020,34,340461,New Jersey,2,2,0,0,0,2,2,3,BERGEN (3),890,ENGLEWOOD,14,14,11,November,2020,7,Saturday,17,5:00pm-5:59pm,6,6,0,This section IS NOT on the NHS,2,Urban,4,Minor Arterial,4,City or Municipal Highway Agency,6,Local Street - Municipality,W ENGLEWOOD AVE,GREEN ST,0,None,40.89766667,40.89766667,-73.988750000,-73.988750000,0,No Special Jurisdiction,12,Motor Vehicle In-Transport,6,Angle,0,No,2,Intersection,3,T-Intersection,0,None,,,1,On Roadway,2,Dark - Not Lighted,,,,,1,Clear,0,No,0000000,Not Applicable,99,Unknown,99,Unknown,99,Unknown EMS Scene Arrival Hour,99,Unknown EMS Scene Arrival Minutes,99,Unknown,99,Unknown EMS Hospital Arrival Time,,,,,,,1,1
2020,34,340462,New Jersey,1,1,0,0,0,1,1,39,UNION (39),2180,NEW PROVIDENCE,8,8,11,November,2020,1,Sunday,0,0:00am-0:59am,8,8,0,This section IS NOT on the NHS,2,Urban,5,Major Collector,4,City or Municipal Highway Agency,6,Local Street - Municipality,UNION AVE,,0,None,40.68782778,40.68782778,-74.416744440,-74.416744440,0,No Special Jurisdiction,33,Curb,0,The First Harmful Event was Not a Collision with a Motor Vehicle in Transport,0,No,1,Non-Junction,1,Not an Intersection,0,None,,,4,On Roadside,3,Dark - Lighted,,,,,1,Clear,0,No,0000000,Not Applicable,0,0:00am-0:59am,7,7,0,0:00am-0:59am,11,11,88,"Not Applicable (Not Transported) ",88,Not Applicable (Not Transported),,,,,,,1,0