caseyear,state,st_case,statename,ve_total,ve_forms,pvh_invl,peds,pernotmvit,permvit,persons,county,countyname,city,cityname,day,dayname,month,monthname,year,day_week,day_weekname,hour,hourname,minute,minutename,nhs,nhsname,rur_urb,rur_urbname,func_sys,func_sysname,rd_owner,rd_ownername,route,routename,tway_id,tway_id2,milept,mileptname,latitude,latitudename,longitud,longitudname,sp_jur,sp_jurname,harm_ev,harm_evname,man_coll,man_collname,reljct1,reljct1name,reljct2,reljct2name,typ_int,typ_intname,wrk_zone,wrk_zonename,road_fnc,road_fncname,rel_road,rel_roadname,lgt_cond,lgt_condname,weather1,weather1name,weather2,weather2name,weather,weathername,sch_bus,sch_busname,rail,railname,not_hour,not_hourname,not_min,not_minname,arr_hour,arr_hourname,arr_min,arr_minname,hosp_hr,hosp_hrname,hosp_mn,hosp_mnname,cf1,cf1name,cf2,cf2name,cf3,cf3name,fatals,drunk_dr
2020,34,340499,New Jersey,1,1,0,1,1,1,1,25,MONMOUTH (25),8,ABERDEEN,1,1,12,December,2020,3,Tuesday,6,6:00am-6:59am,2,2,1,This section IS ON the NHS,2,Urban,3,Principal Arterial - Other,1,State Highway Agency,3,State Highway,SR-35,CLIFFWOOD AVE,448,448,40.43900556,40.43900556,-74.224725000,-74.224725000,0,No Special Jurisdiction,8,Pedestrian,0,The First Harmful Event was Not a Collision with a Motor Vehicle in Transport,0,No,3,Intersection-Related,2,Four-Way Intersection,0,None,,,1,On Roadway,3,Dark - Lighted,,,,,1,Clear,0,No,0000000,Not Applicable,6,6:00am-6:59am,5,5,6,6:00am-6:59am,16,16,88,"Not Applicable (Not Transported) ",88,Not Applicable (Not Transported),,,,,,,1,0
2020,34,340500,New Jersey,2,2,0,0,0,2,2,7,CAMDEN (7),3465,VOORHEES,25,25,12,December,2020,6,Friday,13,1:00pm-1:59pm,21,21,0,This section IS NOT on the NHS,2,Urban,4,Minor Arterial,4,City or Municipal Highway Agency,6,Local Street - Municipality,CENTENNIAL BLVD,,0,None,39.84552500,39.84552500,-74.959130560,-74.959130560,0,No Special Jurisdiction,12,Motor Vehicle In-Transport,2,Front-to-Front,0,No,1,Non-Junction,1,Not an Intersection,0,None,,,1,On Roadway,1,Daylight,,,,,1,Clear,0,No,0000000,Not Applicable,13,1:00pm-1:59pm,24,24,13,1:00pm-1:59pm,29,29,13,1:00pm-1:59pm,59,59,,,,,,,2,0
2020,34,340501,New Jersey,1,1,0,0,0,1,1,13,ESSEX (13),2130,NEWARK,23,23,12,December,2020,4,Wednesday,3,3:00am-3:59am,9,9,0,This section IS NOT on the NHS,2,Urban,5,Major Collector,4,City or Municipal Highway Agency,6,Local Street - Municipality,SUSSEX AVE CONN,,0,None,40.75007500,40.75007500,-74.186005560,-74.186005560,0,No Special Jurisdiction,26,Other Traffic Barrier,0,The First Harmful Event was Not a Collision with a Motor Vehicle in Transport,0,No,1,Non-Junction,1,Not an Intersection,0,None,,,4,On Roadside,3,Dark - Lighted,,,,,1,Clear,0,No,0000000,Not Applicable,3,3:00am-3:59am,21,21,3,3:00am-3:59am,29,29,88,"Not Applicable (Not Transported) ",88,Not Applicable (Not Transported),,,,,,,1,1
2020,34,340502,New Jersey,1,1,0,1,1,1,1,41,WARREN (41),0,NOT APPLICABLE,15,15,12,December,2020,3,Tuesday,6,6:00am-6:59am,12,12,0,This section IS NOT on the NHS,1,Rural,4,Minor Arterial,2,County Highway Agency,4,County Road,CR-519 BELVIDERE RD,,381,381,40.80036944,40.80036944,-75.079716670,-75.079716670,0,No Special Jurisdiction,8,Pedestrian,0,The First Harmful Event was Not a Collision with a Motor Vehicle in Transport,0,No,1,Non-Junction,1,Not an Intersection,0,None,,,1,On Roadway,2,Dark - Not Lighted,,,,,1,Clear,0,No,0000000,Not Applicable,6,6:00am-6:59am,13,13,6,6:00am-6:59am,27,27,88,"Not Applicable (Not Transported) ",88,Not Applicable (Not Transported),,,,,,,1,0
2020,34,340503,New Jersey,1,1,0,0,0,2,2,7,CAMDEN (7),240,BELLMAWR,27,27,12,December,2020,1,Sunday,23,11:00pm-11:59pm,42,42,1,This section IS ON the NHS,2,Urban,2,Principal Arterial - Other Freeways and Expressways,1,State Highway Agency,3,State Highway,SR-42,,142,142,39.86691667,39.86691667,-75.101044440,-75.101044440,0,No Special Jurisdiction,31,"Post, Pole or Other Supports",0,The First Harmful Event was Not a Collision with a Motor Vehicle in Transport,0,No,1,Non-Junction,1,Not an Intersection,0,None,,,3,On Median,3,Dark - Lighted,,,,,1,Clear,0,No,0000000,Not Applicable,23,11:00pm-11:59pm,41,41,23,11:00pm-11:59pm,48,48,0,0:00am-0:59am,14,14,,,,,,,1,0
2020,34,340504,New Jersey,2,2,0,0,0,2,2,11,CUMBERLAND (11),0,NOT APPLICABLE,23,23,12,December,2020,4,Wednesday,9,9:00am-9:59am,33,33,0,This section IS NOT on the NHS,2,Urban,4,Minor Arterial,1,State Highway Agency,3,State Highway,SR-56,CR- 634 MORTON AVE,43,43,39.48209167,39.48209167,-75.132919440,-75.132919440,0,No Special Jurisdiction,12,Motor Vehicle In-Transport,6,Angle,0,No,2,Intersection,2,Four-Way Intersection,0,None,,,1,On Roadway,1,Daylight,,,,,1,Clear,0,No,0000000,Not Applicable,9,9:00am-9:59am,32,32,9,9:00am-9:59am,42,42,9,9:00am-9:59am,50,50,,,,,,,1,0
2020,34,340505,New Jersey,2,2,0,0,0,2,2,3,BERGEN (3),3335,TEANECK,24,24,12,December,2020,5,Thursday,23,11:00pm-11:59pm,58,58,1,This section IS ON the NHS,2,Urban,1,Interstate,31,State Toll Road,1,Interstate,I-95,,746,746,40.86782500,40.86782500,-74.003869440,-74.003869440,0,No Special Jurisdiction,12,Motor Vehicle In-Transport,1,Front-to-Rear,0,No,1,Non-Junction,1,Not an Intersection,0,None,,,1,On Roadway,3,Dark - Lighted,,,,,2,Rain,0,No,0000000,Not Applicable,99,Unknown,99,Unknown,99,Unknown EMS Scene Arrival Hour,99,Unknown EMS Scene Arrival Minutes,99,Unknown,99,Unknown EMS Hospital Arrival Time,,,,,,,1,1
2020,34,340506,New Jersey,1,1,0,0,0,1,1,7,CAMDEN (7),1235,HADDON HEIGHTS,24,24,12,December,2020,5,Thursday,6,6:00am-6:59am,44,44,1,This section IS ON the NHS,2,Urban,1,Interstate,1,State Highway Agency,1,Interstate,I-295,,286,286,39.89465556,39.89465556,-74.993927780,-74.993927780,0,No Special Jurisdiction,1,Rollover/Overturn,0,The First Harmful Event was Not a Collision with a Motor Vehicle in Transport,0,No,1,Non-Junction,1,Not an Intersection,0,None,,,5,Outside Trafficway,2,Dark - Not Lighted,,,,,1,Clear,0,No,0000000,Not Applicable,99,Unknown,99,Unknown,99,Unknown EMS Scene Arrival Hour,99,Unknown EMS Scene Arrival Minutes,88,"Not Applicable (Not Transported) ",88,Not Applicable (Not Transported),,,,,,,1,0
2020,34,340507,New Jersey,1,1,0,0,0,1,1,1,ATLANTIC (1),1105,GALLOWAY TOWNSHIP,23,23,12,December,2020,4,Wednesday,16,4:00pm-4:59pm,8,8,0,This section IS NOT on the NHS,2,Urban,4,Minor Arterial,2,County Highway Agency,4,County Road,CR-575 S POMONA RD,,149,149,39.49355278,39.49355278,-74.541752780,-74.541752780,0,No Special Jurisdiction,30,Utility Pole/Light Support,0,The First Harmful Event was Not a Collision with a Motor Vehicle in Transport,0,No,1,Non-Junction,1,Not an Intersection,0,None,,,4,On Roadside,1,Daylight,,,,,1,Clear,0,No,0000000,Not Applicable,16,4:00pm-4:59pm,17,17,16,4:00pm-4:59pm,26,26,17,5:00pm-5:59pm,3,3,,,,,,,1,1
2020,34,340508,New Jersey,1,1,0,0,0,2,2,15,GLOUCESTER (15),1751,LOGAN,28,28,12,December,2020,2,Monday,20,8:00pm-8:59pm,21,21,0,This section IS NOT on the NHS,2,Urban,5,Major Collector,2,County Highway Agency,4,County Road,CR-653 PAULSBORO RD,,32,32,39.79795556,39.79795556,-75.300522220,-75.300522220,0,No Special Jurisdiction,30,Utility Pole/Light Support,0,The First Harmful Event was Not a Collision with a Motor Vehicle in Transport,0,No,1,Non-Junction,1,Not an Intersection,0,None,,,4,On Roadside,3,Dark - Lighted,,,,,1,Clear,0,No,0000000,Not Applicable,20,8:00pm-8:59pm,23,23,20,8:00pm-8:59pm,29,29,21,9:00pm-9:59pm,7,7,,,,,,,1,0
2020,34,340509,New Jersey,1,1,0,1,1,1,1,23,MIDDLESEX (23),2582,PISCATAWAY,1,1,5,May,2020,6,Friday,15,3:00pm-3:59pm,24,24,1,This section IS ON the NHS,2,Urban,1,Interstate,1,State Highway Agency,1,Interstate,I-287,,86,86,40.55235278,40.55235278,-74.486952780,-74.486952780,0,No Special Jurisdiction,9,Pedalcyclist,0,The First Harmful Event was Not a Collision with a Motor Vehicle in Transport,9,Reported as Unknown,99,Reported as Unknown,99,Reported as Unknown,0,None,,,99,Reported as Unknown,9,Reported as Unknown,,,,,99,Reported as Unknown,0,No,0000000,Not Applicable,99,Unknown,99,Unknown,99,Unknown EMS Scene Arrival Hour,99,Unknown EMS Scene Arrival Minutes,88,"Not Applicable (Not Transported) ",88,Not Applicable (Not Transported),,,,,,,1,0
2020,34,340510,New Jersey,2,2,0,1,1,2,2,17,HUDSON (17),190,BAYONNE,7,7,9,September,2020,2,Monday,22,10:00pm-10:59pm,19,19,0,This section IS NOT on the NHS,2,Urban,4,Minor Arterial,4,City or Municipal Highway Agency,6,Local Street - Municipality,AVENUE C,WEST 25TH ST,0,None,40.66668611,40.66668611,-74.119330560,-74.119330560,0,No Special Jurisdiction,8,Pedestrian,0,The First Harmful Event was Not a Collision with a Motor Vehicle in Transport,0,No,3,Intersection-Related,2,Four-Way Intersection,0,None,,,1,On Roadway,3,Dark - Lighted,,,,,2,Rain,0,No,0000000,Not Applicable,22,10:00pm-10:59pm,20,20,22,10:00pm-10:59pm,23,23,88,"Not Applicable (Not Transported) ",88,Not Applicable (Not Transported),,,,,,,1,0
2020,34,340511,New Jersey,1,1,0,1,1,1,1,31,PASSAIC (31),660,CLIFTON,22,22,10,October,2020,5,Thursday,19,7:00pm-7:59pm,11,11,0,This section IS NOT on the NHS,2,Urban,4,Minor Arterial,2,County Highway Agency,4,County Road,CR-602 ALLWOOD RD,,6,6,40.85015833,40.85015833,-74.169575000,-74.169575000,0,No Special Jurisdiction,33,Curb,0,The First Harmful Event was Not a Collision with a Motor Vehicle in Transport,0,No,1,Non-Junction,1,Not an Intersection,0,None,,,4,On Roadside,3,Dark - Lighted,,,,,1,Clear,0,No,0000000,Not Applicable,19,7:00pm-7:59pm,12,12,19,7:00pm-7:59pm,17,17,19,7:00pm-7:59pm,31,31,,,,,,,1,0
2020,34,340512,New Jersey,2,2,0,0,0,2,2,13,ESSEX (13),2130,NEWARK,19,19,9,September,2020,7,Saturday,16,4:00pm-4:59pm,42,42,1,This section IS ON the NHS,2,Urban,3,Principal Arterial - Other,4,City or Municipal Highway Agency,6,Local Street - Municipality,BROAD ST,WEST KINNEY ST,0,None,40.72880278,40.72880278,-74.176033330,-74.176033330,0,No Special Jurisdiction,12,Motor Vehicle In-Transport,6,Angle,0,No,2,Intersection,2,Four-Way Intersection,0,None,,,1,On Roadway,1,Daylight,,,,,1,Clear,0,No,0000000,Not Applicable,16,4:00pm-4:59pm,44,44,16,4:00pm-4:59pm,55,55,17,5:00pm-5:59pm,28,28,,,,,,,1,0
2020,34,340513,New Jersey,1,1,0,1,1,2,2,7,CAMDEN (7),520,CAMDEN,25,25,11,November,2020,4,Wednesday,12,12:00pm-12:59pm,59,59,0,This section IS NOT on the NHS,2,Urban,4,Minor Arterial,2,County Highway Agency,4,County Road,CR-608 BAIRD BLVD,,3,3,39.93687778,39.93687778,-75.095580560,-75.095580560,0,No Special Jurisdiction,9,Pedalcyclist,0,The First Harmful Event was Not a Collision with a Motor Vehicle in Transport,0,No,1,Non-Junction,1,Not an Intersection,0,None,,,1,On Roadway,1,Daylight,,,,,1,Clear,0,No,0000000,Not Applicable,12,12:00pm-12:59pm,58,58,13,1:00pm-1:59pm,3,3,13,1:00pm-1:59pm,17,17,,,,,,,1,0
2020,34,340514,New Jersey,1,1,0,1,1,2,2,5,BURLINGTON (5),1824,MAPLE SHADE,3,3,12,December,2020,5,Thursday,21,9:00pm-9:59pm,14,14,1,This section IS ON the NHS,2,Urban,3,Principal Arterial - Other,1,State Highway Agency,3,State Highway,SR-73,WILLOW RD,280,280,39.93740556,39.93740556,-74.969702780,-74.969702780,0,No Special Jurisdiction,8,Pedestrian,0,The First Harmful Event was Not a Collision with a Motor Vehicle in Transport,0,No,3,Intersection-Related,2,Four-Way Intersection,0,None,,,1,On Roadway,3,Dark - Lighted,,,,,1,Clear,0,No,0000000,Not Applicable,21,9:00pm-9:59pm,17,17,21,9:00pm-9:59pm,22,22,88,"Not Applicable (Not Transported) ",88,Not Applicable (Not Transported),,,,,,,1,0
2020,34,340515,New Jersey,1,1,0,1,1,2,2,23,MIDDLESEX (23),844,EDISON,13,13,12,December,2020,1,Sunday,17,5:00pm-5:59pm,40,40,1,This section IS ON the NHS,2,Urban,3,Principal Arterial - Other,1,State Highway Agency,3,State Highway,SR-27,SCHUYLER DR,187,187,40.51283889,40.51283889,-74.405855560,-74.405855560,0,No Special Jurisdiction,8,Pedestrian,0,The First Harmful Event was Not a Collision with a Motor Vehicle in Transport,0,No,3,Intersection-Related,3,T-Intersection,0,None,,,1,On Roadway,2,Dark - Not Lighted,,,,,1,Clear,0,No,0000000,Not Applicable,17,5:00pm-5:59pm,43,43,17,5:00pm-5:59pm,46,46,18,6:00pm-6:59pm,9,9,,,,,,,1,0
2020,34,340516,New Jersey,2,2,0,0,0,2,2,41,WARREN (41),0,NOT APPLICABLE,1,1,12,December,2020,3,Tuesday,17,5:00pm-5:59pm,50,50,1,This section IS ON the NHS,2,Urban,3,Principal Arterial - Other,1,State Highway Agency,2,U.S. Highway,US-22,SOUTH 1ST ST,17,17,40.69818611,40.69818611,-75.172100000,-75.172100000,0,No Special Jurisdiction,12,Motor Vehicle In-Transport,6,Angle,0,No,2,Intersection,2,Four-Way Intersection,0,None,,,1,On Roadway,2,Dark - Not Lighted,,,,,1,Clear,0,No,0000000,Not Applicable,17,5:00pm-5:59pm,42,42,17,5:00pm-5:59pm,55,55,18,6:00pm-6:59pm,18,18,,,,,,,1,0
2020,34,340517,New Jersey,1,1,0,1,1,1,1,27,MORRIS (27),745,DENVILLE,24,24,12,December,2020,5,Thursday,22,10:00pm-10:59pm,23,23,1,This section IS ON the NHS,2,Urban,3,Principal Arterial - Other,1,State Highway Agency,2,U.S. Highway,US-46,,435,435,40.88893333,40.88893333,-74.468952780,-74.468952780,0,No Special Jurisdiction,8,Pedestrian,0,The First Harmful Event was Not a Collision with a Motor Vehicle in Transport,0,No,1,Non-Junction,1,Not an Intersection,0,None,,,2,On Shoulder,3,Dark - Lighted,,,,,2,Rain,0,No,0000000,Not Applicable,99,Unknown,99,Unknown,99,Unknown EMS Scene Arrival Hour,99,Unknown EMS Scene Arrival Minutes,99,Unknown,99,Unknown EMS Hospital Arrival Time,,,,,,,1,0
2020,34,340518,New Jersey,1,1,0,1,1,1,1,17,HUDSON (17),3590,WEST NEW YORK,14,14,12,December,2020,2,Monday,21,9:00pm-9:59pm,37,37,0,This section IS NOT on the NHS,2,Urban,4,Minor Arterial,4,City or Municipal Highway Agency,6,Local Street - Municipality,BERGENLINE AVE,63RD ST,0,None,40.79181389,40.79181389,-74.014188890,-74.014188890,0,No Special Jurisdiction,8,Pedestrian,0,The First Harmful Event was Not a Collision with a Motor Vehicle in Transport,0,No,3,Intersection-Related,3,T-Intersection,0,None,,,1,On Roadway,3,Dark - Lighted,,,,,1,Clear,0,No,0000000,Not Applicable,21,9:00pm-9:59pm,41,41,21,9:00pm-9:59pm,45,45,22,10:00pm-10:59pm,24,24,,,,,,,1,0
2020,34,340519,New Jersey,1,1,0,1,1,1,1,25,MONMOUTH (25),0,NOT APPLICABLE,7,7,12,December,2020,2,Monday,18,6:00pm-6:59pm,15,15,1,This section IS ON the NHS,2,Urban,3,Principal Arterial - Other,1,State Highway Agency,3,State Highway,SR-35,,323,323,40.31836389,40.31836389,-74.062322220,-74.062322220,0,No Special Jurisdiction,8,Pedestrian,0,The First Harmful Event was Not a Collision with a Motor Vehicle in Transport,0,No,1,Non-Junction,1,Not an Intersection,0,None,,,1,On Roadway,3,Dark - Lighted,,,,,1,Clear,0,No,0000000,Not Applicable,18,6:00pm-6:59pm,19,19,18,6:00pm-6:59pm,21,21,18,6:00pm-6:59pm,50,50,,,,,,,1,0
2020,34,340520,New Jersey,1,1,0,1,1,1,1,23,MIDDLESEX (23),3144,SOUTH BRUNSWICK,15,15,12,December,2020,3,Tuesday,19,7:00pm-7:59pm,2,2,1,This section IS ON the NHS,2,Urban,3,Principal Arterial - Other,1,State Highway Agency,2,U.S. Highway,US-1,DEANS LANE,197,197,40.42102222,40.42102222,-74.528902780,-74.528902780,0,No Special Jurisdiction,8,Pedestrian,0,The First Harmful Event was Not a Collision with a Motor Vehicle in Transport,0,No,3,Intersection-Related,2,Four-Way Intersection,0,None,,,1,On Roadway,3,Dark - Lighted,,,,,1,Clear,0,No,0000000,Not Applicable,19,7:00pm-7:59pm,4,4,19,7:00pm-7:59pm,11,11,88,"Not Applicable (Not Transported) ",88,Not Applicable (Not Transported),,,,,,,1,0
2020,34,340521,New Jersey,1,1,0,0,0,1,1,5,BURLINGTON (5),0,NOT APPLICABLE,26,26,12,December,2020,7,Saturday,20,8:00pm-8:59pm,33,33,1,This section IS ON the NHS,2,Urban,3,Principal Arterial - Other,2,County Highway Agency,4,County Road,CR-530 LAKEHURST RD,,101,101,39.95658333,39.95658333,-74.560663890,-74.560663890,0,No Special Jurisdiction,42,Tree (Standing Only),0,The First Harmful Event was Not a Collision with a Motor Vehicle in Transport,0,No,1,Non-Junction,1,Not an Intersection,0,None,,,5,Outside Trafficway,3,Dark - Lighted,,,,,1,Clear,0,No,0000000,Not Applicable,20,8:00pm-8:59pm,33,33,20,8:00pm-8:59pm,37,37,88,"Not Applicable (Not Transported) ",88,Not Applicable (Not Transported),,,,,,,1,1
2020,34,340522,New Jersey,1,1,0,1,1,1,1,39,UNION (39),2910,ROSELLE PARK,11,11,12,December,2020,6,Friday,17,5:00pm-5:59pm,25,25,1,This section IS ON the NHS,2,Urban,3,Principal Arterial - Other,1,State Highway Agency,3,State Highway,SR-28,,247,247,40.66252222,40.66252222,-74.257416670,-74.257416670,0,No Special Jurisdiction,8,Pedestrian,0,The First Harmful Event was Not a Collision with a Motor Vehicle in Transport,0,No,1,Non-Junction,1,Not an Intersection,0,None,,,1,On Roadway,2,Dark - Not Lighted,,,,,1,Clear,0,No,0000000,Not Applicable,17,5:00pm-5:59pm,25,25,17,5:00pm-5:59pm,29,29,17,5:00pm-5:59pm,53,53,,,,,,,1,0
2020,34,340523,New Jersey,1,1,0,1,1,2,2,31,PASSAIC (31),2510,PATERSON,29,29,12,December,2020,3,Tuesday,15,3:00pm-3:59pm,1,1,1,This section IS ON the NHS,2,Urban,3,Principal Arterial - Other,4,City or Municipal Highway Agency,6,Local Street - Municipality,MEMORIAL,,0,None,40.91950556,40.91950556,-74.175566670,-74.175566670,0,No Special Jurisdiction,8,Pedestrian,0,The First Harmful Event was Not a Collision with a Motor Vehicle in Transport,0,No,1,Non-Junction,1,Not an Intersection,0,None,,,1,On Roadway,1,Daylight,,,,,1,Clear,0,No,0000000,Not Applicable,99,Unknown,99,Unknown,99,Unknown EMS Scene Arrival Hour,99,Unknown EMS Scene Arrival Minutes,99,Unknown,99,Unknown EMS Hospital Arrival Time,,,,,,,1,0
2020,34,340524,New Jersey,1,1,0,1,1,1,1,39,UNION (39),705,CRANFORD,8,8,12,December,2020,3,Tuesday,6,6:00am-6:59am,33,33,0,This section IS NOT on the NHS,2,Urban,4,Minor Arterial,2,County Highway Agency,4,County Road,CR-615 SPRINGFIELD AVE,ORANGE AVE,44,44,40.66018333,40.66018333,-74.306280560,-74.306280560,0,No Special Jurisdiction,8,Pedestrian,0,The First Harmful Event was Not a Collision with a Motor Vehicle in Transport,0,No,3,Intersection-Related,3,T-Intersection,0,None,,,1,On Roadway,2,Dark - Not Lighted,,,,,10,Cloudy,0,No,0000000,Not Applicable,6,6:00am-6:59am,34,34,6,6:00am-6:59am,37,37,7,7:00am-7:59am,23,23,,,,,,,1,0
2020,34,340525,New Jersey,1,1,0,0,0,1,1,39,UNION (39),1550,KENILWORTH,18,18,12,December,2020,6,Friday,4,4:00am-4:59am,19,19,1,This section IS ON the NHS,2,Urban,2,Principal Arterial - Other Freeways and Expressways,31,State Toll Road,8,Other,444 GARDEN STATE PARKWAY,,1401,1401,40.67844167,40.67844167,-74.278144440,-74.278144440,0,No Special Jurisdiction,31,"Post, Pole or Other Supports",0,The First Harmful Event was Not a Collision with a Motor Vehicle in Transport,0,No,5,Entrance/Exit Ramp Related,1,Not an Intersection,0,None,,,8,Gore,3,Dark - Lighted,,,,,1,Clear,0,No,0000000,Not Applicable,4,4:00am-4:59am,24,24,4,4:00am-4:59am,43,43,88,"Not Applicable (Not Transported) ",88,Not Applicable (Not Transported),,,,,,,1,0
2020,34,340526,New Jersey,2,1,1,1,1,2,2,7,CAMDEN (7),520,CAMDEN,11,11,12,December,2020,6,Friday,21,9:00pm-9:59pm,11,11,0,This section IS NOT on the NHS,2,Urban,5,Major Collector,4,City or Municipal Highway Agency,6,Local Street - Municipality,SOUTH 4TH ST,,0,None,39.94191944,39.94191944,-75.123155560,-75.123155560,0,No Special Jurisdiction,14,Parked Motor Vehicle,0,The First Harmful Event was Not a Collision with a Motor Vehicle in Transport,0,No,1,Non-Junction,1,Not an Intersection,0,None,,,4,On Roadside,3,Dark - Lighted,,,,,1,Clear,0,No,0000000,Not Applicable,21,9:00pm-9:59pm,10,10,21,9:00pm-9:59pm,15,15,21,9:00pm-9:59pm,27,27,,,,,,,1,0
2020,34,340527,New Jersey,1,1,0,1,1,1,1,39,UNION (39),860,ELIZABETH,3,3,12,December,2020,5,Thursday,19,7:00pm-7:59pm,57,57,1,This section IS ON the NHS,2,Urban,3,Principal Arterial - Other,1,State Highway Agency,2,U.S. Highway,US-1,NORTH AVE,455,455,40.67713889,40.67713889,-74.195944440,-74.195944440,0,No Special Jurisdiction,8,Pedestrian,0,The First Harmful Event was Not a Collision with a Motor Vehicle in Transport,0,No,3,Intersection-Related,2,Four-Way Intersection,0,None,,,1,On Roadway,2,Dark - Not Lighted,,,,,1,Clear,0,No,0000000,Not Applicable,20,8:00pm-8:59pm,2,2,20,8:00pm-8:59pm,7,7,88,"Not Applicable (Not Transported) ",88,Not Applicable (Not Transported),,,,,,,1,0
2020,34,340528,New Jersey,1,1,0,1,1,1,1,39,UNION (39),1120,GARWOOD,2,2,12,December,2020,4,Wednesday,18,6:00pm-6:59pm,15,15,0,This section IS NOT on the NHS,2,Urban,7,Local,4,City or Municipal Highway Agency,6,Local Street - Municipality,WALNUT STREET,,0,None,40.65394722,40.65394722,-74.326225000,-74.326225000,0,No Special Jurisdiction,8,Pedestrian,0,The First Harmful Event was Not a Collision with a Motor Vehicle in Transport,0,No,1,Non-Junction,1,Not an Intersection,0,None,,,1,On Roadway,1,Daylight,,,,,1,Clear,0,No,0000000,Not Applicable,18,6:00pm-6:59pm,17,17,18,6:00pm-6:59pm,23,23,88,"Not Applicable (Not Transported) ",88,Not Applicable (Not Transported),,,,,,,1,0
2020,34,340529,New Jersey,1,1,0,0,0,1,1,41,WARREN (41),0,NOT APPLICABLE,15,15,12,December,2020,3,Tuesday,7,7:00am-7:59am,25,25,1,This section IS ON the NHS,2,Urban,3,Principal Arterial - Other,1,State Highway Agency,3,State Highway,SR-57,,74,74,40.73948889,40.73948889,-75.038786110,-75.038786110,0,No Special Jurisdiction,31,"Post, Pole or Other Supports",0,The First Harmful Event was Not a Collision with a Motor Vehicle in Transport,0,No,1,Non-Junction,1,Not an Intersection,0,None,,,4,On Roadside,1,Daylight,,,,,1,Clear,0,No,0000000,Not Applicable,7,7:00am-7:59am,25,25,7,7:00am-7:59am,40,40,88,"Not Applicable (Not Transported) ",88,Not Applicable (Not Transported),,,,,,,1,1
2020,34,340530,New Jersey,1,1,0,1,1,1,1,39,UNION (39),860,ELIZABETH,25,25,12,December,2020,6,Friday,6,6:00am-6:59am,2,2,1,This section IS ON the NHS,2,Urban,2,Principal Arterial - Other Freeways and Expressways,1,State Highway Agency,2,U.S. Highway,US-1,,476,476,40.68387500,40.68387500,-74.192438890,-74.192438890,0,No Special Jurisdiction,8,Pedestrian,0,The First Harmful Event was Not a Collision with a Motor Vehicle in Transport,0,No,1,Non-Junction,1,Not an Intersection,0,None,,,1,On Roadway,3,Dark - Lighted,,,,,2,Rain,0,No,0000000,Not Applicable,99,Unknown,99,Unknown,99,Unknown EMS Scene Arrival Hour,99,Unknown EMS Scene Arrival Minutes,88,"Not Applicable (Not Transported) ",88,Not Applicable (Not Transported),,,,,,,1,0
2020,34,340531,New Jersey,1,1,0,0,0,1,1,21,MERCER (21),0,NOT APPLICABLE,27,27,12,December,2020,1,Sunday,7,7:00am-7:59am,39,39,0,This section IS NOT on the NHS,1,Rural,5,Major Collector,4,City or Municipal Highway Agency,6,Local Street - Municipality,PENNINGTON ROCKY HILL RD,,0,None,40.36735278,40.36735278,-74.747433330,-74.747433330,0,No Special Jurisdiction,31,"Post, Pole or Other Supports",0,The First Harmful Event was Not a Collision with a Motor Vehicle in Transport,0,No,1,Non-Junction,1,Not an Intersection,0,None,,,4,On Roadside,2,Dark - Not Lighted,,,,,1,Clear,0,No,0000000,Not Applicable,7,7:00am-7:59am,38,38,7,7:00am-7:59am,54,54,8,8:00am-8:59am,41,41,,,,,,,1,1
2020,34,340532,New Jersey,2,2,0,0,0,3,3,23,MIDDLESEX (23),844,EDISON,24,24,10,October,2020,7,Saturday,10,10:00am-10:59am,38,38,0,This section IS NOT on the NHS,2,Urban,4,Minor Arterial,2,County Highway Agency,4,County Road,CR-602 INMAN AVE,ANNETTE DR,24,24,40.59630833,40.59630833,-74.377605560,-74.377605560,0,No Special Jurisdiction,12,Motor Vehicle In-Transport,6,Angle,0,No,2,Intersection,3,T-Intersection,0,None,,,1,On Roadway,1,Daylight,,,,,1,Clear,0,No,0000000,Not Applicable,99,Unknown,99,Unknown,99,Unknown EMS Scene Arrival Hour,99,Unknown EMS Scene Arrival Minutes,88,"Not Applicable (Not Transported) ",88,Not Applicable (Not Transported),,,,,,,1,0
2020,34,340533,New Jersey,2,2,0,0,0,7,7,15,GLOUCESTER (15),1311,HARRISONVILLE,2,2,11,November,2020,2,Monday,14,2:00pm-2:59pm,8,8,1,This section IS ON the NHS,2,Urban,3,Principal Arterial - Other,1,State Highway Agency,2,U.S. Highway,US-322,,89,89,39.75498889,39.75498889,-75.256077780,-75.256077780,0,No Special Jurisdiction,12,Motor Vehicle In-Transport,2,Front-to-Front,0,No,1,Non-Junction,1,Not an Intersection,0,None,,,1,On Roadway,1,Daylight,,,,,1,Clear,0,No,0000000,Not Applicable,14,2:00pm-2:59pm,11,11,14,2:00pm-2:59pm,21,21,14,2:00pm-2:59pm,51,51,,,,,,,1,0
2020,34,340534,New Jersey,1,1,0,1,1,2,2,15,GLOUCESTER (15),1814,MANTUA,21,21,11,November,2020,7,Saturday,19,7:00pm-7:59pm,11,11,0,This section IS NOT on the NHS,2,Urban,4,Minor Arterial,2,County Highway Agency,4,County Road,CR-632 BERKLEY RD,,6,6,39.79155000,39.79155000,-75.179797220,-75.179797220,0,No Special Jurisdiction,8,Pedestrian,0,The First Harmful Event was Not a Collision with a Motor Vehicle in Transport,0,No,1,Non-Junction,1,Not an Intersection,0,None,,,1,On Roadway,3,Dark - Lighted,,,,,1,Clear,0,No,0000000,Not Applicable,19,7:00pm-7:59pm,12,12,19,7:00pm-7:59pm,17,17,19,7:00pm-7:59pm,49,49,,,,,,,1,0