caseyear,state,st_case,statename,ve_total,ve_forms,pvh_invl,peds,pernotmvit,permvit,persons,county,countyname,city,cityname,day,dayname,month,monthname,year,day_week,day_weekname,hour,hourname,minute,minutename,nhs,nhsname,rur_urb,rur_urbname,func_sys,func_sysname,rd_owner,rd_ownername,route,routename,tway_id,tway_id2,milept,mileptname,latitude,latitudename,longitud,longitudname,sp_jur,sp_jurname,harm_ev,harm_evname,man_coll,man_collname,reljct1,reljct1name,reljct2,reljct2name,typ_int,typ_intname,wrk_zone,wrk_zonename,road_fnc,road_fncname,rel_road,rel_roadname,lgt_cond,lgt_condname,weather1,weather1name,weather2,weather2name,weather,weathername,sch_bus,sch_busname,rail,railname,not_hour,not_hourname,not_min,not_minname,arr_hour,arr_hourname,arr_min,arr_minname,hosp_hr,hosp_hrname,hosp_mn,hosp_mnname,cf1,cf1name,cf2,cf2name,cf3,cf3name,fatals,drunk_dr
2020,34,340535,New Jersey,1,1,0,1,1,1,1,13,ESSEX (13),2130,NEWARK,2,2,12,December,2020,4,Wednesday,5,5:00am-5:59am,35,35,0,This section IS NOT on the NHS,2,Urban,5,Major Collector,4,City or Municipal Highway Agency,6,Local Street - Municipality,15TH AVE,,0,None,40.73807500,40.73807500,-74.204508330,-74.204508330,0,No Special Jurisdiction,8,Pedestrian,0,The First Harmful Event was Not a Collision with a Motor Vehicle in Transport,0,No,99,Reported as Unknown,99,Reported as Unknown,0,None,,,99,Reported as Unknown,4,Dawn,,,,,1,Clear,0,No,0000000,Not Applicable,99,Unknown,99,Unknown,99,Unknown EMS Scene Arrival Hour,99,Unknown EMS Scene Arrival Minutes,88,"Not Applicable (Not Transported) ",88,Not Applicable (Not Transported),,,,,,,1,0
2020,34,340536,New Jersey,1,1,0,1,1,1,1,3,BERGEN (3),1750,LODI,2,2,12,December,2020,4,Wednesday,21,9:00pm-9:59pm,14,14,1,This section IS ON the NHS,2,Urban,1,Interstate,1,State Highway Agency,1,Interstate,I-80,,644,644,40.88664444,40.88664444,-74.069433330,-74.069433330,0,No Special Jurisdiction,8,Pedestrian,0,The First Harmful Event was Not a Collision with a Motor Vehicle in Transport,0,No,1,Non-Junction,1,Not an Intersection,0,None,,,1,On Roadway,3,Dark - Lighted,,,,,1,Clear,0,No,0000000,Not Applicable,99,Unknown,99,Unknown,99,Unknown EMS Scene Arrival Hour,99,Unknown EMS Scene Arrival Minutes,99,Unknown,99,Unknown EMS Hospital Arrival Time,,,,,,,1,0
2020,34,340537,New Jersey,1,1,0,0,0,4,4,33,SALEM (33),0,NOT APPLICABLE,13,13,12,December,2020,1,Sunday,9,9:00am-9:59am,50,50,0,This section IS NOT on the NHS,1,Rural,5,Major Collector,2,County Highway Agency,4,County Road,CR-540 WELCHVILLE RD,,100,100,39.59383889,39.59383889,-75.400269440,-75.400269440,0,No Special Jurisdiction,1,Rollover/Overturn,0,The First Harmful Event was Not a Collision with a Motor Vehicle in Transport,0,No,1,Non-Junction,1,Not an Intersection,0,None,,,4,On Roadside,1,Daylight,,,,,1,Clear,0,No,0000000,Not Applicable,9,9:00am-9:59am,54,54,9,9:00am-9:59am,57,57,11,11:00am-11:59am,3,3,,,,,,,2,0
2020,34,340538,New Jersey,5,5,0,0,0,8,8,5,BURLINGTON (5),2470,PALMYRA,28,28,12,December,2020,2,Monday,18,6:00pm-6:59pm,49,49,1,This section IS ON the NHS,2,Urban,3,Principal Arterial - Other,21,Other State Agency,3,State Highway,SR-73,,346,346,40.01031667,40.01031667,-75.041700000,-75.041700000,0,No Special Jurisdiction,12,Motor Vehicle In-Transport,7,Sideswipe - Same Direction,0,No,1,Non-Junction,1,Not an Intersection,0,None,,,1,On Roadway,3,Dark - Lighted,,,,,1,Clear,0,No,0000000,Not Applicable,18,6:00pm-6:59pm,56,56,19,7:00pm-7:59pm,2,2,19,7:00pm-7:59pm,46,46,,,,,,,1,0
2020,34,340539,New Jersey,3,3,0,0,0,3,3,11,CUMBERLAND (11),1845,MAURICETOWN,23,23,12,December,2020,4,Wednesday,7,7:00am-7:59am,37,37,1,This section IS ON the NHS,1,Rural,3,Principal Arterial - Other,1,State Highway Agency,3,State Highway,SR-47,,334,334,39.30651944,39.30651944,-74.981333330,-74.981333330,0,No Special Jurisdiction,12,Motor Vehicle In-Transport,8,Sideswipe - Opposite Direction,0,No,1,Non-Junction,1,Not an Intersection,0,None,,,1,On Roadway,1,Daylight,,,,,1,Clear,0,No,0000000,Not Applicable,7,7:00am-7:59am,37,37,7,7:00am-7:59am,51,51,88,"Not Applicable (Not Transported) ",88,Not Applicable (Not Transported),,,,,,,1,0
2020,34,340540,New Jersey,1,1,0,0,0,1,1,25,MONMOUTH (25),830,EATONTOWN,26,26,12,December,2020,7,Saturday,22,10:00pm-10:59pm,57,57,1,This section IS ON the NHS,2,Urban,3,Principal Arterial - Other,1,State Highway Agency,3,State Highway,SR-36,,17,17,40.29116389,40.29116389,-74.048991670,-74.048991670,0,No Special Jurisdiction,33,Curb,0,The First Harmful Event was Not a Collision with a Motor Vehicle in Transport,0,No,1,Non-Junction,1,Not an Intersection,0,None,,,4,On Roadside,3,Dark - Lighted,,,,,1,Clear,0,No,0000000,Not Applicable,99,Unknown,99,Unknown,99,Unknown EMS Scene Arrival Hour,99,Unknown EMS Scene Arrival Minutes,99,Unknown,99,Unknown EMS Hospital Arrival Time,,,,,,,1,1
2020,34,340541,New Jersey,1,1,0,0,0,1,1,11,CUMBERLAND (11),724,DEERFIELD,19,19,12,December,2020,7,Saturday,10,10:00am-10:59am,38,38,0,This section IS NOT on the NHS,8,Not Reported,7,Local,4,City or Municipal Highway Agency,6,Local Street - Municipality,LAURAL LANE,,0,None,39.50164167,39.50164167,-75.151077780,-75.151077780,0,No Special Jurisdiction,42,Tree (Standing Only),0,The First Harmful Event was Not a Collision with a Motor Vehicle in Transport,0,No,1,Non-Junction,1,Not an Intersection,0,None,,,5,Outside Trafficway,9,Reported as Unknown,,,,,1,Clear,0,No,0000000,Not Applicable,10,10:00am-10:59am,45,45,99,Unknown EMS Scene Arrival Hour,99,Unknown EMS Scene Arrival Minutes,88,"Not Applicable (Not Transported) ",88,Not Applicable (Not Transported),,,,,,,1,1
2020,34,340542,New Jersey,2,2,0,0,0,2,2,31,PASSAIC (31),3522,WAYNE,28,28,12,December,2020,2,Monday,18,6:00pm-6:59pm,12,12,1,This section IS ON the NHS,2,Urban,3,Principal Arterial - Other,2,County Highway Agency,4,County Road,CR-689,,17,17,40.97476389,40.97476389,-74.267825000,-74.267825000,0,No Special Jurisdiction,12,Motor Vehicle In-Transport,2,Front-to-Front,0,No,1,Non-Junction,1,Not an Intersection,0,None,,,1,On Roadway,3,Dark - Lighted,,,,,1,Clear,0,No,0000000,Not Applicable,18,6:00pm-6:59pm,19,19,18,6:00pm-6:59pm,23,23,88,"Not Applicable (Not Transported) ",88,Not Applicable (Not Transported),,,,,,,2,0
2020,34,340543,New Jersey,2,2,0,0,0,4,4,29,OCEAN (29),3360,TOMS RIVER,26,26,12,December,2020,7,Saturday,10,10:00am-10:59am,54,54,1,This section IS ON the NHS,2,Urban,3,Principal Arterial - Other,1,State Highway Agency,3,State Highway,SR-37,GARFIELD AVE,105,105,39.95187778,39.95187778,-74.149600000,-74.149600000,0,No Special Jurisdiction,12,Motor Vehicle In-Transport,1,Front-to-Rear,0,No,3,Intersection-Related,3,T-Intersection,0,None,,,1,On Roadway,1,Daylight,,,,,1,Clear,0,No,0000000,Not Applicable,10,10:00am-10:59am,58,58,11,11:00am-11:59am,6,6,11,11:00am-11:59am,17,17,,,,,,,1,0
2020,34,340544,New Jersey,2,2,0,0,0,4,4,3,BERGEN (3),710,CRESSKILL,4,4,12,December,2020,6,Friday,11,11:00am-11:59am,0,0,0,This section IS NOT on the NHS,2,Urban,4,Minor Arterial,4,City or Municipal Highway Agency,4,County Road,CR-742 MADISON AVE,JEFFERSON AVE,0,None,40.94161111,40.94161111,-73.969997220,-73.969997220,0,No Special Jurisdiction,12,Motor Vehicle In-Transport,6,Angle,0,No,2,Intersection,2,Four-Way Intersection,0,None,,,1,On Roadway,1,Daylight,,,,,1,Clear,0,No,0000000,Not Applicable,11,11:00am-11:59am,0,0,11,11:00am-11:59am,3,3,99,Unknown,99,Unknown EMS Hospital Arrival Time,,,,,,,1,0
2020,34,340545,New Jersey,5,5,0,0,0,8,8,31,PASSAIC (31),660,CLIFTON,23,23,12,December,2020,4,Wednesday,20,8:00pm-8:59pm,23,23,1,This section IS ON the NHS,2,Urban,2,Principal Arterial - Other Freeways and Expressways,31,State Toll Road,8,Other,444,,1548,1548,40.85795278,40.85795278,-74.173744440,-74.173744440,0,No Special Jurisdiction,24,Guardrail Face,0,The First Harmful Event was Not a Collision with a Motor Vehicle in Transport,0,No,1,Non-Junction,1,Not an Intersection,0,None,,,3,On Median,2,Dark - Not Lighted,,,,,1,Clear,0,No,0000000,Not Applicable,20,8:00pm-8:59pm,24,24,20,8:00pm-8:59pm,34,34,20,8:00pm-8:59pm,54,54,,,,,,,2,1
2020,34,340546,New Jersey,3,3,0,0,0,5,5,29,OCEAN (29),1505,CASSVILLE,24,24,12,December,2020,5,Thursday,18,6:00pm-6:59pm,2,2,0,This section IS NOT on the NHS,2,Urban,5,Major Collector,2,County Highway Agency,4,County Road,CR-527 CEDAR SWMP RD,I-195 RAMP,187,187,40.15563889,40.15563889,-74.346758330,-74.346758330,0,No Special Jurisdiction,12,Motor Vehicle In-Transport,6,Angle,1,Yes,5,Entrance/Exit Ramp Related,1,Not an Intersection,0,None,,,1,On Roadway,3,Dark - Lighted,,,,,6,Severe Crosswinds,0,No,0000000,Not Applicable,18,6:00pm-6:59pm,5,5,18,6:00pm-6:59pm,11,11,18,6:00pm-6:59pm,49,49,,,,,,,1,0
2020,34,340547,New Jersey,1,1,0,1,1,1,1,1,ATLANTIC (1),851,EGG HARBOR TOWNSHIP,6,6,12,December,2020,1,Sunday,20,8:00pm-8:59pm,1,1,1,This section IS ON the NHS,2,Urban,3,Principal Arterial - Other,1,State Highway Agency,2,U.S. Highway,US-40,PALERMO AVE,600,600,39.38679167,39.38679167,-74.515363890,-74.515363890,0,No Special Jurisdiction,8,Pedestrian,0,The First Harmful Event was Not a Collision with a Motor Vehicle in Transport,0,No,3,Intersection-Related,3,T-Intersection,0,None,,,1,On Roadway,3,Dark - Lighted,,,,,1,Clear,0,No,0000000,Not Applicable,20,8:00pm-8:59pm,1,1,20,8:00pm-8:59pm,6,6,88,"Not Applicable (Not Transported) ",88,Not Applicable (Not Transported),,,,,,,1,0
2020,34,340548,New Jersey,1,1,0,1,1,1,1,13,ESSEX (13),2130,NEWARK,10,10,10,October,2020,7,Saturday,15,3:00pm-3:59pm,35,35,0,This section IS NOT on the NHS,2,Urban,7,Local,4,City or Municipal Highway Agency,6,Local Street - Municipality,SUMMER AVE,,0,None,40.76377500,40.76377500,-74.169216670,-74.169216670,0,No Special Jurisdiction,9,Pedalcyclist,0,The First Harmful Event was Not a Collision with a Motor Vehicle in Transport,0,No,1,Non-Junction,1,Not an Intersection,0,None,,,1,On Roadway,1,Daylight,,,,,1,Clear,0,No,0000000,Not Applicable,15,3:00pm-3:59pm,39,39,15,3:00pm-3:59pm,46,46,16,4:00pm-4:59pm,2,2,,,,,,,1,0
2020,34,340549,New Jersey,4,2,2,0,0,2,2,13,ESSEX (13),2130,NEWARK,25,25,9,September,2020,6,Friday,20,8:00pm-8:59pm,30,30,0,This section IS NOT on the NHS,2,Urban,4,Minor Arterial,4,City or Municipal Highway Agency,6,Local Street - Municipality,MT PROPECT AVE,,0,None,40.76500833,40.76500833,-74.170611110,-74.170611110,0,No Special Jurisdiction,12,Motor Vehicle In-Transport,6,Angle,0,No,1,Non-Junction,1,Not an Intersection,0,None,,,1,On Roadway,1,Daylight,,,,,1,Clear,0,No,0000000,Not Applicable,6,6:00am-6:59am,48,48,6,6:00am-6:59am,53,53,7,7:00am-7:59am,12,12,,,,,,,1,0
2020,34,340550,New Jersey,3,3,0,0,0,10,10,13,ESSEX (13),2130,NEWARK,26,26,11,November,2020,5,Thursday,22,10:00pm-10:59pm,33,33,1,This section IS ON the NHS,2,Urban,4,Minor Arterial,4,City or Municipal Highway Agency,6,Local Street - Municipality,HAYNES AVE,,0,None,40.70195278,40.70195278,-74.189763890,-74.189763890,0,No Special Jurisdiction,12,Motor Vehicle In-Transport,7,Sideswipe - Same Direction,0,No,1,Non-Junction,1,Not an Intersection,0,None,,,1,On Roadway,3,Dark - Lighted,,,,,1,Clear,0,No,0000000,Not Applicable,22,10:00pm-10:59pm,41,41,22,10:00pm-10:59pm,49,49,23,11:00pm-11:59pm,36,36,,,,,,,1,2
2020,34,340551,New Jersey,1,1,0,0,0,1,1,13,ESSEX (13),800,EAST ORANGE,29,29,12,December,2020,3,Tuesday,19,7:00pm-7:59pm,45,45,0,This section IS NOT on the NHS,2,Urban,4,Minor Arterial,4,City or Municipal Highway Agency,6,Local Street - Municipality,NORTH GROVE ST,,0,None,40.76213889,40.76213889,-74.203333330,-74.203333330,0,No Special Jurisdiction,42,Tree (Standing Only),0,The First Harmful Event was Not a Collision with a Motor Vehicle in Transport,0,No,1,Non-Junction,1,Not an Intersection,0,None,,,4,On Roadside,1,Daylight,,,,,1,Clear,0,No,0000000,Not Applicable,99,Unknown,99,Unknown,99,Unknown EMS Scene Arrival Hour,99,Unknown EMS Scene Arrival Minutes,99,Unknown,99,Unknown EMS Hospital Arrival Time,,,,,,,1,0
2020,34,340552,New Jersey,2,2,0,0,0,2,2,13,ESSEX (13),230,BELLEVILLE,31,31,8,August,2020,2,Monday,20,8:00pm-8:59pm,2,2,0,This section IS NOT on the NHS,2,Urban,4,Minor Arterial,1,State Highway Agency,3,State Highway,SR-7,VAN HOUTEN PLACE,66,66,40.78936944,40.78936944,-74.152113890,-74.152113890,0,No Special Jurisdiction,12,Motor Vehicle In-Transport,6,Angle,0,No,2,Intersection,3,T-Intersection,0,None,,,1,On Roadway,3,Dark - Lighted,,,,,1,Clear,0,No,0000000,Not Applicable,20,8:00pm-8:59pm,6,6,20,8:00pm-8:59pm,20,20,88,"Not Applicable (Not Transported) ",88,Not Applicable (Not Transported),,,,,,,1,0
2020,34,340553,New Jersey,1,1,0,0,0,1,1,13,ESSEX (13),2130,NEWARK,26,26,9,September,2020,7,Saturday,0,0:00am-0:59am,6,6,0,This section IS NOT on the NHS,2,Urban,5,Major Collector,4,City or Municipal Highway Agency,6,Local Street - Municipality,W PEDDIE ST,IRVING TURNER BLVD,0,None,40.71399167,40.71399167,-74.196561110,-74.196561110,0,No Special Jurisdiction,42,Tree (Standing Only),0,The First Harmful Event was Not a Collision with a Motor Vehicle in Transport,0,No,3,Intersection-Related,2,Four-Way Intersection,0,None,,,4,On Roadside,3,Dark - Lighted,,,,,1,Clear,0,No,0000000,Not Applicable,0,0:00am-0:59am,6,6,0,0:00am-0:59am,10,10,88,"Not Applicable (Not Transported) ",88,Not Applicable (Not Transported),,,,,,,1,0
2020,34,340554,New Jersey,1,1,0,0,0,1,1,3,BERGEN (3),2842,RIVER VALE,6,6,8,August,2020,5,Thursday,15,3:00pm-3:59pm,53,53,0,This section IS NOT on the NHS,2,Urban,4,Minor Arterial,2,County Highway Agency,4,County Road,CR-114 PIERMONT AVE,CR 53 RIVERVALE RD,31,31,41.00987778,41.00987778,-74.010608330,-74.010608330,0,No Special Jurisdiction,42,Tree (Standing Only),0,The First Harmful Event was Not a Collision with a Motor Vehicle in Transport,0,No,3,Intersection-Related,3,T-Intersection,0,None,,,5,Outside Trafficway,1,Daylight,,,,,1,Clear,0,No,0000000,Not Applicable,16,4:00pm-4:59pm,14,14,16,4:00pm-4:59pm,22,22,88,"Not Applicable (Not Transported) ",88,Not Applicable (Not Transported),,,,,,,1,1
2020,34,340555,New Jersey,1,1,0,1,1,1,1,39,UNION (39),860,ELIZABETH,20,20,8,August,2020,5,Thursday,3,3:00am-3:59am,22,22,0,This section IS NOT on the NHS,6,Trafficway Not in State Inventory,96,Trafficway Not in State Inventory,96,Trafficway Not in State Inventory,8,Other,WILLOW CT,,0,None,40.67317222,40.67317222,-74.220022220,-74.220022220,0,No Special Jurisdiction,8,Pedestrian,0,The First Harmful Event was Not a Collision with a Motor Vehicle in Transport,0,No,1,Non-Junction,1,Not an Intersection,0,None,,,1,On Roadway,3,Dark - Lighted,,,,,1,Clear,0,No,0000000,Not Applicable,0,0:00am-0:59am,26,26,0,0:00am-0:59am,30,30,0,0:00am-0:59am,49,49,,,,,,,1,0
2021,34,340001,New Jersey,2,2,0,0,0,2,2,7,CAMDEN (7),2545,PENNSAUKEN,31,31,1,January,2021,1,Sunday,0,0:00am-0:59am,55,55,1,This section IS ON the NHS,2,Urban,3,Principal Arterial - Other,1,State Highway Agency,3,State Highway,SR-38,MANSION BLVD,11,11,39.93562222,39.93562222,-75.060711110,-75.060711110,0,No Special Jurisdiction,12,Motor Vehicle In-Transport,6,Angle,0,No,2,Intersection,2,Four-Way Intersection,0,None,,,1,On Roadway,3,Dark - Lighted,,,,,1,Clear,0,No,0000000,Not Applicable,0,0:00am-0:59am,56,56,1,1:00am-1:59am,0,0,88,"Not Applicable (Not Transported) ",88,Not Applicable (Not Transported),,,,,,,1,
2021,34,340002,New Jersey,1,1,0,0,0,1,1,15,GLOUCESTER (15),3569,WEST DEPTFORD,31,31,1,January,2021,1,Sunday,10,10:00am-10:59am,46,46,1,This section IS ON the NHS,2,Urban,1,Interstate,1,State Highway Agency,1,Interstate,I-295,,198,198,39.83599444,39.83599444,-75.204127780,-75.204127780,0,No Special Jurisdiction,24,Guardrail Face,0,The First Harmful Event was Not a Collision with a Motor Vehicle in Transport,0,No,1,Non-Junction,1,Not an Intersection,0,None,,,3,On Median,1,Daylight,,,,,10,Cloudy,0,No,0000000,Not Applicable,10,10:00am-10:59am,46,46,10,10:00am-10:59am,53,53,88,"Not Applicable (Not Transported) ",88,Not Applicable (Not Transported),,,,,,,1,
2021,34,340003,New Jersey,2,2,0,0,0,2,2,33,SALEM (33),0,NOT APPLICABLE,27,27,1,January,2021,4,Wednesday,12,12:00pm-12:59pm,25,25,0,This section IS NOT on the NHS,1,Rural,4,Minor Arterial,1,State Highway Agency,3,State Highway,SR-77,CR-666,164,164,39.64871111,39.64871111,-75.219791670,-75.219791670,0,No Special Jurisdiction,12,Motor Vehicle In-Transport,6,Angle,0,No,2,Intersection,2,Four-Way Intersection,0,None,,,1,On Roadway,1,Daylight,,,,,1,Clear,0,No,0000000,Not Applicable,12,12:00pm-12:59pm,22,22,12,12:00pm-12:59pm,29,29,88,"Not Applicable (Not Transported) ",88,Not Applicable (Not Transported),,,,,,,1,
2021,34,340004,New Jersey,1,1,0,0,0,1,1,35,SOMERSET (35),1081,FRANKLIN PARK,29,29,1,January,2021,6,Friday,21,9:00pm-9:59pm,22,22,0,This section IS NOT on the NHS,8,Not Reported,7,Local,4,City or Municipal Highway Agency,6,Local Street - Municipality,CANAL RD,,0,None,40.46091667,40.46091667,-74.582113890,-74.582113890,0,No Special Jurisdiction,3,Immersion or Partial Immersion,0,The First Harmful Event was Not a Collision with a Motor Vehicle in Transport,0,No,1,Non-Junction,1,Not an Intersection,0,None,,,5,Outside Trafficway,2,Dark - Not Lighted,,,,,1,Clear,0,No,0000000,Not Applicable,21,9:00pm-9:59pm,23,23,21,9:00pm-9:59pm,37,37,88,"Not Applicable (Not Transported) ",88,Not Applicable (Not Transported),,,,,,,1,
2021,34,340005,New Jersey,3,1,2,0,0,1,1,17,HUDSON (17),1520,JERSEY CITY,27,27,1,January,2021,4,Wednesday,7,7:00am-7:59am,40,40,0,This section IS NOT on the NHS,2,Urban,7,Local,4,City or Municipal Highway Agency,6,Local Street - Municipality,NEW YORK AVE,HUTTON ST,0,None,40.74279167,40.74279167,-74.046161110,-74.046161110,0,No Special Jurisdiction,14,Parked Motor Vehicle,0,The First Harmful Event was Not a Collision with a Motor Vehicle in Transport,0,No,3,Intersection-Related,2,Four-Way Intersection,0,None,,,2,On Shoulder,1,Daylight,,,,,1,Clear,0,No,0000000,Not Applicable,7,7:00am-7:59am,45,45,7,7:00am-7:59am,50,50,88,"Not Applicable (Not Transported) ",88,Not Applicable (Not Transported),,,,,,,1,
2021,34,340006,New Jersey,1,1,0,1,1,1,1,21,MERCER (21),3380,TRENTON,3,3,1,January,2021,1,Sunday,21,9:00pm-9:59pm,7,7,0,This section IS NOT on the NHS,2,Urban,7,Local,4,City or Municipal Highway Agency,6,Local Street - Municipality,GENESSE ST,,0,None,40.20781111,40.20781111,-74.749772220,-74.749772220,0,No Special Jurisdiction,8,Pedestrian,0,The First Harmful Event was Not a Collision with a Motor Vehicle in Transport,0,No,1,Non-Junction,1,Not an Intersection,0,None,,,1,On Roadway,7,Other,,,,,2,Rain,0,No,0000000,Not Applicable,21,9:00pm-9:59pm,8,8,21,9:00pm-9:59pm,11,11,21,9:00pm-9:59pm,19,19,,,,,,,1,
2021,34,340007,New Jersey,1,1,0,0,0,1,1,5,BURLINGTON (5),1880,MEDFORD,11,11,1,January,2021,2,Monday,11,11:00am-11:59am,26,26,0,This section IS NOT on the NHS,2,Urban,4,Minor Arterial,2,County Highway Agency,4,County Road,CR-623 TAUNTON RD,,20,20,39.87852500,39.87852500,-74.837000000,-74.837000000,0,No Special Jurisdiction,33,Curb,0,The First Harmful Event was Not a Collision with a Motor Vehicle in Transport,0,No,1,Non-Junction,1,Not an Intersection,0,None,,,4,On Roadside,1,Daylight,,,,,1,Clear,0,No,0000000,Not Applicable,11,11:00am-11:59am,3,3,11,11:00am-11:59am,8,8,99,Unknown,99,Unknown EMS Hospital Arrival Time,,,,,,,1,
2021,34,340008,New Jersey,1,1,0,0,0,2,2,15,GLOUCESTER (15),747,DEPTFORD,12,12,1,January,2021,3,Tuesday,13,1:00pm-1:59pm,53,53,0,This section IS NOT on the NHS,2,Urban,7,Local,4,City or Municipal Highway Agency,6,Local Street - Municipality,CAULFIELD AVE,,0,None,39.83132222,39.83132222,-75.113786110,-75.113786110,0,No Special Jurisdiction,35,Embankment,0,The First Harmful Event was Not a Collision with a Motor Vehicle in Transport,0,No,1,Non-Junction,1,Not an Intersection,0,None,,,5,Outside Trafficway,1,Daylight,,,,,1,Clear,0,No,0000000,Not Applicable,13,1:00pm-1:59pm,54,54,14,2:00pm-2:59pm,0,0,88,"Not Applicable (Not Transported) ",88,Not Applicable (Not Transported),,,,,,,2,
2021,34,340009,New Jersey,1,1,0,0,0,2,2,25,MONMOUTH (25),1798,MANALAPAN,16,16,1,January,2021,7,Saturday,21,9:00pm-9:59pm,31,31,1,This section IS ON the NHS,2,Urban,3,Principal Arterial - Other,1,State Highway Agency,2,U.S. Highway,US-9,,1170,1170,40.29795278,40.29795278,-74.301777780,-74.301777780,0,No Special Jurisdiction,33,Curb,0,The First Harmful Event was Not a Collision with a Motor Vehicle in Transport,0,No,1,Non-Junction,1,Not an Intersection,0,None,,,4,On Roadside,2,Dark - Not Lighted,,,,,1,Clear,0,No,0000000,Not Applicable,21,9:00pm-9:59pm,34,34,21,9:00pm-9:59pm,44,44,22,10:00pm-10:59pm,23,23,,,,,,,2,
2021,34,340010,New Jersey,1,1,0,0,0,1,1,29,OCEAN (29),1801,MANCHESTER TOWNSHIP,23,23,1,January,2021,7,Saturday,2,2:00am-2:59am,9,9,1,This section IS ON the NHS,1,Rural,3,Principal Arterial - Other,1,State Highway Agency,3,State Highway,SR-70,,355,355,39.95613889,39.95613889,-74.442841670,-74.442841670,0,No Special Jurisdiction,1,Rollover/Overturn,0,The First Harmful Event was Not a Collision with a Motor Vehicle in Transport,0,No,1,Non-Junction,1,Not an Intersection,0,None,,,1,On Roadway,2,Dark - Not Lighted,,,,,1,Clear,0,No,0000000,Not Applicable,2,2:00am-2:59am,10,10,2,2:00am-2:59am,23,23,88,"Not Applicable (Not Transported) ",88,Not Applicable (Not Transported),,,,,,,1,
2021,34,340011,New Jersey,1,1,0,0,0,1,1,1,ATLANTIC (1),851,EGG HARBOR TOWNSHIP,6,6,1,January,2021,4,Wednesday,14,2:00pm-2:59pm,28,28,1,This section IS ON the NHS,2,Urban,2,Principal Arterial - Other Freeways and Expressways,31,State Toll Road,8,Other,444 GARDEN STATE PARKWAY,,374,374,39.41583056,39.41583056,-74.552458330,-74.552458330,0,No Special Jurisdiction,24,Guardrail Face,0,The First Harmful Event was Not a Collision with a Motor Vehicle in Transport,0,No,1,Non-Junction,1,Not an Intersection,0,None,,,3,On Median,1,Daylight,,,,,1,Clear,0,No,0000000,Not Applicable,14,2:00pm-2:59pm,36,36,14,2:00pm-2:59pm,43,43,88,"Not Applicable (Not Transported) ",88,Not Applicable (Not Transported),,,,,,,1,
2021,34,340012,New Jersey,1,1,0,0,0,1,1,29,OCEAN (29),0,NOT APPLICABLE,24,24,1,January,2021,1,Sunday,21,9:00pm-9:59pm,27,27,1,This section IS ON the NHS,2,Urban,2,Principal Arterial - Other Freeways and Expressways,31,State Toll Road,8,Other,444 GARDEN STATE PARKWAY,,608,608,39.66904167,39.66904167,-74.316455560,-74.316455560,0,No Special Jurisdiction,42,Tree (Standing Only),0,The First Harmful Event was Not a Collision with a Motor Vehicle in Transport,0,No,1,Non-Junction,1,Not an Intersection,0,None,,,4,On Roadside,2,Dark - Not Lighted,,,,,1,Clear,0,No,0000000,Not Applicable,21,9:00pm-9:59pm,32,32,21,9:00pm-9:59pm,39,39,88,"Not Applicable (Not Transported) ",88,Not Applicable (Not Transported),,,,,,,1,
2021,34,340013,New Jersey,1,1,0,0,0,1,1,27,MORRIS (27),745,DENVILLE,17,17,1,January,2021,1,Sunday,13,1:00pm-1:59pm,30,30,1,This section IS ON the NHS,2,Urban,1,Interstate,1,State Highway Agency,1,Interstate,I-80,,398,398,40.88835278,40.88835278,-74.474169440,-74.474169440,0,No Special Jurisdiction,25,Concrete Traffic Barrier,0,The First Harmful Event was Not a Collision with a Motor Vehicle in Transport,0,No,1,Non-Junction,1,Not an Intersection,0,None,,,3,On Median,1,Daylight,,,,,1,Clear,0,No,0000000,Not Applicable,99,Unknown,99,Unknown,99,Unknown EMS Scene Arrival Hour,99,Unknown EMS Scene Arrival Minutes,99,Unknown,99,Unknown EMS Hospital Arrival Time,,,,,,,1,
2021,34,340014,New Jersey,1,1,0,0,0,1,1,27,MORRIS (27),2003,MONTVILLE,3,3,1,January,2021,1,Sunday,15,3:00pm-3:59pm,37,37,1,This section IS ON the NHS,2,Urban,3,Principal Arterial - Other,1,State Highway Agency,2,U.S. Highway,US-46,,505,505,40.85841389,40.85841389,-74.344333330,-74.344333330,0,No Special Jurisdiction,25,Concrete Traffic Barrier,0,The First Harmful Event was Not a Collision with a Motor Vehicle in Transport,0,No,1,Non-Junction,1,Not an Intersection,0,None,,,3,On Median,1,Daylight,,,,,12,Freezing Rain or Drizzle,0,No,0000000,Not Applicable,99,Unknown,99,Unknown,99,Unknown EMS Scene Arrival Hour,99,Unknown EMS Scene Arrival Minutes,99,Unknown,99,Unknown EMS Hospital Arrival Time,,,,,,,1,