caseyear,state,st_case,statename,ve_total,ve_forms,pvh_invl,peds,pernotmvit,permvit,persons,county,countyname,city,cityname,day,dayname,month,monthname,year,day_week,day_weekname,hour,hourname,minute,minutename,nhs,nhsname,rur_urb,rur_urbname,func_sys,func_sysname,rd_owner,rd_ownername,route,routename,tway_id,tway_id2,milept,mileptname,latitude,latitudename,longitud,longitudname,sp_jur,sp_jurname,harm_ev,harm_evname,man_coll,man_collname,reljct1,reljct1name,reljct2,reljct2name,typ_int,typ_intname,wrk_zone,wrk_zonename,road_fnc,road_fncname,rel_road,rel_roadname,lgt_cond,lgt_condname,weather1,weather1name,weather2,weather2name,weather,weathername,sch_bus,sch_busname,rail,railname,not_hour,not_hourname,not_min,not_minname,arr_hour,arr_hourname,arr_min,arr_minname,hosp_hr,hosp_hrname,hosp_mn,hosp_mnname,cf1,cf1name,cf2,cf2name,cf3,cf3name,fatals,drunk_dr
2021,34,340052,New Jersey,2,2,0,0,0,3,3,11,CUMBERLAND (11),420,BRIDGETON,27,27,2,February,2021,7,Saturday,0,0:00am-0:59am,24,24,0,This section IS NOT on the NHS,2,Urban,4,Minor Arterial,1,State Highway Agency,3,State Highway,SR-77,IRVING AVE,5,5,39.43370278,39.43370278,-75.230111110,-75.230111110,0,No Special Jurisdiction,12,Motor Vehicle In-Transport,6,Angle,0,No,2,Intersection,2,Four-Way Intersection,0,None,,,1,On Roadway,3,Dark - Lighted,,,,,2,Rain,0,No,0000000,Not Applicable,0,0:00am-0:59am,23,23,0,0:00am-0:59am,27,27,0,0:00am-0:59am,54,54,,,,,,,1,
2021,34,340053,New Jersey,2,2,0,0,0,2,2,23,MIDDLESEX (23),3144,SOUTH BRUNSWICK,4,4,2,February,2021,5,Thursday,18,6:00pm-6:59pm,21,21,1,This section IS ON the NHS,2,Urban,3,Principal Arterial - Other,1,State Highway Agency,2,U.S. Highway,US-130,DEANS-RHODE HALL RD,780,780,40.40134444,40.40134444,-74.508400000,-74.508400000,0,No Special Jurisdiction,12,Motor Vehicle In-Transport,6,Angle,0,No,2,Intersection,4,Y-Intersection,0,None,,,1,On Roadway,3,Dark - Lighted,,,,,1,Clear,0,No,0000000,Not Applicable,18,6:00pm-6:59pm,27,27,18,6:00pm-6:59pm,34,34,19,7:00pm-7:59pm,14,14,,,,,,,1,
2021,34,340054,New Jersey,2,2,0,0,0,2,2,39,UNION (39),616,CLARK,15,15,2,February,2021,2,Monday,2,2:00am-2:59am,41,41,1,This section IS ON the NHS,2,Urban,2,Principal Arterial - Other Freeways and Expressways,31,State Toll Road,8,Other,"444 ",,1363,1363,40.62837778,40.62837778,-74.302991670,-74.302991670,0,No Special Jurisdiction,12,Motor Vehicle In-Transport,1,Front-to-Rear,0,No,1,Non-Junction,1,Not an Intersection,0,None,,,1,On Roadway,3,Dark - Lighted,,,,,1,Clear,0,No,0000000,Not Applicable,2,2:00am-2:59am,43,43,2,2:00am-2:59am,56,56,3,3:00am-3:59am,22,22,,,,,,,1,
2021,34,340055,New Jersey,1,1,0,0,0,1,1,13,ESSEX (13),2130,NEWARK,2,2,2,February,2021,3,Tuesday,20,8:00pm-8:59pm,51,51,1,This section IS ON the NHS,2,Urban,1,Interstate,1,State Highway Agency,1,Interstate,I-78,,548,548,40.71661944,40.71661944,-74.216244440,-74.216244440,0,No Special Jurisdiction,33,Curb,0,The First Harmful Event was Not a Collision with a Motor Vehicle in Transport,0,No,1,Non-Junction,1,Not an Intersection,0,None,,,3,On Median,3,Dark - Lighted,,,,,1,Clear,0,No,0000000,Not Applicable,99,Unknown,99,Unknown,99,Unknown EMS Scene Arrival Hour,99,Unknown EMS Scene Arrival Minutes,99,Unknown,99,Unknown EMS Hospital Arrival Time,,,,,,,1,
2021,34,340056,New Jersey,2,2,0,0,0,2,2,37,SUSSEX (37),0,NOT APPLICABLE,26,26,2,February,2021,6,Friday,14,2:00pm-2:59pm,22,22,1,This section IS ON the NHS,2,Urban,3,Principal Arterial - Other,1,State Highway Agency,2,U.S. Highway,US-206,,1066,1066,41.02421667,41.02421667,-74.768619440,-74.768619440,0,No Special Jurisdiction,12,Motor Vehicle In-Transport,6,Angle,0,No,8,Driveway Access Related,1,Not an Intersection,0,None,,,1,On Roadway,1,Daylight,,,,,1,Clear,0,No,0000000,Not Applicable,14,2:00pm-2:59pm,22,22,14,2:00pm-2:59pm,27,27,88,"Not Applicable (Not Transported) ",88,Not Applicable (Not Transported),,,,,,,1,
2021,34,340057,New Jersey,3,3,0,0,0,4,4,31,PASSAIC (31),2510,PATERSON,24,24,2,February,2021,4,Wednesday,4,4:00am-4:59am,51,51,1,This section IS ON the NHS,2,Urban,3,Principal Arterial - Other,1,State Highway Agency,3,State Highway,SR-20,17TH AVE,13,13,40.91066389,40.91066389,-74.133952780,-74.133952780,0,No Special Jurisdiction,12,Motor Vehicle In-Transport,2,Front-to-Front,0,No,3,Intersection-Related,3,T-Intersection,0,None,,,1,On Roadway,4,Dawn,,,,,10,Cloudy,0,No,0000000,Not Applicable,5,5:00am-5:59am,2,2,5,5:00am-5:59am,20,20,5,5:00am-5:59am,38,38,,,,,,,1,
2021,34,340058,New Jersey,1,1,0,1,1,1,1,7,CAMDEN (7),520,CAMDEN,27,27,1,January,2021,4,Wednesday,21,9:00pm-9:59pm,53,53,1,This section IS ON the NHS,2,Urban,3,Principal Arterial - Other,1,State Highway Agency,3,State Highway,SR-168,,102,102,39.91156944,39.91156944,-75.099000000,-75.099000000,0,No Special Jurisdiction,8,Pedestrian,0,The First Harmful Event was Not a Collision with a Motor Vehicle in Transport,0,No,1,Non-Junction,1,Not an Intersection,0,None,,,1,On Roadway,2,Dark - Not Lighted,,,,,1,Clear,0,No,0000000,Not Applicable,21,9:00pm-9:59pm,54,54,22,10:00pm-10:59pm,0,0,22,10:00pm-10:59pm,9,9,,,,,,,1,
2021,34,340059,New Jersey,1,1,0,1,1,1,1,17,HUDSON (17),1520,JERSEY CITY,29,29,1,January,2021,6,Friday,20,8:00pm-8:59pm,44,44,0,This section IS NOT on the NHS,2,Urban,4,Minor Arterial,4,City or Municipal Highway Agency,6,Local Street - Municipality,BALDWIN AVE,BEACON AVE,0,None,40.73574722,40.73574722,-74.052400000,-74.052400000,0,No Special Jurisdiction,8,Pedestrian,0,The First Harmful Event was Not a Collision with a Motor Vehicle in Transport,0,No,3,Intersection-Related,2,Four-Way Intersection,0,None,,,1,On Roadway,3,Dark - Lighted,,,,,1,Clear,0,No,0000000,Not Applicable,20,8:00pm-8:59pm,45,45,20,8:00pm-8:59pm,47,47,21,9:00pm-9:59pm,2,2,,,,,,,1,
2021,34,340060,New Jersey,2,2,0,0,0,3,3,29,OCEAN (29),0,NOT APPLICABLE,30,30,1,January,2021,7,Saturday,21,9:00pm-9:59pm,49,49,0,This section IS NOT on the NHS,2,Urban,4,Minor Arterial,2,County Highway Agency,4,County Road,CR-601 RADIO RD,,19,19,39.58346667,39.58346667,-74.359288890,-74.359288890,0,No Special Jurisdiction,12,Motor Vehicle In-Transport,2,Front-to-Front,0,No,1,Non-Junction,1,Not an Intersection,0,None,,,1,On Roadway,2,Dark - Not Lighted,,,,,1,Clear,0,No,0000000,Not Applicable,21,9:00pm-9:59pm,52,52,22,10:00pm-10:59pm,7,7,23,11:00pm-11:59pm,13,13,,,,,,,1,
2021,34,340061,New Jersey,1,1,0,1,1,2,2,31,PASSAIC (31),2510,PATERSON,13,13,2,February,2021,7,Saturday,22,10:00pm-10:59pm,39,39,0,This section IS NOT on the NHS,2,Urban,4,Minor Arterial,2,County Highway Agency,4,County Road,CR-653 18TH ST,ELLISON ST,1,1,40.91689444,40.91689444,-74.156072220,-74.156072220,0,No Special Jurisdiction,8,Pedestrian,0,The First Harmful Event was Not a Collision with a Motor Vehicle in Transport,0,No,3,Intersection-Related,2,Four-Way Intersection,0,None,,,1,On Roadway,3,Dark - Lighted,,,,,1,Clear,0,No,0000000,Not Applicable,22,10:00pm-10:59pm,40,40,99,Unknown EMS Scene Arrival Hour,97,Officially Cancelled,99,Unknown,97,Officially Canceled,,,,,,,1,
2021,34,340062,New Jersey,1,1,0,1,1,1,1,25,MONMOUTH (25),2109,NEPTUNE CITY,27,27,2,February,2021,7,Saturday,16,4:00pm-4:59pm,2,2,0,This section IS NOT on the NHS,2,Urban,4,Minor Arterial,1,State Highway Agency,3,State Highway,SR-71,STOCKTON AVE,75,75,40.20925833,40.20925833,-74.015727780,-74.015727780,0,No Special Jurisdiction,8,Pedestrian,0,The First Harmful Event was Not a Collision with a Motor Vehicle in Transport,0,No,2,Intersection,2,Four-Way Intersection,0,None,,,1,On Roadway,1,Daylight,,,,,1,Clear,0,No,0000000,Not Applicable,16,4:00pm-4:59pm,3,3,16,4:00pm-4:59pm,12,12,16,4:00pm-4:59pm,24,24,,,,,,,1,
2021,34,340063,New Jersey,1,1,0,0,0,1,1,3,BERGEN (3),2780,RIDGEFIELD PARK,28,28,3,March,2021,1,Sunday,7,7:00am-7:59am,17,17,1,This section IS ON the NHS,2,Urban,1,Interstate,31,State Toll Road,1,Interstate,I-95,,726,726,40.85098333,40.85098333,-74.015844440,-74.015844440,0,No Special Jurisdiction,25,Concrete Traffic Barrier,0,The First Harmful Event was Not a Collision with a Motor Vehicle in Transport,0,No,1,Non-Junction,1,Not an Intersection,0,None,,,3,On Median,4,Dawn,,,,,2,Rain,0,No,0000000,Not Applicable,7,7:00am-7:59am,25,25,7,7:00am-7:59am,38,38,88,"Not Applicable (Not Transported) ",88,Not Applicable (Not Transported),,,,,,,1,
2021,34,340064,New Jersey,1,1,0,1,1,1,1,39,UNION (39),860,ELIZABETH,15,15,3,March,2021,2,Monday,22,10:00pm-10:59pm,51,51,1,This section IS ON the NHS,2,Urban,3,Principal Arterial - Other,1,State Highway Agency,2,U.S. Highway,US-1,EAS JERSEY ST,443,443,40.66244167,40.66244167,-74.206905560,-74.206905560,0,No Special Jurisdiction,8,Pedestrian,0,The First Harmful Event was Not a Collision with a Motor Vehicle in Transport,0,No,3,Intersection-Related,2,Four-Way Intersection,0,None,,,1,On Roadway,3,Dark - Lighted,,,,,1,Clear,0,No,0000000,Not Applicable,22,10:00pm-10:59pm,58,58,23,11:00pm-11:59pm,1,1,88,"Not Applicable (Not Transported) ",88,Not Applicable (Not Transported),,,,,,,1,
2021,34,340065,New Jersey,1,1,0,0,0,6,6,23,MIDDLESEX (23),570,CARTERET,26,26,2,February,2021,6,Friday,22,10:00pm-10:59pm,25,25,1,This section IS ON the NHS,2,Urban,1,Interstate,31,State Toll Road,1,Interstate,I-95,,499,499,40.58778333,40.58778333,-74.238938890,-74.238938890,0,No Special Jurisdiction,24,Guardrail Face,0,The First Harmful Event was Not a Collision with a Motor Vehicle in Transport,0,No,1,Non-Junction,1,Not an Intersection,0,None,,,3,On Median,2,Dark - Not Lighted,,,,,10,Cloudy,0,No,0000000,Not Applicable,22,10:00pm-10:59pm,25,25,22,10:00pm-10:59pm,29,29,23,11:00pm-11:59pm,40,40,,,,,,,1,
2021,34,340066,New Jersey,2,2,0,0,0,2,2,33,SALEM (33),0,NOT APPLICABLE,19,19,2,February,2021,6,Friday,14,2:00pm-2:59pm,9,9,1,This section IS ON the NHS,1,Rural,1,Interstate,1,State Highway Agency,1,Interstate,I-295,,76,76,39.73909722,39.73909722,-75.395344440,-75.395344440,0,No Special Jurisdiction,12,Motor Vehicle In-Transport,7,Sideswipe - Same Direction,0,No,1,Non-Junction,1,Not an Intersection,0,None,,,1,On Roadway,1,Daylight,,,,,1,Clear,0,No,0000000,Not Applicable,14,2:00pm-2:59pm,10,10,14,2:00pm-2:59pm,15,15,88,"Not Applicable (Not Transported) ",88,Not Applicable (Not Transported),,,,,,,1,
2021,34,340067,New Jersey,2,1,1,0,1,1,2,35,SOMERSET (35),0,NOT APPLICABLE,17,17,2,February,2021,4,Wednesday,0,0:00am-0:59am,30,30,1,This section IS ON the NHS,2,Urban,1,Interstate,1,State Highway Agency,1,Interstate,I-287,,257,257,40.68338056,40.68338056,-74.591194440,-74.591194440,0,No Special Jurisdiction,14,Parked Motor Vehicle,0,The First Harmful Event was Not a Collision with a Motor Vehicle in Transport,0,No,1,Non-Junction,1,Not an Intersection,0,None,,,2,On Shoulder,2,Dark - Not Lighted,,,,,1,Clear,0,No,0000000,Not Applicable,0,0:00am-0:59am,45,45,1,1:00am-1:59am,1,1,88,"Not Applicable (Not Transported) ",88,Not Applicable (Not Transported),,,,,,,1,
2021,34,340068,New Jersey,1,1,0,1,1,1,1,25,MONMOUTH (25),1352,HAZLET TOWNSHIP,21,21,3,March,2021,1,Sunday,10,10:00am-10:59am,28,28,1,This section IS ON the NHS,2,Urban,3,Principal Arterial - Other,1,State Highway Agency,3,State Highway,SR-35,,428,428,40.42396389,40.42396389,-74.196461110,-74.196461110,0,No Special Jurisdiction,25,Concrete Traffic Barrier,0,The First Harmful Event was Not a Collision with a Motor Vehicle in Transport,0,No,1,Non-Junction,1,Not an Intersection,0,None,,,3,On Median,1,Daylight,,,,,1,Clear,0,No,0000000,Not Applicable,10,10:00am-10:59am,29,29,10,10:00am-10:59am,41,41,11,11:00am-11:59am,24,24,,,,,,,1,
2021,34,340069,New Jersey,2,2,0,0,0,2,2,27,MORRIS (27),0,NOT APPLICABLE,30,30,3,March,2021,3,Tuesday,18,6:00pm-6:59pm,10,10,0,This section IS NOT on the NHS,2,Urban,5,Major Collector,2,County Highway Agency,4,County Road,CR-699 BERKSHIRE VALLEY RD,,25,25,40.96136944,40.96136944,-74.566300000,-74.566300000,0,No Special Jurisdiction,12,Motor Vehicle In-Transport,8,Sideswipe - Opposite Direction,0,No,1,Non-Junction,1,Not an Intersection,0,None,,,1,On Roadway,2,Dark - Not Lighted,,,,,1,Clear,0,No,0000000,Not Applicable,18,6:00pm-6:59pm,17,17,18,6:00pm-6:59pm,30,30,18,6:00pm-6:59pm,53,53,,,,,,,1,
2021,34,340070,New Jersey,1,1,0,0,0,1,1,31,PASSAIC (31),2800,RINGWOOD,21,21,3,March,2021,1,Sunday,18,6:00pm-6:59pm,49,49,0,This section IS NOT on the NHS,2,Urban,4,Minor Arterial,2,County Highway Agency,4,County Road,CR-511 GREENWOOD LAKE TPKE,,292,292,41.11426944,41.11426944,-74.282563890,-74.282563890,0,No Special Jurisdiction,24,Guardrail Face,0,The First Harmful Event was Not a Collision with a Motor Vehicle in Transport,0,No,1,Non-Junction,1,Not an Intersection,0,None,,,4,On Roadside,1,Daylight,,,,,1,Clear,0,No,0000000,Not Applicable,18,6:00pm-6:59pm,46,46,19,7:00pm-7:59pm,8,8,88,"Not Applicable (Not Transported) ",88,Not Applicable (Not Transported),,,,,,,1,
2021,34,340071,New Jersey,1,1,0,0,0,1,1,17,HUDSON (17),1520,JERSEY CITY,10,10,3,March,2021,4,Wednesday,12,12:00pm-12:59pm,16,16,1,This section IS ON the NHS,2,Urban,3,Principal Arterial - Other,2,County Highway Agency,4,County Road,CR-501 KENNEDY BLVD,BOYD AVE,290,290,40.71589444,40.71589444,-74.081841670,-74.081841670,0,No Special Jurisdiction,33,Curb,0,The First Harmful Event was Not a Collision with a Motor Vehicle in Transport,0,No,3,Intersection-Related,2,Four-Way Intersection,0,None,,,4,On Roadside,1,Daylight,,,,,1,Clear,0,No,0000000,Not Applicable,12,12:00pm-12:59pm,17,17,12,12:00pm-12:59pm,21,21,12,12:00pm-12:59pm,45,45,,,,,,,1,
2021,34,340072,New Jersey,2,2,0,1,1,2,2,7,CAMDEN (7),520,CAMDEN,6,6,2,February,2021,7,Saturday,19,7:00pm-7:59pm,34,34,1,This section IS ON the NHS,2,Urban,1,Interstate,1,State Highway Agency,1,Interstate,I-676,,28,28,39.93487222,39.93487222,-75.111455560,-75.111455560,0,No Special Jurisdiction,8,Pedestrian,0,The First Harmful Event was Not a Collision with a Motor Vehicle in Transport,0,No,1,Non-Junction,1,Not an Intersection,0,None,,,1,On Roadway,2,Dark - Not Lighted,,,,,1,Clear,0,No,0000000,Not Applicable,99,Unknown,99,Unknown,99,Unknown EMS Scene Arrival Hour,99,Unknown EMS Scene Arrival Minutes,88,"Not Applicable (Not Transported) ",88,Not Applicable (Not Transported),,,,,,,1,
2021,34,340073,New Jersey,1,1,0,1,1,2,2,27,MORRIS (27),2498,PARSIPPANY,10,10,3,March,2021,4,Wednesday,19,7:00pm-7:59pm,34,34,1,This section IS ON the NHS,2,Urban,3,Principal Arterial - Other,1,State Highway Agency,2,U.S. Highway,US-46,UNNAMED,490,490,40.86188889,40.86188889,-74.372800000,-74.372800000,0,No Special Jurisdiction,8,Pedestrian,0,The First Harmful Event was Not a Collision with a Motor Vehicle in Transport,0,No,2,Intersection,2,Four-Way Intersection,0,None,,,1,On Roadway,2,Dark - Not Lighted,,,,,1,Clear,0,No,0000000,Not Applicable,19,7:00pm-7:59pm,39,39,19,7:00pm-7:59pm,56,56,88,"Not Applicable (Not Transported) ",88,Not Applicable (Not Transported),,,,,,,1,
2021,34,340074,New Jersey,2,2,0,0,0,2,2,25,MONMOUTH (25),2374,OCEAN TOWNSHIP,6,6,3,March,2021,7,Saturday,22,10:00pm-10:59pm,21,21,1,This section IS ON the NHS,2,Urban,2,Principal Arterial - Other Freeways and Expressways,1,State Highway Agency,3,State Highway,SR-18,,110,110,40.24939167,40.24939167,-74.054841670,-74.054841670,0,No Special Jurisdiction,30,Utility Pole/Light Support,0,The First Harmful Event was Not a Collision with a Motor Vehicle in Transport,0,No,1,Non-Junction,1,Not an Intersection,0,None,,,4,On Roadside,6,Dark - Unknown Lighting,,,,,1,Clear,0,No,0000000,Not Applicable,99,Unknown,99,Unknown,99,Unknown EMS Scene Arrival Hour,99,Unknown EMS Scene Arrival Minutes,88,"Not Applicable (Not Transported) ",88,Not Applicable (Not Transported),,,,,,,1,
2021,34,340075,New Jersey,1,1,0,0,0,1,1,5,BURLINGTON (5),0,NOT APPLICABLE,15,15,3,March,2021,2,Monday,11,11:00am-11:59am,39,39,1,This section IS ON the NHS,2,Urban,3,Principal Arterial - Other,1,State Highway Agency,2,U.S. Highway,US-130,,470,470,40.06931667,40.06931667,-74.868080560,-74.868080560,0,No Special Jurisdiction,53,Mail Box,0,The First Harmful Event was Not a Collision with a Motor Vehicle in Transport,0,No,1,Non-Junction,1,Not an Intersection,0,None,,,4,On Roadside,1,Daylight,,,,,1,Clear,0,No,0000000,Not Applicable,99,Unknown,99,Unknown,99,Unknown EMS Scene Arrival Hour,99,Unknown EMS Scene Arrival Minutes,99,Unknown,99,Unknown EMS Hospital Arrival Time,,,,,,,1,
2021,34,340076,New Jersey,1,1,0,0,0,1,1,23,MIDDLESEX (23),3705,WOODBRIDGE,19,19,2,February,2021,6,Friday,20,8:00pm-8:59pm,17,17,0,This section IS NOT on the NHS,2,Urban,4,Minor Arterial,2,County Highway Agency,4,County Road,CR-611 STATE ST,,26,26,40.54374722,40.54374722,-74.258169440,-74.258169440,0,No Special Jurisdiction,33,Curb,0,The First Harmful Event was Not a Collision with a Motor Vehicle in Transport,0,No,1,Non-Junction,1,Not an Intersection,0,None,,,4,On Roadside,3,Dark - Lighted,,,,,10,Cloudy,0,No,0000000,Not Applicable,20,8:00pm-8:59pm,18,18,20,8:00pm-8:59pm,34,34,88,"Not Applicable (Not Transported) ",88,Not Applicable (Not Transported),,,,,,,1,
2021,34,340077,New Jersey,1,1,0,1,1,1,1,7,CAMDEN (7),598,CHERRY HILL,3,3,2,February,2021,4,Wednesday,19,7:00pm-7:59pm,34,34,1,This section IS ON the NHS,2,Urban,3,Principal Arterial - Other,1,State Highway Agency,3,State Highway,SR-70,,48,48,39.91000556,39.91000556,-74.989538890,-74.989538890,0,No Special Jurisdiction,8,Pedestrian,0,The First Harmful Event was Not a Collision with a Motor Vehicle in Transport,0,No,1,Non-Junction,1,Not an Intersection,0,None,,,1,On Roadway,2,Dark - Not Lighted,,,,,1,Clear,0,No,0000000,Not Applicable,19,7:00pm-7:59pm,35,35,19,7:00pm-7:59pm,43,43,88,"Not Applicable (Not Transported) ",88,Not Applicable (Not Transported),,,,,,,1,
2021,34,340078,New Jersey,1,1,0,0,0,1,1,3,BERGEN (3),60,ALPINE,27,27,1,January,2021,4,Wednesday,6,6:00am-6:59am,57,57,1,This section IS ON the NHS,2,Urban,2,Principal Arterial - Other Freeways and Expressways,21,Other State Agency,8,Other,445 PALISADES PARKWAY,,94,94,40.98633889,40.98633889,-73.911786110,-73.911786110,0,No Special Jurisdiction,42,Tree (Standing Only),0,The First Harmful Event was Not a Collision with a Motor Vehicle in Transport,0,No,1,Non-Junction,1,Not an Intersection,0,None,,,3,On Median,4,Dawn,,,,,1,Clear,0,No,0000000,Not Applicable,6,6:00am-6:59am,58,58,7,7:00am-7:59am,17,17,7,7:00am-7:59am,47,47,,,,,,,1,
2021,34,340079,New Jersey,2,2,0,0,0,2,2,29,OCEAN (29),416,BRICK TOWN,14,14,3,March,2021,1,Sunday,14,2:00pm-2:59pm,20,20,9,Unknown if this section is on the NHS,2,Urban,3,Principal Arterial - Other,2,County Highway Agency,4,County Road,CR-549 BURNT TAVERN RD,SPIRAL DR,99998,Not Reported,40.08695556,40.08695556,-74.099755560,-74.099755560,0,No Special Jurisdiction,12,Motor Vehicle In-Transport,6,Angle,0,No,2,Intersection,2,Four-Way Intersection,0,None,,,1,On Roadway,1,Daylight,,,,,1,Clear,0,No,0000000,Not Applicable,14,2:00pm-2:59pm,24,24,14,2:00pm-2:59pm,28,28,14,2:00pm-2:59pm,57,57,,,,,,,1,
2021,34,340080,New Jersey,2,2,0,0,0,5,5,39,UNION (39),1700,LINDEN,14,14,3,March,2021,1,Sunday,3,3:00am-3:59am,35,35,0,This section IS NOT on the NHS,2,Urban,4,Minor Arterial,4,City or Municipal Highway Agency,4,County Road,CR-514 PARK AVE,,426,426,40.64890000,40.64890000,-74.231427780,-74.231427780,0,No Special Jurisdiction,12,Motor Vehicle In-Transport,2,Front-to-Front,0,No,1,Non-Junction,1,Not an Intersection,0,None,,,1,On Roadway,2,Dark - Not Lighted,,,,,1,Clear,0,No,0000000,Not Applicable,3,3:00am-3:59am,39,39,3,3:00am-3:59am,42,42,4,4:00am-4:59am,14,14,,,,,,,1,
2021,34,340081,New Jersey,2,2,0,0,0,2,2,1,ATLANTIC (1),1105,GALLOWAY TOWNSHIP,27,27,3,March,2021,7,Saturday,14,2:00pm-2:59pm,50,50,1,This section IS ON the NHS,2,Urban,3,Principal Arterial - Other,1,State Highway Agency,2,U.S. Highway,US-30,UPAS AVE,478,478,39.46490000,39.46490000,-74.555461110,-74.555461110,0,No Special Jurisdiction,12,Motor Vehicle In-Transport,6,Angle,0,No,2,Intersection,3,T-Intersection,0,None,,,1,On Roadway,1,Daylight,,,,,1,Clear,0,No,0000000,Not Applicable,14,2:00pm-2:59pm,52,52,14,2:00pm-2:59pm,56,56,15,3:00pm-3:59pm,40,40,,,,,,,1,
2021,34,340082,New Jersey,2,2,0,0,0,2,2,3,BERGEN (3),2848,ROCHELLE PARK,9,9,3,March,2021,3,Tuesday,20,8:00pm-8:59pm,42,42,1,This section IS ON the NHS,2,Urban,2,Principal Arterial - Other Freeways and Expressways,1,State Highway Agency,3,State Highway,SR-17,,113,113,40.90550278,40.90550278,-74.071677780,-74.071677780,0,No Special Jurisdiction,12,Motor Vehicle In-Transport,1,Front-to-Rear,0,No,1,Non-Junction,1,Not an Intersection,0,None,,,1,On Roadway,3,Dark - Lighted,,,,,1,Clear,0,No,0000000,Not Applicable,20,8:00pm-8:59pm,44,44,20,8:00pm-8:59pm,51,51,21,9:00pm-9:59pm,9,9,,,,,,,1,
2021,34,340084,New Jersey,2,2,0,0,0,4,4,15,GLOUCESTER (15),1814,MANTUA,25,25,2,February,2021,5,Thursday,21,9:00pm-9:59pm,8,8,0,This section IS NOT on the NHS,2,Urban,5,Major Collector,2,County Highway Agency,4,County Road,CR-635 LAMBS RD,TYLER MILL RD,28,28,39.75080556,39.75080556,-75.125583330,-75.125583330,0,No Special Jurisdiction,12,Motor Vehicle In-Transport,6,Angle,0,No,2,Intersection,2,Four-Way Intersection,0,None,,,1,On Roadway,2,Dark - Not Lighted,,,,,1,Clear,0,No,0000000,Not Applicable,21,9:00pm-9:59pm,9,9,21,9:00pm-9:59pm,13,13,21,9:00pm-9:59pm,36,36,,,,,,,1,
2021,34,340085,New Jersey,2,2,0,0,0,3,3,13,ESSEX (13),2130,NEWARK,22,22,3,March,2021,2,Monday,4,4:00am-4:59am,9,9,1,This section IS ON the NHS,2,Urban,1,Interstate,31,State Toll Road,1,Interstate,I-95,,597,597,40.71383889,40.71383889,-74.140533330,-74.140533330,0,No Special Jurisdiction,12,Motor Vehicle In-Transport,1,Front-to-Rear,0,No,1,Non-Junction,1,Not an Intersection,0,None,,,1,On Roadway,6,Dark - Unknown Lighting,,,,,1,Clear,0,No,0000000,Not Applicable,4,4:00am-4:59am,17,17,4,4:00am-4:59am,27,27,5,5:00am-5:59am,1,1,,,,,,,1,
2021,34,340086,New Jersey,2,2,0,0,0,2,2,29,OCEAN (29),3360,TOMS RIVER,24,24,3,March,2021,4,Wednesday,13,1:00pm-1:59pm,57,57,0,This section IS NOT on the NHS,2,Urban,4,Minor Arterial,2,County Highway Agency,4,County Road,CR-571 BAY AVE,INDIAN HILL RD,35,35,39.97390000,39.97390000,-74.170180560,-74.170180560,0,No Special Jurisdiction,12,Motor Vehicle In-Transport,6,Angle,0,No,2,Intersection,2,Four-Way Intersection,0,None,,,1,On Roadway,1,Daylight,,,,,2,Rain,0,No,0000000,Not Applicable,13,1:00pm-1:59pm,59,59,14,2:00pm-2:59pm,13,13,14,2:00pm-2:59pm,34,34,,,,,,,1,
2021,34,340087,New Jersey,1,1,0,0,0,1,1,31,PASSAIC (31),3610,WOODLAND PARK,2,2,3,March,2021,3,Tuesday,5,5:00am-5:59am,31,31,0,This section IS NOT on the NHS,2,Urban,4,Minor Arterial,2,County Highway Agency,4,County Road,CR-639 MCBRIDE AVE,,10,10,40.89170833,40.89170833,-74.212580560,-74.212580560,0,No Special Jurisdiction,33,Curb,0,The First Harmful Event was Not a Collision with a Motor Vehicle in Transport,0,No,1,Non-Junction,1,Not an Intersection,0,None,,,4,On Roadside,3,Dark - Lighted,,,,,1,Clear,0,No,0000000,Not Applicable,99,Unknown,99,Unknown,99,Unknown EMS Scene Arrival Hour,99,Unknown EMS Scene Arrival Minutes,88,"Not Applicable (Not Transported) ",88,Not Applicable (Not Transported),,,,,,,1,
2021,34,340088,New Jersey,2,2,0,1,1,2,2,3,BERGEN (3),1210,HACKENSACK,4,4,3,March,2021,5,Thursday,19,7:00pm-7:59pm,5,5,0,This section IS NOT on the NHS,2,Urban,4,Minor Arterial,2,County Highway Agency,4,County Road,CR-55 POLIFLY RD,,43,43,40.87828611,40.87828611,-74.056516670,-74.056516670,0,No Special Jurisdiction,8,Pedestrian,0,The First Harmful Event was Not a Collision with a Motor Vehicle in Transport,0,No,1,Non-Junction,1,Not an Intersection,0,None,,,1,On Roadway,3,Dark - Lighted,,,,,1,Clear,0,No,0000000,Not Applicable,19,7:00pm-7:59pm,11,11,19,7:00pm-7:59pm,15,15,88,"Not Applicable (Not Transported) ",88,Not Applicable (Not Transported),,,,,,,1,
2021,34,340089,New Jersey,1,1,0,1,1,1,1,3,BERGEN (3),1060,FORT LEE,3,3,3,March,2021,4,Wednesday,15,3:00pm-3:59pm,10,10,1,This section IS ON the NHS,2,Urban,3,Principal Arterial - Other,1,State Highway Agency,2,U.S. Highway,US-1 RAMP TO SR-63,,0,None,40.85173889,40.85173889,-73.985555560,-73.985555560,0,No Special Jurisdiction,8,Pedestrian,0,The First Harmful Event was Not a Collision with a Motor Vehicle in Transport,1,Yes,20,Entrance/Exit Ramp,1,Not an Intersection,0,None,,,1,On Roadway,1,Daylight,,,,,1,Clear,0,No,0000000,Not Applicable,99,Unknown,99,Unknown,99,Unknown EMS Scene Arrival Hour,99,Unknown EMS Scene Arrival Minutes,99,Unknown,99,Unknown EMS Hospital Arrival Time,,,,,,,1,