caseyear,state,st_case,statename,ve_total,ve_forms,pvh_invl,peds,pernotmvit,permvit,persons,county,countyname,city,cityname,day,dayname,month,monthname,year,day_week,day_weekname,hour,hourname,minute,minutename,nhs,nhsname,rur_urb,rur_urbname,func_sys,func_sysname,rd_owner,rd_ownername,route,routename,tway_id,tway_id2,milept,mileptname,latitude,latitudename,longitud,longitudname,sp_jur,sp_jurname,harm_ev,harm_evname,man_coll,man_collname,reljct1,reljct1name,reljct2,reljct2name,typ_int,typ_intname,wrk_zone,wrk_zonename,road_fnc,road_fncname,rel_road,rel_roadname,lgt_cond,lgt_condname,weather1,weather1name,weather2,weather2name,weather,weathername,sch_bus,sch_busname,rail,railname,not_hour,not_hourname,not_min,not_minname,arr_hour,arr_hourname,arr_min,arr_minname,hosp_hr,hosp_hrname,hosp_mn,hosp_mnname,cf1,cf1name,cf2,cf2name,cf3,cf3name,fatals,drunk_dr
2021,34,340090,New Jersey,1,1,0,1,1,1,1,5,BURLINGTON (5),481,BURLINGTON TOWNSHIP,13,13,3,March,2021,7,Saturday,2,2:00am-2:59am,13,13,0,This section IS NOT on the NHS,9,Unknown,7,Local,4,City or Municipal Highway Agency,6,Local Street - Municipality,CAMPUS DR,,0,None,40.05060278,40.05060278,-74.875941670,-74.875941670,0,No Special Jurisdiction,8,Pedestrian,0,The First Harmful Event was Not a Collision with a Motor Vehicle in Transport,0,No,1,Non-Junction,1,Not an Intersection,0,None,,,1,On Roadway,6,Dark - Unknown Lighting,,,,,1,Clear,0,No,0000000,Not Applicable,99,Unknown,99,Unknown,99,Unknown EMS Scene Arrival Hour,99,Unknown EMS Scene Arrival Minutes,88,"Not Applicable (Not Transported) ",88,Not Applicable (Not Transported),,,,,,,1,
2021,34,340091,New Jersey,2,2,0,1,1,2,2,25,MONMOUTH (25),1445,HOLMDEL,2,2,3,March,2021,3,Tuesday,19,7:00pm-7:59pm,16,16,1,This section IS ON the NHS,2,Urban,3,Principal Arterial - Other,1,State Highway Agency,3,State Highway,SR-35,,410,410,40.41448056,40.41448056,-74.161705560,-74.161705560,0,No Special Jurisdiction,8,Pedestrian,0,The First Harmful Event was Not a Collision with a Motor Vehicle in Transport,0,No,1,Non-Junction,1,Not an Intersection,0,None,,,1,On Roadway,2,Dark - Not Lighted,,,,,1,Clear,0,No,0000000,Not Applicable,19,7:00pm-7:59pm,16,16,19,7:00pm-7:59pm,23,23,88,"Not Applicable (Not Transported) ",88,Not Applicable (Not Transported),,,,,,,1,
2021,34,340092,New Jersey,3,3,0,1,1,3,3,33,SALEM (33),2586,PILESGROVE,6,6,3,March,2021,7,Saturday,19,7:00pm-7:59pm,48,48,1,This section IS ON the NHS,2,Urban,3,Principal Arterial - Other,1,State Highway Agency,2,U.S. Highway,US-40,,118,118,39.64753611,39.64753611,-75.303980560,-75.303980560,0,No Special Jurisdiction,8,Pedestrian,0,The First Harmful Event was Not a Collision with a Motor Vehicle in Transport,0,No,1,Non-Junction,1,Not an Intersection,0,None,,,1,On Roadway,3,Dark - Lighted,,,,,1,Clear,0,No,0000000,Not Applicable,19,7:00pm-7:59pm,49,49,19,7:00pm-7:59pm,57,57,20,8:00pm-8:59pm,30,30,,,,,,,1,
2021,34,340093,New Jersey,1,1,0,1,1,1,1,7,CAMDEN (7),3694,WINSLOW,6,6,3,March,2021,7,Saturday,1,1:00am-1:59am,35,35,1,This section IS ON the NHS,2,Urban,2,Principal Arterial - Other Freeways and Expressways,31,State Toll Road,8,Other,446 ACE,,401,401,39.72432222,39.72432222,-75.000097220,-75.000097220,0,No Special Jurisdiction,8,Pedestrian,0,The First Harmful Event was Not a Collision with a Motor Vehicle in Transport,0,No,1,Non-Junction,1,Not an Intersection,0,None,,,1,On Roadway,2,Dark - Not Lighted,,,,,1,Clear,0,No,0000000,Not Applicable,1,1:00am-1:59am,42,42,1,1:00am-1:59am,47,47,2,2:00am-2:59am,40,40,,,,,,,1,
2021,34,340094,New Jersey,2,2,0,0,0,3,3,35,SOMERSET (35),1081,FRANKLIN PARK,12,12,3,March,2021,6,Friday,23,11:00pm-11:59pm,2,2,1,This section IS ON the NHS,2,Urban,3,Principal Arterial - Other,1,State Highway Agency,3,State Highway,SR-27,FRANKLIN BLVD,142,142,40.48351667,40.48351667,-74.479494440,-74.479494440,0,No Special Jurisdiction,12,Motor Vehicle In-Transport,6,Angle,0,No,2,Intersection,2,Four-Way Intersection,0,None,,,1,On Roadway,2,Dark - Not Lighted,,,,,1,Clear,0,No,0000000,Not Applicable,99,Unknown,99,Unknown,99,Unknown EMS Scene Arrival Hour,99,Unknown EMS Scene Arrival Minutes,99,Unknown,99,Unknown EMS Hospital Arrival Time,,,,,,,1,
2021,34,340095,New Jersey,1,1,0,0,0,1,1,11,CUMBERLAND (11),3460,VINELAND,21,21,3,March,2021,1,Sunday,19,7:00pm-7:59pm,34,34,0,This section IS NOT on the NHS,2,Urban,4,Minor Arterial,2,County Highway Agency,4,County Road,CR-552 E SHERMAN AVE,,138,138,39.43704167,39.43704167,-74.981844440,-74.981844440,0,No Special Jurisdiction,38,Fence,0,The First Harmful Event was Not a Collision with a Motor Vehicle in Transport,0,No,1,Non-Junction,1,Not an Intersection,0,None,,,5,Outside Trafficway,3,Dark - Lighted,,,,,1,Clear,0,No,0000000,Not Applicable,19,7:00pm-7:59pm,33,33,19,7:00pm-7:59pm,40,40,88,"Not Applicable (Not Transported) ",88,Not Applicable (Not Transported),,,,,,,1,
2021,34,340096,New Jersey,2,2,0,0,0,3,3,13,ESSEX (13),2320,NUTLEY,7,7,3,March,2021,1,Sunday,13,1:00pm-1:59pm,55,55,0,This section IS NOT on the NHS,2,Urban,4,Minor Arterial,2,County Highway Agency,4,County Road,CR-647 UNION AVE,HANCOX AVE,17,17,40.80845556,40.80845556,-74.152155560,-74.152155560,0,No Special Jurisdiction,12,Motor Vehicle In-Transport,6,Angle,0,No,2,Intersection,2,Four-Way Intersection,0,None,,,1,On Roadway,1,Daylight,,,,,1,Clear,0,No,0000000,Not Applicable,13,1:00pm-1:59pm,55,55,14,2:00pm-2:59pm,5,5,14,2:00pm-2:59pm,28,28,,,,,,,1,
2021,34,340097,New Jersey,2,2,0,0,0,3,3,13,ESSEX (13),2130,NEWARK,3,3,3,March,2021,4,Wednesday,12,12:00pm-12:59pm,0,0,1,This section IS ON the NHS,2,Urban,2,Principal Arterial - Other Freeways and Expressways,1,State Highway Agency,2,U.S. Highway,"US-1  ",,99999,Unknown,99.99990000,99.99990000,999.999900000,999.999900000,0,No Special Jurisdiction,12,Motor Vehicle In-Transport,1,Front-to-Rear,0,No,1,Non-Junction,1,Not an Intersection,0,None,,,1,On Roadway,1,Daylight,,,,,1,Clear,0,No,0000000,Not Applicable,99,Unknown,99,Unknown,99,Unknown EMS Scene Arrival Hour,99,Unknown EMS Scene Arrival Minutes,99,Unknown,99,Unknown EMS Hospital Arrival Time,,,,,,,1,
2021,34,340098,New Jersey,2,2,0,0,0,2,2,29,OCEAN (29),3360,TOMS RIVER,15,15,3,March,2021,2,Monday,11,11:00am-11:59am,2,2,1,This section IS ON the NHS,2,Urban,3,Principal Arterial - Other,1,State Highway Agency,3,State Highway,SR-37,,119,119,39.94903056,39.94903056,-74.113905560,-74.113905560,0,No Special Jurisdiction,12,Motor Vehicle In-Transport,7,Sideswipe - Same Direction,0,No,1,Non-Junction,1,Not an Intersection,0,None,,,1,On Roadway,1,Daylight,,,,,1,Clear,0,No,0000000,Not Applicable,11,11:00am-11:59am,4,4,11,11:00am-11:59am,12,12,12,12:00pm-12:59pm,15,15,,,,,,,1,
2021,34,340099,New Jersey,2,2,0,0,0,2,2,31,PASSAIC (31),660,CLIFTON,25,25,3,March,2021,5,Thursday,17,5:00pm-5:59pm,12,12,1,This section IS ON the NHS,2,Urban,2,Principal Arterial - Other Freeways and Expressways,1,State Highway Agency,3,State Highway,SR-21,,142,142,40.88778333,40.88778333,-74.131658330,-74.131658330,0,No Special Jurisdiction,12,Motor Vehicle In-Transport,1,Front-to-Rear,0,No,1,Non-Junction,1,Not an Intersection,0,None,,,2,On Shoulder,1,Daylight,,,,,1,Clear,0,No,0000000,Not Applicable,17,5:00pm-5:59pm,19,19,17,5:00pm-5:59pm,35,35,18,6:00pm-6:59pm,0,0,,,,,,,1,
2021,34,340100,New Jersey,2,2,0,0,0,3,3,25,MONMOUTH (25),1798,MANALAPAN,17,17,3,March,2021,4,Wednesday,15,3:00pm-3:59pm,41,41,1,This section IS ON the NHS,2,Urban,3,Principal Arterial - Other,1,State Highway Agency,3,State Highway,SR-33,SWEETMANS LANE,240,240,40.25347222,40.25347222,-74.341655560,-74.341655560,0,No Special Jurisdiction,12,Motor Vehicle In-Transport,6,Angle,0,No,2,Intersection,2,Four-Way Intersection,0,None,,,1,On Roadway,1,Daylight,,,,,10,Cloudy,0,No,0000000,Not Applicable,15,3:00pm-3:59pm,43,43,15,3:00pm-3:59pm,52,52,17,5:00pm-5:59pm,0,0,,,,,,,1,
2021,34,340101,New Jersey,4,4,0,0,0,5,5,39,UNION (39),3395,UNION,5,5,2,February,2021,6,Friday,21,9:00pm-9:59pm,48,48,1,This section IS ON the NHS,2,Urban,3,Principal Arterial - Other,1,State Highway Agency,3,State Highway,SR-82,,29,29,40.69283333,40.69283333,-74.255919440,-74.255919440,0,No Special Jurisdiction,12,Motor Vehicle In-Transport,6,Angle,0,No,8,Driveway Access Related,1,Not an Intersection,0,None,,,1,On Roadway,3,Dark - Lighted,,,,,1,Clear,0,No,0000000,Not Applicable,21,9:00pm-9:59pm,48,48,21,9:00pm-9:59pm,51,51,22,10:00pm-10:59pm,52,52,,,,,,,2,
2021,34,340102,New Jersey,1,1,0,0,0,3,3,27,MORRIS (27),1295,HANOVER,15,15,3,March,2021,2,Monday,20,8:00pm-8:59pm,22,22,1,This section IS ON the NHS,2,Urban,2,Principal Arterial - Other Freeways and Expressways,1,State Highway Agency,3,State Highway,SR-24,,7,7,40.80720278,40.80720278,-74.445138890,-74.445138890,0,No Special Jurisdiction,33,Curb,0,The First Harmful Event was Not a Collision with a Motor Vehicle in Transport,0,No,1,Non-Junction,1,Not an Intersection,0,None,,,4,On Roadside,3,Dark - Lighted,,,,,1,Clear,0,No,0000000,Not Applicable,20,8:00pm-8:59pm,41,41,20,8:00pm-8:59pm,51,51,22,10:00pm-10:59pm,1,1,,,,,,,1,
2021,34,340103,New Jersey,2,2,0,0,0,7,7,21,MERCER (21),1265,HAMILTON TOWNSHIP,30,30,3,March,2021,3,Tuesday,15,3:00pm-3:59pm,37,37,1,This section IS ON the NHS,2,Urban,3,Principal Arterial - Other,1,State Highway Agency,3,State Highway,SR-33,BUTTONWOOD ST,26,26,40.23275000,40.23275000,-74.713850000,-74.713850000,0,No Special Jurisdiction,12,Motor Vehicle In-Transport,6,Angle,0,No,2,Intersection,3,T-Intersection,0,None,,,1,On Roadway,1,Daylight,,,,,1,Clear,0,No,0000000,Not Applicable,15,3:00pm-3:59pm,17,17,15,3:00pm-3:59pm,20,20,15,3:00pm-3:59pm,46,46,,,,,,,1,
2021,34,340104,New Jersey,1,1,0,0,0,1,1,7,CAMDEN (7),240,BELLMAWR,31,31,3,March,2021,4,Wednesday,15,3:00pm-3:59pm,20,20,1,This section IS ON the NHS,2,Urban,1,Interstate,1,State Highway Agency,1,Interstate,I-295,,284,284,39.87251944,39.87251944,-75.077586110,-75.077586110,0,No Special Jurisdiction,31,"Post, Pole or Other Supports",0,The First Harmful Event was Not a Collision with a Motor Vehicle in Transport,0,No,1,Non-Junction,1,Not an Intersection,0,None,,,4,On Roadside,1,Daylight,,,,,2,Rain,0,No,0000000,Not Applicable,15,3:00pm-3:59pm,21,21,15,3:00pm-3:59pm,26,26,16,4:00pm-4:59pm,12,12,,,,,,,1,
2021,34,340105,New Jersey,1,1,0,0,0,1,1,11,CUMBERLAND (11),0,NOT APPLICABLE,13,13,3,March,2021,7,Saturday,6,6:00am-6:59am,41,41,0,This section IS NOT on the NHS,9,Unknown,7,Local,4,City or Municipal Highway Agency,6,Local Street - Municipality,SCHAFFER AVE,,0,None,39.34728889,39.34728889,-75.188038890,-75.188038890,0,No Special Jurisdiction,42,Tree (Standing Only),0,The First Harmful Event was Not a Collision with a Motor Vehicle in Transport,0,No,1,Non-Junction,1,Not an Intersection,0,None,,,5,Outside Trafficway,1,Daylight,,,,,1,Clear,0,No,0000000,Not Applicable,6,6:00am-6:59am,40,40,99,Unknown EMS Scene Arrival Hour,97,Officially Cancelled,99,Unknown,97,Officially Canceled,,,,,,,1,
2021,34,340106,New Jersey,1,1,0,0,0,1,1,29,OCEAN (29),0,NOT APPLICABLE,13,13,3,March,2021,7,Saturday,23,11:00pm-11:59pm,41,41,1,This section IS ON the NHS,2,Urban,2,Principal Arterial - Other Freeways and Expressways,31,State Toll Road,8,Other,444,,770,770,39.88315556,39.88315556,-74.212894440,-74.212894440,0,No Special Jurisdiction,24,Guardrail Face,0,The First Harmful Event was Not a Collision with a Motor Vehicle in Transport,0,No,1,Non-Junction,1,Not an Intersection,0,None,,,4,On Roadside,2,Dark - Not Lighted,,,,,1,Clear,0,No,0000000,Not Applicable,99,Unknown,99,Unknown,99,Unknown EMS Scene Arrival Hour,99,Unknown EMS Scene Arrival Minutes,99,Unknown,99,Unknown EMS Hospital Arrival Time,,,,,,,1,
2021,34,340107,New Jersey,1,1,0,0,0,1,1,5,BURLINGTON (5),481,BURLINGTON TOWNSHIP,8,8,3,March,2021,2,Monday,4,4:00am-4:59am,21,21,1,This section IS ON the NHS,2,Urban,1,Interstate,1,State Highway Agency,1,Interstate,I-295,,474,474,40.04653889,40.04653889,-74.832636110,-74.832636110,0,No Special Jurisdiction,31,"Post, Pole or Other Supports",0,The First Harmful Event was Not a Collision with a Motor Vehicle in Transport,0,No,1,Non-Junction,1,Not an Intersection,0,None,,,8,Gore,3,Dark - Lighted,,,,,1,Clear,0,No,0000000,Not Applicable,99,Unknown,99,Unknown,99,Unknown EMS Scene Arrival Hour,99,Unknown EMS Scene Arrival Minutes,88,"Not Applicable (Not Transported) ",88,Not Applicable (Not Transported),,,,,,,1,
2021,34,340108,New Jersey,1,1,0,1,1,1,1,13,ESSEX (13),2130,NEWARK,19,19,3,March,2021,6,Friday,12,12:00pm-12:59pm,29,29,1,This section IS ON the NHS,2,Urban,1,Interstate,1,State Highway Agency,1,Interstate,I-78,,553,553,40.71637778,40.71637778,-74.212694440,-74.212694440,0,No Special Jurisdiction,8,Pedestrian,0,The First Harmful Event was Not a Collision with a Motor Vehicle in Transport,0,No,1,Non-Junction,1,Not an Intersection,0,None,,,1,On Roadway,1,Daylight,,,,,1,Clear,0,No,0000000,Not Applicable,12,12:00pm-12:59pm,38,38,12,12:00pm-12:59pm,51,51,13,1:00pm-1:59pm,0,0,,,,,,,1,
2021,34,340109,New Jersey,2,2,0,0,0,5,5,7,CAMDEN (7),520,CAMDEN,19,19,3,March,2021,6,Friday,22,10:00pm-10:59pm,47,47,1,This section IS ON the NHS,2,Urban,1,Interstate,1,State Highway Agency,1,Interstate,I-676,,4,4,39.90343611,39.90343611,-75.111905560,-75.111905560,0,No Special Jurisdiction,12,Motor Vehicle In-Transport,8,Sideswipe - Opposite Direction,0,No,1,Non-Junction,1,Not an Intersection,0,None,,,1,On Roadway,3,Dark - Lighted,,,,,1,Clear,0,No,0000000,Not Applicable,22,10:00pm-10:59pm,46,46,22,10:00pm-10:59pm,52,52,23,11:00pm-11:59pm,7,7,,,,,,,2,
2021,34,340110,New Jersey,2,2,0,1,1,3,3,5,BURLINGTON (5),2080,MT HOLLY,21,21,3,March,2021,1,Sunday,21,9:00pm-9:59pm,53,53,1,This section IS ON the NHS,2,Urban,3,Principal Arterial - Other,1,State Highway Agency,3,State Highway,SR-38,PINE ST,165,165,39.98239167,39.98239167,-74.780727780,-74.780727780,0,No Special Jurisdiction,8,Pedestrian,0,The First Harmful Event was Not a Collision with a Motor Vehicle in Transport,0,No,3,Intersection-Related,2,Four-Way Intersection,0,None,,,1,On Roadway,3,Dark - Lighted,,,,,1,Clear,0,No,0000000,Not Applicable,21,9:00pm-9:59pm,55,55,21,9:00pm-9:59pm,58,58,22,10:00pm-10:59pm,31,31,,,,,,,1,
2021,34,340111,New Jersey,2,2,0,0,0,4,4,33,SALEM (33),2565,PENNSVILLE,23,23,3,March,2021,3,Tuesday,14,2:00pm-2:59pm,55,55,1,This section IS ON the NHS,2,Urban,1,Interstate,1,State Highway Agency,1,Interstate,I-295,,2,2,39.68592778,39.68592778,-75.508894440,-75.508894440,0,No Special Jurisdiction,12,Motor Vehicle In-Transport,1,Front-to-Rear,0,No,1,Non-Junction,1,Not an Intersection,0,None,,,1,On Roadway,1,Daylight,,,,,1,Clear,0,No,0000000,Not Applicable,14,2:00pm-2:59pm,59,59,15,3:00pm-3:59pm,5,5,15,3:00pm-3:59pm,28,28,,,,,,,2,
2021,34,340112,New Jersey,1,1,0,0,0,1,1,5,BURLINGTON (5),613,CINNAMINSON,18,18,3,March,2021,5,Thursday,1,1:00am-1:59am,23,23,1,This section IS ON the NHS,2,Urban,3,Principal Arterial - Other,1,State Highway Agency,2,U.S. Highway,US-130,,381,381,40.00563056,40.00563056,-74.977619440,-74.977619440,0,No Special Jurisdiction,33,Curb,0,The First Harmful Event was Not a Collision with a Motor Vehicle in Transport,0,No,1,Non-Junction,1,Not an Intersection,0,None,,,4,On Roadside,6,Dark - Unknown Lighting,,,,,1,Clear,0,No,0000000,Not Applicable,1,1:00am-1:59am,25,25,1,1:00am-1:59am,30,30,88,"Not Applicable (Not Transported) ",88,Not Applicable (Not Transported),,,,,,,1,
2021,34,340113,New Jersey,1,1,0,1,1,2,2,7,CAMDEN (7),520,CAMDEN,20,20,3,March,2021,7,Saturday,18,6:00pm-6:59pm,2,2,1,This section IS ON the NHS,2,Urban,3,Principal Arterial - Other,2,County Highway Agency,4,County Road,CR-605,MORTON ST,6,6,39.92630000,39.92630000,-75.106122220,-75.106122220,0,No Special Jurisdiction,9,Pedalcyclist,0,The First Harmful Event was Not a Collision with a Motor Vehicle in Transport,0,No,3,Intersection-Related,3,T-Intersection,0,None,,,1,On Roadway,1,Daylight,,,,,1,Clear,0,No,0000000,Not Applicable,18,6:00pm-6:59pm,2,2,18,6:00pm-6:59pm,7,7,18,6:00pm-6:59pm,15,15,,,,,,,1,
2021,34,340114,New Jersey,2,2,0,0,0,2,2,7,CAMDEN (7),0,NOT APPLICABLE,11,11,3,March,2021,5,Thursday,7,7:00am-7:59am,40,40,1,This section IS ON the NHS,2,Urban,3,Principal Arterial - Other,1,State Highway Agency,3,State Highway,SR-168,,27,27,39.80668889,39.80668889,-75.068502780,-75.068502780,0,No Special Jurisdiction,12,Motor Vehicle In-Transport,6,Angle,0,No,8,Driveway Access Related,1,Not an Intersection,0,None,,,1,On Roadway,1,Daylight,,,,,1,Clear,0,No,0000000,Not Applicable,7,7:00am-7:59am,41,41,7,7:00am-7:59am,48,48,88,"Not Applicable (Not Transported) ",88,Not Applicable (Not Transported),,,,,,,1,
2021,34,340115,New Jersey,2,2,0,0,0,2,2,15,GLOUCESTER (15),1075,FRANKLIN,17,17,2,February,2021,4,Wednesday,22,10:00pm-10:59pm,51,51,1,This section IS ON the NHS,2,Urban,3,Principal Arterial - Other,1,State Highway Agency,2,U.S. Highway,US-40,ROSEMONT AVE,291,291,39.56079722,39.56079722,-75.018697220,-75.018697220,0,No Special Jurisdiction,12,Motor Vehicle In-Transport,8,Sideswipe - Opposite Direction,0,No,2,Intersection,3,T-Intersection,0,None,,,1,On Roadway,3,Dark - Lighted,,,,,1,Clear,0,No,0000000,Not Applicable,22,10:00pm-10:59pm,53,53,22,10:00pm-10:59pm,56,56,88,"Not Applicable (Not Transported) ",88,Not Applicable (Not Transported),,,,,,,1,
2021,34,340116,New Jersey,1,1,0,0,0,1,1,29,OCEAN (29),0,NOT APPLICABLE,20,20,3,March,2021,7,Saturday,10,10:00am-10:59am,10,10,0,This section IS NOT on the NHS,9,Unknown,7,Local,4,City or Municipal Highway Agency,6,Local Street - Municipality,BIMINI DR,,0,None,39.97572778,39.97572778,-74.271044440,-74.271044440,0,No Special Jurisdiction,33,Curb,0,The First Harmful Event was Not a Collision with a Motor Vehicle in Transport,0,No,1,Non-Junction,1,Not an Intersection,0,None,,,4,On Roadside,1,Daylight,,,,,1,Clear,0,No,0000000,Not Applicable,10,10:00am-10:59am,14,14,10,10:00am-10:59am,17,17,10,10:00am-10:59am,53,53,,,,,,,1,
2021,34,340117,New Jersey,2,1,1,1,3,1,3,25,MONMOUTH (25),1760,LONG BRANCH,14,14,3,March,2021,1,Sunday,19,7:00pm-7:59pm,59,59,0,This section IS NOT on the NHS,2,Urban,4,Minor Arterial,4,City or Municipal Highway Agency,6,Local Street - Municipality,OCEAN AVE,,0,None,40.27456111,40.27456111,-73.985883330,-73.985883330,0,No Special Jurisdiction,8,Pedestrian,0,The First Harmful Event was Not a Collision with a Motor Vehicle in Transport,0,No,1,Non-Junction,1,Not an Intersection,0,None,,,2,On Shoulder,3,Dark - Lighted,,,,,1,Clear,0,No,0000000,Not Applicable,20,8:00pm-8:59pm,3,3,20,8:00pm-8:59pm,15,15,99,Unknown,99,Unknown EMS Hospital Arrival Time,,,,,,,1,
2021,34,340118,New Jersey,2,2,0,0,0,2,2,7,CAMDEN (7),598,CHERRY HILL,25,25,2,February,2021,5,Thursday,15,3:00pm-3:59pm,57,57,1,This section IS ON the NHS,2,Urban,3,Principal Arterial - Other,1,State Highway Agency,3,State Highway,SR-70,,13,13,39.92612500,39.92612500,-75.050975000,-75.050975000,0,No Special Jurisdiction,12,Motor Vehicle In-Transport,6,Angle,0,No,8,Driveway Access Related,1,Not an Intersection,0,None,,,1,On Roadway,1,Daylight,,,,,1,Clear,0,No,0000000,Not Applicable,15,3:00pm-3:59pm,57,57,16,4:00pm-4:59pm,1,1,88,"Not Applicable (Not Transported) ",88,Not Applicable (Not Transported),,,,,,,1,
2021,34,340120,New Jersey,2,2,0,1,1,2,2,7,CAMDEN (7),1710,LINDENWOLD,27,27,3,March,2021,7,Saturday,19,7:00pm-7:59pm,45,45,1,This section IS ON the NHS,2,Urban,3,Principal Arterial - Other,1,State Highway Agency,2,U.S. Highway,US-30,,131,131,39.81595278,39.81595278,-74.991702780,-74.991702780,0,No Special Jurisdiction,8,Pedestrian,0,The First Harmful Event was Not a Collision with a Motor Vehicle in Transport,0,No,1,Non-Junction,1,Not an Intersection,0,None,,,1,On Roadway,2,Dark - Not Lighted,,,,,1,Clear,0,No,0000000,Not Applicable,19,7:00pm-7:59pm,47,47,19,7:00pm-7:59pm,53,53,20,8:00pm-8:59pm,13,13,,,,,,,1,
2021,34,340121,New Jersey,1,1,0,0,0,1,1,11,CUMBERLAND (11),0,NOT APPLICABLE,30,30,3,March,2021,3,Tuesday,12,12:00pm-12:59pm,22,22,0,This section IS NOT on the NHS,6,Trafficway Not in State Inventory,96,Trafficway Not in State Inventory,96,Trafficway Not in State Inventory,8,Other,WALMART PARKING LOT,,0,None,39.46623889,39.46623889,-75.208058330,-75.208058330,0,No Special Jurisdiction,31,"Post, Pole or Other Supports",0,The First Harmful Event was Not a Collision with a Motor Vehicle in Transport,0,No,1,Non-Junction,1,Not an Intersection,0,None,,,5,Outside Trafficway,1,Daylight,,,,,1,Clear,0,No,0000000,Not Applicable,12,12:00pm-12:59pm,20,20,12,12:00pm-12:59pm,30,30,13,1:00pm-1:59pm,23,23,,,,,,,1,
2021,34,340122,New Jersey,1,1,0,0,0,1,1,15,GLOUCESTER (15),0,NOT APPLICABLE,7,7,4,April,2021,4,Wednesday,0,0:00am-0:59am,51,51,0,This section IS NOT on the NHS,2,Urban,7,Local,4,City or Municipal Highway Agency,6,Local Street - Municipality,JACKSON RD,WHITEHALL RD,0,None,39.63305000,39.63305000,-74.950200000,-74.950200000,0,No Special Jurisdiction,1,Rollover/Overturn,0,The First Harmful Event was Not a Collision with a Motor Vehicle in Transport,0,No,2,Intersection,3,T-Intersection,0,None,,,1,On Roadway,3,Dark - Lighted,,,,,1,Clear,0,No,0000000,Not Applicable,0,0:00am-0:59am,53,53,1,1:00am-1:59am,0,0,88,"Not Applicable (Not Transported) ",88,Not Applicable (Not Transported),,,,,,,1,
2021,34,340123,New Jersey,2,1,1,0,0,1,1,7,CAMDEN (7),2545,PENNSAUKEN,16,16,4,April,2021,6,Friday,9,9:00am-9:59am,30,30,1,This section IS ON the NHS,2,Urban,3,Principal Arterial - Other,2,County Highway Agency,4,County Road,CR-644 HADDONFIELD RD,,45,45,39.95840833,39.95840833,-75.025611110,-75.025611110,0,No Special Jurisdiction,33,Curb,0,The First Harmful Event was Not a Collision with a Motor Vehicle in Transport,0,No,1,Non-Junction,1,Not an Intersection,0,None,,,4,On Roadside,1,Daylight,,,,,1,Clear,0,No,0000000,Not Applicable,9,9:00am-9:59am,32,32,9,9:00am-9:59am,38,38,10,10:00am-10:59am,8,8,,,,,,,1,
2021,34,340124,New Jersey,3,3,0,0,0,4,4,35,SOMERSET (35),1417,HILLSBOROUGH,5,5,3,March,2021,6,Friday,13,1:00pm-1:59pm,11,11,0,This section IS NOT on the NHS,2,Urban,6,Minor Collector,4,City or Municipal Highway Agency,6,Local Street - Municipality,NEW AMWELL RD,,0,None,40.50615000,40.50615000,-74.643280560,-74.643280560,0,No Special Jurisdiction,33,Curb,0,The First Harmful Event was Not a Collision with a Motor Vehicle in Transport,0,No,1,Non-Junction,1,Not an Intersection,0,None,,,4,On Roadside,1,Daylight,,,,,1,Clear,0,No,0000000,Not Applicable,13,1:00pm-1:59pm,15,15,13,1:00pm-1:59pm,19,19,14,2:00pm-2:59pm,12,12,,,,,,,1,
2021,34,340125,New Jersey,1,1,0,1,1,1,1,1,ATLANTIC (1),90,ATLANTIC CITY,13,13,4,April,2021,3,Tuesday,21,9:00pm-9:59pm,23,23,1,This section IS ON the NHS,2,Urban,3,Principal Arterial - Other,1,State Highway Agency,2,U.S. Highway,US-40,,624,624,39.37070000,39.37070000,-74.477350000,-74.477350000,0,No Special Jurisdiction,8,Pedestrian,0,The First Harmful Event was Not a Collision with a Motor Vehicle in Transport,0,No,1,Non-Junction,1,Not an Intersection,0,None,,,1,On Roadway,2,Dark - Not Lighted,,,,,1,Clear,0,No,0000000,Not Applicable,21,9:00pm-9:59pm,25,25,21,9:00pm-9:59pm,34,34,22,10:00pm-10:59pm,24,24,,,,,,,1,
2021,34,340126,New Jersey,3,1,2,1,1,1,1,13,ESSEX (13),800,EAST ORANGE,28,28,4,April,2021,4,Wednesday,22,10:00pm-10:59pm,31,31,1,This section IS ON the NHS,2,Urban,3,Principal Arterial - Other,2,County Highway Agency,4,County Road,CR-508 CENTRAL AVE,,87,87,40.75428889,40.75428889,-74.214019440,-74.214019440,0,No Special Jurisdiction,14,Parked Motor Vehicle,0,The First Harmful Event was Not a Collision with a Motor Vehicle in Transport,0,No,1,Non-Junction,1,Not an Intersection,0,None,,,4,On Roadside,3,Dark - Lighted,,,,,1,Clear,0,No,0000000,Not Applicable,22,10:00pm-10:59pm,36,36,22,10:00pm-10:59pm,39,39,22,10:00pm-10:59pm,55,55,,,,,,,1,
2021,34,340127,New Jersey,1,1,0,1,1,1,1,39,UNION (39),2900,ROSELLE,26,26,4,April,2021,2,Monday,19,7:00pm-7:59pm,21,21,1,This section IS ON the NHS,2,Urban,3,Principal Arterial - Other,1,State Highway Agency,3,State Highway,SR-27,DRAKE AVE,319,319,40.64829722,40.64829722,-74.245988890,-74.245988890,0,No Special Jurisdiction,8,Pedestrian,0,The First Harmful Event was Not a Collision with a Motor Vehicle in Transport,0,No,3,Intersection-Related,2,Four-Way Intersection,0,None,,,1,On Roadway,5,Dusk,,,,,1,Clear,0,No,0000000,Not Applicable,19,7:00pm-7:59pm,20,20,19,7:00pm-7:59pm,28,28,88,"Not Applicable (Not Transported) ",88,Not Applicable (Not Transported),,,,,,,1,