caseyear,state,st_case,statename,ve_total,ve_forms,pvh_invl,peds,pernotmvit,permvit,persons,county,countyname,city,cityname,day,dayname,month,monthname,year,day_week,day_weekname,hour,hourname,minute,minutename,nhs,nhsname,rur_urb,rur_urbname,func_sys,func_sysname,rd_owner,rd_ownername,route,routename,tway_id,tway_id2,milept,mileptname,latitude,latitudename,longitud,longitudname,sp_jur,sp_jurname,harm_ev,harm_evname,man_coll,man_collname,reljct1,reljct1name,reljct2,reljct2name,typ_int,typ_intname,wrk_zone,wrk_zonename,road_fnc,road_fncname,rel_road,rel_roadname,lgt_cond,lgt_condname,weather1,weather1name,weather2,weather2name,weather,weathername,sch_bus,sch_busname,rail,railname,not_hour,not_hourname,not_min,not_minname,arr_hour,arr_hourname,arr_min,arr_minname,hosp_hr,hosp_hrname,hosp_mn,hosp_mnname,cf1,cf1name,cf2,cf2name,cf3,cf3name,fatals,drunk_dr
2021,34,340128,New Jersey,1,1,0,1,1,1,1,29,OCEAN (29),416,BRICK TOWN,5,5,4,April,2021,2,Monday,19,7:00pm-7:59pm,0,0,1,This section IS ON the NHS,2,Urban,3,Principal Arterial - Other,1,State Highway Agency,3,State Highway,SR-70,OLDEN ST,552,552,40.07078333,40.07078333,-74.129550000,-74.129550000,0,No Special Jurisdiction,8,Pedestrian,0,The First Harmful Event was Not a Collision with a Motor Vehicle in Transport,0,No,2,Intersection,2,Four-Way Intersection,0,None,,,1,On Roadway,1,Daylight,,,,,1,Clear,0,No,0000000,Not Applicable,18,6:00pm-6:59pm,57,57,19,7:00pm-7:59pm,1,1,88,"Not Applicable (Not Transported) ",88,Not Applicable (Not Transported),,,,,,,1,
2021,34,340129,New Jersey,1,1,0,1,1,1,1,23,MIDDLESEX (23),2417,OLD BRIDGE,20,20,4,April,2021,3,Tuesday,22,10:00pm-10:59pm,33,33,1,This section IS ON the NHS,2,Urban,3,Principal Arterial - Other,1,State Highway Agency,2,U.S. Highway,US-9,,1274,1274,40.44605833,40.44605833,-74.299658330,-74.299658330,0,No Special Jurisdiction,8,Pedestrian,0,The First Harmful Event was Not a Collision with a Motor Vehicle in Transport,0,No,1,Non-Junction,1,Not an Intersection,0,None,,,1,On Roadway,2,Dark - Not Lighted,,,,,1,Clear,0,No,0000000,Not Applicable,22,10:00pm-10:59pm,33,33,22,10:00pm-10:59pm,38,38,88,"Not Applicable (Not Transported) ",88,Not Applicable (Not Transported),,,,,,,1,
2021,34,340130,New Jersey,1,1,0,1,1,1,1,7,CAMDEN (7),520,CAMDEN,3,3,4,April,2021,7,Saturday,21,9:00pm-9:59pm,3,3,0,This section IS NOT on the NHS,2,Urban,7,Local,4,City or Municipal Highway Agency,6,Local Street - Municipality,N 8TH ST,BIRCH ST,0,None,39.94960278,39.94960278,-75.114819440,-75.114819440,0,No Special Jurisdiction,8,Pedestrian,0,The First Harmful Event was Not a Collision with a Motor Vehicle in Transport,0,No,3,Intersection-Related,4,Y-Intersection,0,None,,,1,On Roadway,3,Dark - Lighted,,,,,1,Clear,0,No,0000000,Not Applicable,21,9:00pm-9:59pm,0,0,21,9:00pm-9:59pm,4,4,21,9:00pm-9:59pm,22,22,,,,,,,1,
2021,34,340132,New Jersey,1,1,0,1,1,1,1,7,CAMDEN (7),598,CHERRY HILL,30,30,4,April,2021,6,Friday,16,4:00pm-4:59pm,53,53,0,This section IS NOT on the NHS,6,Trafficway Not in State Inventory,96,Trafficway Not in State Inventory,96,Trafficway Not in State Inventory,8,Other,HOME DEPOT PARKING LOT,,0,None,39.92378611,39.92378611,-75.038300000,-75.038300000,0,No Special Jurisdiction,8,Pedestrian,0,The First Harmful Event was Not a Collision with a Motor Vehicle in Transport,0,No,1,Non-Junction,1,Not an Intersection,0,None,,,1,On Roadway,1,Daylight,,,,,1,Clear,0,No,0000000,Not Applicable,16,4:00pm-4:59pm,52,52,16,4:00pm-4:59pm,57,57,17,5:00pm-5:59pm,16,16,,,,,,,1,
2021,34,340134,New Jersey,2,2,0,0,0,2,2,41,WARREN (41),1572,KNOWLTON,26,26,3,March,2021,6,Friday,17,5:00pm-5:59pm,52,52,1,This section IS ON the NHS,1,Rural,3,Principal Arterial - Other,1,State Highway Agency,2,U.S. Highway,US-46,,26,26,40.89700833,40.89700833,-75.070486110,-75.070486110,0,No Special Jurisdiction,12,Motor Vehicle In-Transport,6,Angle,0,No,8,Driveway Access Related,1,Not an Intersection,0,None,,,1,On Roadway,1,Daylight,,,,,1,Clear,0,No,0000000,Not Applicable,17,5:00pm-5:59pm,51,51,17,5:00pm-5:59pm,56,56,18,6:00pm-6:59pm,41,41,,,,,,,1,
2021,34,340135,New Jersey,4,4,0,0,0,5,5,15,GLOUCESTER (15),1082,FRANKLINVILLE,22,22,3,March,2021,2,Monday,13,1:00pm-1:59pm,10,10,1,This section IS ON the NHS,2,Urban,3,Principal Arterial - Other,1,State Highway Agency,2,U.S. Highway,US-40,PORCHTOWN RD,246,246,39.58659722,39.58659722,-75.086130560,-75.086130560,0,No Special Jurisdiction,12,Motor Vehicle In-Transport,1,Front-to-Rear,0,No,3,Intersection-Related,2,Four-Way Intersection,0,None,,,1,On Roadway,1,Daylight,,,,,1,Clear,0,No,0000000,Not Applicable,13,1:00pm-1:59pm,12,12,13,1:00pm-1:59pm,15,15,14,2:00pm-2:59pm,1,1,,,,,,,1,
2021,34,340136,New Jersey,2,2,0,0,0,2,2,13,ESSEX (13),0,NOT APPLICABLE,4,4,3,March,2021,5,Thursday,0,0:00am-0:59am,12,12,1,This section IS ON the NHS,2,Urban,3,Principal Arterial - Other,2,County Highway Agency,4,County Road,CR-603 SPRINGFIELD AVE,LYONS AVE,6,6,40.72485556,40.72485556,-74.239516670,-74.239516670,0,No Special Jurisdiction,12,Motor Vehicle In-Transport,6,Angle,0,No,2,Intersection,3,T-Intersection,0,None,,,1,On Roadway,3,Dark - Lighted,,,,,1,Clear,0,No,0000000,Not Applicable,0,0:00am-0:59am,15,15,0,0:00am-0:59am,19,19,0,0:00am-0:59am,36,36,,,,,,,1,
2021,34,340137,New Jersey,2,2,0,0,0,3,3,27,MORRIS (27),2084,MT OLIVE,19,19,3,March,2021,6,Friday,16,4:00pm-4:59pm,7,7,1,This section IS ON the NHS,2,Urban,3,Principal Arterial - Other,1,State Highway Agency,2,U.S. Highway,US-46,,281,281,40.88065000,40.88065000,-74.731622220,-74.731622220,0,No Special Jurisdiction,12,Motor Vehicle In-Transport,6,Angle,0,No,8,Driveway Access Related,1,Not an Intersection,0,None,,,1,On Roadway,1,Daylight,,,,,1,Clear,0,No,0000000,Not Applicable,16,4:00pm-4:59pm,12,12,16,4:00pm-4:59pm,28,28,16,4:00pm-4:59pm,53,53,,,,,,,1,
2021,34,340138,New Jersey,2,1,1,1,1,1,1,29,OCEAN (29),1801,MANCHESTER TOWNSHIP,13,13,4,April,2021,3,Tuesday,15,3:00pm-3:59pm,47,47,0,This section IS NOT on the NHS,8,Not Reported,7,Local,4,City or Municipal Highway Agency,6,Local Street - Municipality,YORKTOWNE PKWY,,0,None,39.96071944,39.96071944,-74.365708330,-74.365708330,0,No Special Jurisdiction,8,Pedestrian,0,The First Harmful Event was Not a Collision with a Motor Vehicle in Transport,0,No,1,Non-Junction,1,Not an Intersection,0,None,,,1,On Roadway,1,Daylight,,,,,1,Clear,0,No,0000000,Not Applicable,15,3:00pm-3:59pm,48,48,15,3:00pm-3:59pm,52,52,16,4:00pm-4:59pm,28,28,,,,,,,1,
2021,34,340139,New Jersey,1,1,0,1,1,1,1,31,PASSAIC (31),2510,PATERSON,24,24,4,April,2021,7,Saturday,3,3:00am-3:59am,40,40,1,This section IS ON the NHS,2,Urban,3,Principal Arterial - Other,2,County Highway Agency,4,County Road,CR-601 MAIN ST,,65,65,40.90390000,40.90390000,-74.168147220,-74.168147220,0,No Special Jurisdiction,8,Pedestrian,0,The First Harmful Event was Not a Collision with a Motor Vehicle in Transport,0,No,1,Non-Junction,1,Not an Intersection,0,None,,,1,On Roadway,3,Dark - Lighted,,,,,1,Clear,0,No,0000000,Not Applicable,3,3:00am-3:59am,42,42,3,3:00am-3:59am,47,47,3,3:00am-3:59am,54,54,,,,,,,1,
2021,34,340140,New Jersey,1,1,0,1,1,1,1,7,CAMDEN (7),520,CAMDEN,12,12,4,April,2021,2,Monday,21,9:00pm-9:59pm,38,38,0,This section IS NOT on the NHS,2,Urban,4,Minor Arterial,2,County Highway Agency,4,County Road,CR-630 COLLINGS AVE,ALABAMA RD,99998,Not Reported,39.90500000,39.90500000,-75.101625000,-75.101625000,0,No Special Jurisdiction,8,Pedestrian,0,The First Harmful Event was Not a Collision with a Motor Vehicle in Transport,0,No,3,Intersection-Related,2,Four-Way Intersection,0,None,,,1,On Roadway,3,Dark - Lighted,,,,,10,Cloudy,0,No,0000000,Not Applicable,21,9:00pm-9:59pm,37,37,21,9:00pm-9:59pm,43,43,21,9:00pm-9:59pm,57,57,,,,,,,1,
2021,34,340141,New Jersey,1,1,0,1,1,1,1,31,PASSAIC (31),660,CLIFTON,25,25,4,April,2021,1,Sunday,0,0:00am-0:59am,17,17,1,This section IS ON the NHS,2,Urban,3,Principal Arterial - Other,1,State Highway Agency,2,U.S. Highway,US-46,ROCK HILL RD,604,604,40.87104722,40.87104722,-74.180386110,-74.180386110,0,No Special Jurisdiction,8,Pedestrian,0,The First Harmful Event was Not a Collision with a Motor Vehicle in Transport,0,No,3,Intersection-Related,4,Y-Intersection,0,None,,,1,On Roadway,2,Dark - Not Lighted,,,,,1,Clear,0,No,0000000,Not Applicable,0,0:00am-0:59am,22,22,0,0:00am-0:59am,25,25,0,0:00am-0:59am,36,36,,,,,,,1,
2021,34,340142,New Jersey,1,1,0,0,0,1,1,7,CAMDEN (7),0,NOT APPLICABLE,15,15,4,April,2021,5,Thursday,15,3:00pm-3:59pm,26,26,1,This section IS ON the NHS,2,Urban,2,Principal Arterial - Other Freeways and Expressways,1,State Highway Agency,3,State Highway,SR-42,,74,74,39.78440556,39.78440556,-75.048930560,-75.048930560,0,No Special Jurisdiction,33,Curb,0,The First Harmful Event was Not a Collision with a Motor Vehicle in Transport,0,No,1,Non-Junction,1,Not an Intersection,0,None,,,4,On Roadside,1,Daylight,,,,,1,Clear,0,No,0000000,Not Applicable,15,3:00pm-3:59pm,26,26,15,3:00pm-3:59pm,34,34,88,"Not Applicable (Not Transported) ",88,Not Applicable (Not Transported),,,,,,,1,
2021,34,340143,New Jersey,1,1,0,0,0,2,2,21,MERCER (21),2845,ROBBINSVILLE,22,22,4,April,2021,5,Thursday,21,9:00pm-9:59pm,22,22,1,This section IS ON the NHS,2,Urban,1,Interstate,31,State Toll Road,1,Interstate,I-95,,149,149,40.19036111,40.19036111,-74.605466670,-74.605466670,0,No Special Jurisdiction,24,Guardrail Face,0,The First Harmful Event was Not a Collision with a Motor Vehicle in Transport,0,No,1,Non-Junction,1,Not an Intersection,0,None,,,4,On Roadside,2,Dark - Not Lighted,,,,,1,Clear,0,No,0000000,Not Applicable,21,9:00pm-9:59pm,38,38,21,9:00pm-9:59pm,43,43,88,"Not Applicable (Not Transported) ",88,Not Applicable (Not Transported),,,,,,,2,
2021,34,340144,New Jersey,2,1,1,0,0,1,1,7,CAMDEN (7),520,CAMDEN,24,24,4,April,2021,7,Saturday,22,10:00pm-10:59pm,24,24,0,This section IS NOT on the NHS,2,Urban,7,Local,4,City or Municipal Highway Agency,6,Local Street - Municipality,ELM ST,,0,None,39.95082222,39.95082222,-75.118719440,-75.118719440,0,No Special Jurisdiction,14,Parked Motor Vehicle,0,The First Harmful Event was Not a Collision with a Motor Vehicle in Transport,0,No,1,Non-Junction,1,Not an Intersection,0,None,,,4,On Roadside,3,Dark - Lighted,,,,,1,Clear,0,No,0000000,Not Applicable,22,10:00pm-10:59pm,26,26,22,10:00pm-10:59pm,31,31,22,10:00pm-10:59pm,39,39,,,,,,,1,
2021,34,340145,New Jersey,1,1,0,0,0,2,2,1,ATLANTIC (1),851,EGG HARBOR TOWNSHIP,19,19,4,April,2021,2,Monday,13,1:00pm-1:59pm,53,53,0,This section IS NOT on the NHS,2,Urban,4,Minor Arterial,2,County Highway Agency,4,County Road,CR-559A OCEAN HEIGHTS AVE,,61,61,39.39849444,39.39849444,-74.650877780,-74.650877780,0,No Special Jurisdiction,30,Utility Pole/Light Support,0,The First Harmful Event was Not a Collision with a Motor Vehicle in Transport,0,No,1,Non-Junction,1,Not an Intersection,0,None,,,4,On Roadside,1,Daylight,,,,,2,Rain,0,No,0000000,Not Applicable,13,1:00pm-1:59pm,57,57,14,2:00pm-2:59pm,5,5,14,2:00pm-2:59pm,32,32,,,,,,,1,
2021,34,340146,New Jersey,1,1,0,0,0,1,1,5,BURLINGTON (5),0,NOT APPLICABLE,28,28,4,April,2021,4,Wednesday,19,7:00pm-7:59pm,44,44,1,This section IS ON the NHS,2,Urban,3,Principal Arterial - Other,1,State Highway Agency,3,State Highway,SR-70,,97,97,39.89398056,39.89398056,-74.901563890,-74.901563890,0,No Special Jurisdiction,1,Rollover/Overturn,0,The First Harmful Event was Not a Collision with a Motor Vehicle in Transport,0,No,1,Non-Junction,1,Not an Intersection,0,None,,,8,Gore,5,Dusk,,,,,1,Clear,0,No,0000000,Not Applicable,19,7:00pm-7:59pm,47,47,19,7:00pm-7:59pm,51,51,20,8:00pm-8:59pm,16,16,,,,,,,1,
2021,34,340147,New Jersey,1,1,0,0,0,1,1,35,SOMERSET (35),3520,WATCHUNG,25,25,4,April,2021,1,Sunday,3,3:00am-3:59am,45,45,1,This section IS ON the NHS,2,Urban,1,Interstate,1,State Highway Agency,1,Interstate,I-78,,422,422,40.65843333,40.65843333,-74.438608330,-74.438608330,0,No Special Jurisdiction,42,Tree (Standing Only),0,The First Harmful Event was Not a Collision with a Motor Vehicle in Transport,0,No,1,Non-Junction,1,Not an Intersection,0,None,,,3,On Median,2,Dark - Not Lighted,,,,,2,Rain,0,No,0000000,Not Applicable,99,Unknown,99,Unknown,99,Unknown EMS Scene Arrival Hour,99,Unknown EMS Scene Arrival Minutes,88,"Not Applicable (Not Transported) ",88,Not Applicable (Not Transported),,,,,,,1,
2021,34,340148,New Jersey,1,1,0,0,0,6,6,9,CAPE MAY (9),0,NOT APPLICABLE,28,28,4,April,2021,4,Wednesday,14,2:00pm-2:59pm,34,34,1,This section IS ON the NHS,2,Urban,2,Principal Arterial - Other Freeways and Expressways,31,State Toll Road,8,Other,444 GARDEN STATE PARKWAY,,270,270,39.28013333,39.28013333,-74.627527780,-74.627527780,0,No Special Jurisdiction,1,Rollover/Overturn,0,The First Harmful Event was Not a Collision with a Motor Vehicle in Transport,0,No,1,Non-Junction,1,Not an Intersection,0,None,,,3,On Median,1,Daylight,,,,,1,Clear,0,No,0000000,Not Applicable,14,2:00pm-2:59pm,37,37,14,2:00pm-2:59pm,43,43,15,3:00pm-3:59pm,21,21,,,,,,,1,
2021,34,340149,New Jersey,1,1,0,0,0,1,1,9,CAPE MAY (9),742,DENNISVILLE,11,11,4,April,2021,1,Sunday,17,5:00pm-5:59pm,20,20,0,This section IS NOT on the NHS,2,Urban,7,Local,2,County Highway Agency,4,County Road,CR-608 KINGS HWY,,30,30,39.19487778,39.19487778,-74.756730560,-74.756730560,0,No Special Jurisdiction,42,Tree (Standing Only),0,The First Harmful Event was Not a Collision with a Motor Vehicle in Transport,0,No,1,Non-Junction,1,Not an Intersection,0,None,,,5,Outside Trafficway,1,Daylight,,,,,1,Clear,0,No,0000000,Not Applicable,17,5:00pm-5:59pm,19,19,17,5:00pm-5:59pm,26,26,88,"Not Applicable (Not Transported) ",88,Not Applicable (Not Transported),,,,,,,1,
2021,34,340150,New Jersey,1,1,0,1,1,1,1,11,CUMBERLAND (11),3460,VINELAND,29,29,4,April,2021,5,Thursday,20,8:00pm-8:59pm,53,53,0,This section IS NOT on the NHS,2,Urban,5,Major Collector,4,City or Municipal Highway Agency,4,County Road,CR-540 WEST PARK AVE,,340,340,39.49188056,39.49188056,-75.029388890,-75.029388890,0,No Special Jurisdiction,9,Pedalcyclist,0,The First Harmful Event was Not a Collision with a Motor Vehicle in Transport,0,No,1,Non-Junction,1,Not an Intersection,0,None,,,1,On Roadway,3,Dark - Lighted,,,,,10,Cloudy,0,No,0000000,Not Applicable,20,8:00pm-8:59pm,44,44,20,8:00pm-8:59pm,49,49,88,"Not Applicable (Not Transported) ",88,Not Applicable (Not Transported),,,,,,,1,
2021,34,340151,New Jersey,2,2,0,0,0,4,4,41,WARREN (41),2580,PHILLIPSBURG,3,3,4,April,2021,7,Saturday,18,6:00pm-6:59pm,39,39,1,This section IS ON the NHS,2,Urban,3,Principal Arterial - Other,1,State Highway Agency,2,U.S. Highway,US-22,FIRTH ST,85,85,40.69582500,40.69582500,-75.188786110,-75.188786110,0,No Special Jurisdiction,1,Rollover/Overturn,0,The First Harmful Event was Not a Collision with a Motor Vehicle in Transport,0,No,2,Intersection,2,Four-Way Intersection,0,None,,,1,On Roadway,1,Daylight,,,,,1,Clear,0,No,0000000,Not Applicable,18,6:00pm-6:59pm,40,40,18,6:00pm-6:59pm,44,44,88,"Not Applicable (Not Transported) ",88,Not Applicable (Not Transported),,,,,,,1,
2021,34,340152,New Jersey,2,2,0,0,0,3,3,5,BURLINGTON (5),0,NOT APPLICABLE,29,29,4,April,2021,5,Thursday,9,9:00am-9:59am,50,50,1,This section IS ON the NHS,2,Urban,4,Minor Arterial,1,State Highway Agency,3,State Highway,SR-68,CR-537,28,28,40.05654722,40.05654722,-74.650075000,-74.650075000,0,No Special Jurisdiction,12,Motor Vehicle In-Transport,6,Angle,0,No,2,Intersection,2,Four-Way Intersection,0,None,,,1,On Roadway,1,Daylight,,,,,1,Clear,0,No,0000000,Not Applicable,9,9:00am-9:59am,42,42,9,9:00am-9:59am,52,52,10,10:00am-10:59am,32,32,,,,,,,1,
2021,34,340153,New Jersey,2,2,0,0,0,2,2,17,HUDSON (17),1540,KEARNY,29,29,4,April,2021,5,Thursday,1,1:00am-1:59am,44,44,1,This section IS ON the NHS,2,Urban,3,Principal Arterial - Other,1,State Highway Agency,2,U.S. Highway,US-1 TRUCK,,14,14,40.72900833,40.72900833,-74.105050000,-74.105050000,0,No Special Jurisdiction,12,Motor Vehicle In-Transport,1,Front-to-Rear,0,No,1,Non-Junction,1,Not an Intersection,0,None,,,1,On Roadway,3,Dark - Lighted,,,,,1,Clear,0,No,0000000,Not Applicable,1,1:00am-1:59am,48,48,2,2:00am-2:59am,8,8,88,"Not Applicable (Not Transported) ",88,Not Applicable (Not Transported),,,,,,,1,
2021,34,340154,New Jersey,2,2,0,0,0,3,3,11,CUMBERLAND (11),1970,MILLVILLE,2,2,4,April,2021,6,Friday,20,8:00pm-8:59pm,21,21,0,This section IS NOT on the NHS,2,Urban,4,Minor Arterial,2,County Highway Agency,4,County Road,CR-610 CEDAR ST,DUMONT DR,97,97,39.38013889,39.38013889,-75.071788890,-75.071788890,0,No Special Jurisdiction,12,Motor Vehicle In-Transport,6,Angle,0,No,2,Intersection,3,T-Intersection,0,None,,,1,On Roadway,3,Dark - Lighted,,,,,1,Clear,0,No,0000000,Not Applicable,20,8:00pm-8:59pm,21,21,20,8:00pm-8:59pm,26,26,21,9:00pm-9:59pm,46,46,,,,,,,1,
2021,34,340155,New Jersey,2,2,0,0,0,2,2,15,GLOUCESTER (15),1082,FRANKLINVILLE,29,29,4,April,2021,5,Thursday,11,11:00am-11:59am,34,34,0,This section IS NOT on the NHS,2,Urban,5,Major Collector,2,County Highway Agency,4,County Road,CR-538 MALAGA RD,CR-659 COLES MILL RD,198,198,39.61968889,39.61968889,-74.994080560,-74.994080560,0,No Special Jurisdiction,12,Motor Vehicle In-Transport,6,Angle,0,No,2,Intersection,2,Four-Way Intersection,0,None,,,1,On Roadway,1,Daylight,,,,,1,Clear,0,No,0000000,Not Applicable,11,11:00am-11:59am,37,37,11,11:00am-11:59am,44,44,88,"Not Applicable (Not Transported) ",88,Not Applicable (Not Transported),,,,,,,1,
2021,34,340156,New Jersey,2,2,0,1,1,3,3,25,MONMOUTH (25),1925,MIDDLETOWN,6,6,4,April,2021,3,Tuesday,19,7:00pm-7:59pm,52,52,1,This section IS ON the NHS,2,Urban,3,Principal Arterial - Other,1,State Highway Agency,3,State Highway,SR-35,NAVESINK RIVER RD,346,346,40.36020833,40.36020833,-74.079175000,-74.079175000,0,No Special Jurisdiction,8,Pedestrian,0,The First Harmful Event was Not a Collision with a Motor Vehicle in Transport,0,No,3,Intersection-Related,2,Four-Way Intersection,0,None,,,1,On Roadway,3,Dark - Lighted,,,,,1,Clear,0,No,0000000,Not Applicable,19,7:00pm-7:59pm,54,54,20,8:00pm-8:59pm,2,2,88,"Not Applicable (Not Transported) ",88,Not Applicable (Not Transported),,,,,,,1,
2021,34,340157,New Jersey,2,2,0,0,0,4,4,23,MIDDLESEX (23),2417,OLD BRIDGE,3,3,4,April,2021,7,Saturday,3,3:00am-3:59am,40,40,1,This section IS ON the NHS,2,Urban,3,Principal Arterial - Other,1,State Highway Agency,2,U.S. Highway,US-9,FERRY RD,1231,1231,40.38429722,40.38429722,-74.308366670,-74.308366670,0,No Special Jurisdiction,12,Motor Vehicle In-Transport,98,Not Reported,0,No,3,Intersection-Related,2,Four-Way Intersection,0,None,,,1,On Roadway,3,Dark - Lighted,,,,,1,Clear,0,No,0000000,Not Applicable,3,3:00am-3:59am,43,43,3,3:00am-3:59am,51,51,88,"Not Applicable (Not Transported) ",88,Not Applicable (Not Transported),,,,,,,1,
2021,34,340158,New Jersey,2,1,1,2,4,1,3,1,ATLANTIC (1),2640,PLEASANTVILLE,23,23,4,April,2021,6,Friday,20,8:00pm-8:59pm,47,47,0,This section IS NOT on the NHS,2,Urban,7,Local,4,City or Municipal Highway Agency,6,Local Street - Municipality,BRIGHTON AVE,,0,None,39.40139167,39.40139167,-74.518094440,-74.518094440,0,No Special Jurisdiction,14,Parked Motor Vehicle,0,The First Harmful Event was Not a Collision with a Motor Vehicle in Transport,0,No,1,Non-Junction,1,Not an Intersection,0,None,,,2,On Shoulder,3,Dark - Lighted,,,,,1,Clear,0,No,0000000,Not Applicable,20,8:00pm-8:59pm,50,50,20,8:00pm-8:59pm,57,57,21,9:00pm-9:59pm,25,25,,,,,,,1,
2021,34,340159,New Jersey,4,4,0,0,0,4,4,23,MIDDLESEX (23),2208,NORTH BRUNSWICK,9,9,4,April,2021,6,Friday,7,7:00am-7:59am,21,21,1,This section IS ON the NHS,2,Urban,3,Principal Arterial - Other,1,State Highway Agency,2,U.S. Highway,US-130,ADAMS LANE,812,812,40.43993056,40.43993056,-74.478391670,-74.478391670,0,No Special Jurisdiction,12,Motor Vehicle In-Transport,7,Sideswipe - Same Direction,0,No,3,Intersection-Related,2,Four-Way Intersection,0,None,,,1,On Roadway,1,Daylight,,,,,10,Cloudy,0,No,0000000,Not Applicable,7,7:00am-7:59am,25,25,7,7:00am-7:59am,36,36,88,"Not Applicable (Not Transported) ",88,Not Applicable (Not Transported),,,,,,,1,
2021,34,340160,New Jersey,3,1,2,0,0,2,2,7,CAMDEN (7),520,CAMDEN,18,18,4,April,2021,1,Sunday,20,8:00pm-8:59pm,22,22,0,This section IS NOT on the NHS,2,Urban,4,Minor Arterial,2,County Highway Agency,4,County Road,CR-537 FEDERAL ST,,25,25,39.94686389,39.94686389,-75.081991670,-75.081991670,0,No Special Jurisdiction,14,Parked Motor Vehicle,0,The First Harmful Event was Not a Collision with a Motor Vehicle in Transport,0,No,1,Non-Junction,1,Not an Intersection,0,None,,,2,On Shoulder,3,Dark - Lighted,,,,,1,Clear,0,No,0000000,Not Applicable,20,8:00pm-8:59pm,21,21,20,8:00pm-8:59pm,28,28,20,8:00pm-8:59pm,52,52,,,,,,,1,
2021,34,340161,New Jersey,3,3,0,0,0,5,5,33,SALEM (33),0,NOT APPLICABLE,3,3,4,April,2021,7,Saturday,17,5:00pm-5:59pm,29,29,1,This section IS ON the NHS,1,Rural,3,Principal Arterial - Other,1,State Highway Agency,2,U.S. Highway,US-40,,180,180,39.60685556,39.60685556,-75.203219440,-75.203219440,0,No Special Jurisdiction,12,Motor Vehicle In-Transport,8,Sideswipe - Opposite Direction,0,No,1,Non-Junction,1,Not an Intersection,0,None,,,1,On Roadway,1,Daylight,,,,,1,Clear,0,No,0000000,Not Applicable,17,5:00pm-5:59pm,31,31,17,5:00pm-5:59pm,49,49,18,6:00pm-6:59pm,32,32,,,,,,,1,
2021,34,340162,New Jersey,3,1,2,3,4,1,2,7,CAMDEN (7),520,CAMDEN,18,18,4,April,2021,1,Sunday,19,7:00pm-7:59pm,16,16,1,This section IS ON the NHS,2,Urban,1,Interstate,1,State Highway Agency,1,Interstate,I-676,,18,18,39.92214444,39.92214444,-75.116061110,-75.116061110,0,No Special Jurisdiction,14,Parked Motor Vehicle,0,The First Harmful Event was Not a Collision with a Motor Vehicle in Transport,0,No,1,Non-Junction,1,Not an Intersection,0,None,,,2,On Shoulder,5,Dusk,,,,,1,Clear,0,No,0000000,Not Applicable,19,7:00pm-7:59pm,15,15,19,7:00pm-7:59pm,21,21,19,7:00pm-7:59pm,36,36,,,,,,,1,
2021,34,340163,New Jersey,2,2,0,0,0,2,2,3,BERGEN (3),1210,HACKENSACK,10,10,4,April,2021,7,Saturday,0,0:00am-0:59am,0,0,1,This section IS ON the NHS,2,Urban,1,Interstate,1,State Highway Agency,1,Interstate,I-80,,668,668,40.86687500,40.86687500,-74.037869440,-74.037869440,0,No Special Jurisdiction,12,Motor Vehicle In-Transport,1,Front-to-Rear,0,No,1,Non-Junction,1,Not an Intersection,0,None,,,1,On Roadway,3,Dark - Lighted,,,,,1,Clear,0,No,0000000,Not Applicable,99,Unknown,99,Unknown,99,Unknown EMS Scene Arrival Hour,99,Unknown EMS Scene Arrival Minutes,99,Unknown,99,Unknown EMS Hospital Arrival Time,,,,,,,1,
2021,34,340164,New Jersey,3,3,0,0,0,4,4,15,GLOUCESTER (15),3569,WEST DEPTFORD,13,13,4,April,2021,3,Tuesday,14,2:00pm-2:59pm,51,51,1,This section IS ON the NHS,2,Urban,1,Interstate,1,State Highway Agency,1,Interstate,I-295,,212,212,39.84108889,39.84108889,-75.191980560,-75.191980560,0,No Special Jurisdiction,12,Motor Vehicle In-Transport,1,Front-to-Rear,0,No,1,Non-Junction,1,Not an Intersection,0,None,,,1,On Roadway,1,Daylight,,,,,1,Clear,0,No,0000000,Not Applicable,14,2:00pm-2:59pm,51,51,14,2:00pm-2:59pm,59,59,15,3:00pm-3:59pm,31,31,,,,,,,1,
2021,34,340165,New Jersey,1,1,0,1,1,2,2,17,HUDSON (17),1520,JERSEY CITY,22,22,5,May,2021,7,Saturday,0,0:00am-0:59am,5,5,0,This section IS NOT on the NHS,2,Urban,4,Minor Arterial,4,City or Municipal Highway Agency,6,Local Street - Municipality,GARFIELD AVE,BRAMHALL AVE,0,None,40.71214167,40.71214167,-74.068869440,-74.068869440,0,No Special Jurisdiction,9,Pedalcyclist,0,The First Harmful Event was Not a Collision with a Motor Vehicle in Transport,0,No,2,Intersection,3,T-Intersection,0,None,,,1,On Roadway,3,Dark - Lighted,,,,,1,Clear,0,No,0000000,Not Applicable,0,0:00am-0:59am,8,8,0,0:00am-0:59am,10,10,0,0:00am-0:59am,37,37,,,,,,,1,
2021,34,340166,New Jersey,1,1,0,1,1,1,1,9,CAPE MAY (9),0,NOT APPLICABLE,13,13,5,May,2021,5,Thursday,14,2:00pm-2:59pm,28,28,0,This section IS NOT on the NHS,2,Urban,7,Local,4,City or Municipal Highway Agency,6,Local Street - Municipality,BAY DRIVE,DUNE ROAD,0,None,39.00295278,39.00295278,-74.952430560,-74.952430560,0,No Special Jurisdiction,8,Pedestrian,0,The First Harmful Event was Not a Collision with a Motor Vehicle in Transport,0,No,3,Intersection-Related,2,Four-Way Intersection,0,None,,,1,On Roadway,1,Daylight,,,,,1,Clear,0,No,0000000,Not Applicable,99,Unknown,99,Unknown,99,Unknown EMS Scene Arrival Hour,99,Unknown EMS Scene Arrival Minutes,88,"Not Applicable (Not Transported) ",88,Not Applicable (Not Transported),,,,,,,1,