caseyear,state,st_case,statename,ve_total,ve_forms,pvh_invl,peds,pernotmvit,permvit,persons,county,countyname,city,cityname,day,dayname,month,monthname,year,day_week,day_weekname,hour,hourname,minute,minutename,nhs,nhsname,rur_urb,rur_urbname,func_sys,func_sysname,rd_owner,rd_ownername,route,routename,tway_id,tway_id2,milept,mileptname,latitude,latitudename,longitud,longitudname,sp_jur,sp_jurname,harm_ev,harm_evname,man_coll,man_collname,reljct1,reljct1name,reljct2,reljct2name,typ_int,typ_intname,wrk_zone,wrk_zonename,road_fnc,road_fncname,rel_road,rel_roadname,lgt_cond,lgt_condname,weather1,weather1name,weather2,weather2name,weather,weathername,sch_bus,sch_busname,rail,railname,not_hour,not_hourname,not_min,not_minname,arr_hour,arr_hourname,arr_min,arr_minname,hosp_hr,hosp_hrname,hosp_mn,hosp_mnname,cf1,cf1name,cf2,cf2name,cf3,cf3name,fatals,drunk_dr
2021,34,340167,New Jersey,1,1,0,2,2,1,1,3,BERGEN (3),3340,TENAFLY,9,9,5,May,2021,1,Sunday,7,7:00am-7:59am,31,31,0,This section IS NOT on the NHS,2,Urban,7,Local,4,City or Municipal Highway Agency,6,Local Street - Municipality,ENGLE ST,HILLSIDE AVE,0,None,40.92211111,40.92211111,-73.959166670,-73.959166670,0,No Special Jurisdiction,8,Pedestrian,0,The First Harmful Event was Not a Collision with a Motor Vehicle in Transport,0,No,3,Intersection-Related,3,T-Intersection,0,None,,,1,On Roadway,1,Daylight,,,,,1,Clear,0,No,0000000,Not Applicable,7,7:00am-7:59am,31,31,7,7:00am-7:59am,36,36,7,7:00am-7:59am,57,57,,,,,,,1,
2021,34,340168,New Jersey,1,1,0,1,1,1,1,29,OCEAN (29),3360,TOMS RIVER,24,24,5,May,2021,2,Monday,19,7:00pm-7:59pm,42,42,1,This section IS ON the NHS,2,Urban,3,Principal Arterial - Other,1,State Highway Agency,3,State Highway,SR-37,CARDINAL DR,50,50,39.96840556,39.96840556,-74.230858330,-74.230858330,0,No Special Jurisdiction,8,Pedestrian,0,The First Harmful Event was Not a Collision with a Motor Vehicle in Transport,0,No,3,Intersection-Related,3,T-Intersection,0,None,,,1,On Roadway,5,Dusk,,,,,1,Clear,0,No,0000000,Not Applicable,19,7:00pm-7:59pm,44,44,19,7:00pm-7:59pm,45,45,20,8:00pm-8:59pm,18,18,,,,,,,1,
2021,34,340169,New Jersey,1,1,0,1,1,1,1,21,MERCER (21),3380,TRENTON,7,7,3,March,2021,1,Sunday,18,6:00pm-6:59pm,19,19,0,This section IS NOT on the NHS,2,Urban,4,Minor Arterial,2,County Highway Agency,4,County Road,CR-650 LALOR ST,,10,10,40.19835556,40.19835556,-74.752694440,-74.752694440,0,No Special Jurisdiction,8,Pedestrian,0,The First Harmful Event was Not a Collision with a Motor Vehicle in Transport,0,No,1,Non-Junction,1,Not an Intersection,0,None,,,1,On Roadway,6,Dark - Unknown Lighting,,,,,1,Clear,0,No,0000000,Not Applicable,18,6:00pm-6:59pm,20,20,18,6:00pm-6:59pm,25,25,88,"Not Applicable (Not Transported) ",88,Not Applicable (Not Transported),,,,,,,1,
2021,34,340170,New Jersey,1,1,0,0,0,4,4,11,CUMBERLAND (11),1845,MAURICETOWN,30,30,5,May,2021,1,Sunday,0,0:00am-0:59am,25,25,1,This section IS ON the NHS,1,Rural,3,Principal Arterial - Other,1,State Highway Agency,3,State Highway,SR-347,,75,75,39.28511667,39.28511667,-74.953344440,-74.953344440,0,No Special Jurisdiction,24,Guardrail Face,0,The First Harmful Event was Not a Collision with a Motor Vehicle in Transport,0,No,1,Non-Junction,1,Not an Intersection,0,None,,,4,On Roadside,2,Dark - Not Lighted,,,,,2,Rain,0,No,0000000,Not Applicable,0,0:00am-0:59am,42,42,0,0:00am-0:59am,57,57,1,1:00am-1:59am,55,55,,,,,,,1,
2021,34,340171,New Jersey,3,2,1,0,0,5,5,39,UNION (39),2900,ROSELLE,3,3,8,August,2021,3,Tuesday,12,12:00pm-12:59pm,7,7,1,This section IS ON the NHS,2,Urban,3,Principal Arterial - Other,1,State Highway Agency,3,State Highway,SR-27,GARDEN DR,323,323,40.65082778,40.65082778,-74.239316670,-74.239316670,0,No Special Jurisdiction,12,Motor Vehicle In-Transport,6,Angle,0,No,2,Intersection,2,Four-Way Intersection,0,None,,,1,On Roadway,1,Daylight,,,,,1,Clear,0,No,0000000,Not Applicable,12,12:00pm-12:59pm,15,15,12,12:00pm-12:59pm,18,18,12,12:00pm-12:59pm,34,34,,,,,,,1,
2021,34,340172,New Jersey,2,2,0,1,1,2,2,7,CAMDEN (7),598,CHERRY HILL,4,4,4,April,2021,1,Sunday,21,9:00pm-9:59pm,43,43,1,This section IS ON the NHS,2,Urban,3,Principal Arterial - Other,1,State Highway Agency,3,State Highway,SR-38,,17,17,39.93607500,39.93607500,-75.049147220,-75.049147220,0,No Special Jurisdiction,8,Pedestrian,0,The First Harmful Event was Not a Collision with a Motor Vehicle in Transport,0,No,1,Non-Junction,1,Not an Intersection,0,None,,,1,On Roadway,2,Dark - Not Lighted,,,,,1,Clear,0,No,0000000,Not Applicable,21,9:00pm-9:59pm,44,44,21,9:00pm-9:59pm,48,48,88,"Not Applicable (Not Transported) ",88,Not Applicable (Not Transported),,,,,,,1,
2021,34,340173,New Jersey,2,2,0,0,0,2,2,1,ATLANTIC (1),851,EGG HARBOR TOWNSHIP,16,16,5,May,2021,1,Sunday,0,0:00am-0:59am,13,13,1,This section IS ON the NHS,2,Urban,2,Principal Arterial - Other Freeways and Expressways,31,State Toll Road,8,Other,446,,63,63,39.40617500,39.40617500,-74.539702780,-74.539702780,0,No Special Jurisdiction,12,Motor Vehicle In-Transport,7,Sideswipe - Same Direction,0,No,1,Non-Junction,1,Not an Intersection,0,None,,,1,On Roadway,2,Dark - Not Lighted,,,,,1,Clear,0,No,0000000,Not Applicable,0,0:00am-0:59am,14,14,0,0:00am-0:59am,23,23,0,0:00am-0:59am,54,54,,,,,,,1,
2021,34,340174,New Jersey,1,1,0,0,0,1,1,23,MIDDLESEX (23),2582,PISCATAWAY,3,3,5,May,2021,2,Monday,19,7:00pm-7:59pm,51,51,1,This section IS ON the NHS,2,Urban,1,Interstate,1,State Highway Agency,1,Interstate,I-287,,74,74,40.55666111,40.55666111,-74.464952780,-74.464952780,0,No Special Jurisdiction,24,Guardrail Face,0,The First Harmful Event was Not a Collision with a Motor Vehicle in Transport,0,No,1,Non-Junction,1,Not an Intersection,0,None,,,3,On Median,1,Daylight,,,,,2,Rain,0,No,0000000,Not Applicable,19,7:00pm-7:59pm,50,50,19,7:00pm-7:59pm,51,51,88,"Not Applicable (Not Transported) ",88,Not Applicable (Not Transported),,,,,,,1,
2021,34,340175,New Jersey,1,1,0,0,0,2,2,7,CAMDEN (7),0,NOT APPLICABLE,15,15,5,May,2021,7,Saturday,16,4:00pm-4:59pm,38,38,1,This section IS ON the NHS,2,Urban,2,Principal Arterial - Other Freeways and Expressways,31,State Toll Road,8,Other,446,,436,436,39.77161389,39.77161389,-75.048769440,-75.048769440,0,No Special Jurisdiction,31,"Post, Pole or Other Supports",0,The First Harmful Event was Not a Collision with a Motor Vehicle in Transport,0,No,1,Non-Junction,1,Not an Intersection,0,None,,,4,On Roadside,1,Daylight,,,,,1,Clear,0,No,0000000,Not Applicable,16,4:00pm-4:59pm,39,39,16,4:00pm-4:59pm,47,47,17,5:00pm-5:59pm,10,10,,,,,,,1,
2021,34,340176,New Jersey,1,1,0,0,0,1,1,41,WARREN (41),314,BLAIRSTOWN,16,16,5,May,2021,1,Sunday,8,8:00am-8:59am,5,5,0,This section IS NOT on the NHS,1,Rural,7,Local,4,City or Municipal Highway Agency,6,Local Street - Municipality,BIRCH RIDGE RD,,0,None,41.03741944,41.03741944,-74.935430560,-74.935430560,0,No Special Jurisdiction,42,Tree (Standing Only),0,The First Harmful Event was Not a Collision with a Motor Vehicle in Transport,0,No,1,Non-Junction,1,Not an Intersection,0,None,,,5,Outside Trafficway,1,Daylight,,,,,1,Clear,0,No,0000000,Not Applicable,8,8:00am-8:59am,3,3,8,8:00am-8:59am,21,21,8,8:00am-8:59am,45,45,,,,,,,1,
2021,34,340177,New Jersey,1,1,0,0,0,1,1,17,HUDSON (17),1540,KEARNY,1,1,5,May,2021,7,Saturday,15,3:00pm-3:59pm,16,16,1,This section IS ON the NHS,2,Urban,1,Interstate,31,State Toll Road,1,Interstate,I-95,,635,635,40.75180833,40.75180833,-74.113850000,-74.113850000,0,No Special Jurisdiction,33,Curb,0,The First Harmful Event was Not a Collision with a Motor Vehicle in Transport,0,No,1,Non-Junction,1,Not an Intersection,0,None,,,4,On Roadside,1,Daylight,,,,,1,Clear,0,No,0000000,Not Applicable,15,3:00pm-3:59pm,31,31,15,3:00pm-3:59pm,42,42,99,Unknown,99,Unknown EMS Hospital Arrival Time,,,,,,,1,
2021,34,340178,New Jersey,1,1,0,0,0,4,4,3,BERGEN (3),900,ENGLEWOOD CLIFFS,27,27,5,May,2021,5,Thursday,20,8:00pm-8:59pm,33,33,1,This section IS ON the NHS,2,Urban,2,Principal Arterial - Other Freeways and Expressways,21,Other State Agency,8,Other,"PALISADES INTERSTATE PARKWAY ",,24,24,40.88994722,40.88994722,-73.943747220,-73.943747220,0,No Special Jurisdiction,42,Tree (Standing Only),0,The First Harmful Event was Not a Collision with a Motor Vehicle in Transport,0,No,1,Non-Junction,1,Not an Intersection,0,None,,,4,On Roadside,5,Dusk,,,,,1,Clear,0,No,0000000,Not Applicable,20,8:00pm-8:59pm,36,36,20,8:00pm-8:59pm,41,41,21,9:00pm-9:59pm,40,40,,,,,,,1,
2021,34,340179,New Jersey,1,1,0,0,0,7,7,5,BURLINGTON (5),2081,MT LAUREL,3,3,5,May,2021,2,Monday,0,0:00am-0:59am,19,19,1,This section IS ON the NHS,2,Urban,1,Interstate,1,State Highway Agency,1,Interstate,I-295,,418,418,39.98507778,39.98507778,-74.889825000,-74.889825000,0,No Special Jurisdiction,24,Guardrail Face,0,The First Harmful Event was Not a Collision with a Motor Vehicle in Transport,0,No,1,Non-Junction,1,Not an Intersection,0,None,,,3,On Median,2,Dark - Not Lighted,,,,,1,Clear,0,No,0000000,Not Applicable,0,0:00am-0:59am,19,19,0,0:00am-0:59am,29,29,1,1:00am-1:59am,3,3,,,,,,,1,
2021,34,340180,New Jersey,1,1,0,0,0,1,1,3,BERGEN (3),1080,FRANKLIN LAKES,23,23,5,May,2021,1,Sunday,16,4:00pm-4:59pm,15,15,0,This section IS NOT on the NHS,2,Urban,4,Minor Arterial,2,County Highway Agency,4,County Road,CR-S85 PULIS AVE,WOODSIDE AVE,5,5,41.03248056,41.03248056,-74.178858330,-74.178858330,0,No Special Jurisdiction,17,Boulder,0,The First Harmful Event was Not a Collision with a Motor Vehicle in Transport,0,No,3,Intersection-Related,3,T-Intersection,0,None,,,5,Outside Trafficway,1,Daylight,,,,,1,Clear,0,No,0000000,Not Applicable,16,4:00pm-4:59pm,12,12,16,4:00pm-4:59pm,18,18,88,"Not Applicable (Not Transported) ",88,Not Applicable (Not Transported),,,,,,,1,
2021,34,340182,New Jersey,1,1,0,0,0,1,1,23,MIDDLESEX (23),844,EDISON,11,11,5,May,2021,3,Tuesday,15,3:00pm-3:59pm,43,43,1,This section IS ON the NHS,2,Urban,3,Principal Arterial - Other,1,State Highway Agency,2,U.S. Highway,US-1,,338,338,40.53703889,40.53703889,-74.342538890,-74.342538890,0,No Special Jurisdiction,33,Curb,0,The First Harmful Event was Not a Collision with a Motor Vehicle in Transport,0,No,1,Non-Junction,1,Not an Intersection,0,None,,,4,On Roadside,1,Daylight,,,,,10,Cloudy,0,No,0000000,Not Applicable,15,3:00pm-3:59pm,45,45,15,3:00pm-3:59pm,51,51,16,4:00pm-4:59pm,17,17,,,,,,,1,
2021,34,340183,New Jersey,1,1,0,0,0,1,1,1,ATLANTIC (1),90,ATLANTIC CITY,29,29,5,May,2021,7,Saturday,5,5:00am-5:59am,11,11,1,This section IS ON the NHS,2,Urban,3,Principal Arterial - Other,1,State Highway Agency,2,U.S. Highway,US-40,,617,617,39.37710556,39.37710556,-74.486322220,-74.486322220,0,No Special Jurisdiction,33,Curb,0,The First Harmful Event was Not a Collision with a Motor Vehicle in Transport,0,No,1,Non-Junction,1,Not an Intersection,0,None,,,4,On Roadside,3,Dark - Lighted,,,,,2,Rain,0,No,0000000,Not Applicable,5,5:00am-5:59am,23,23,5,5:00am-5:59am,25,25,88,"Not Applicable (Not Transported) ",88,Not Applicable (Not Transported),,,,,,,1,
2021,34,340184,New Jersey,1,1,0,1,1,1,1,25,MONMOUTH (25),80,ASBURY PARK,28,28,5,May,2021,6,Friday,11,11:00am-11:59am,50,50,0,This section IS NOT on the NHS,2,Urban,4,Minor Arterial,1,State Highway Agency,3,State Highway,SR-71,FOURTH AVE,86,86,40.22460278,40.22460278,-74.010269440,-74.010269440,0,No Special Jurisdiction,9,Pedalcyclist,0,The First Harmful Event was Not a Collision with a Motor Vehicle in Transport,0,No,2,Intersection,2,Four-Way Intersection,0,None,,,1,On Roadway,1,Daylight,,,,,10,Cloudy,0,No,0000000,Not Applicable,11,11:00am-11:59am,53,53,11,11:00am-11:59am,59,59,12,12:00pm-12:59pm,11,11,,,,,,,1,
2021,34,340185,New Jersey,1,1,0,1,1,1,1,13,ESSEX (13),2130,NEWARK,15,15,5,May,2021,7,Saturday,0,0:00am-0:59am,51,51,1,This section IS ON the NHS,2,Urban,1,Interstate,1,State Highway Agency,1,Interstate,I-78,,560,560,40.71228333,40.71228333,-74.200541670,-74.200541670,0,No Special Jurisdiction,9,Pedalcyclist,0,The First Harmful Event was Not a Collision with a Motor Vehicle in Transport,0,No,1,Non-Junction,1,Not an Intersection,0,None,,,98,Not Reported,3,Dark - Lighted,,,,,1,Clear,0,No,0000000,Not Applicable,88,Not Applicable (Not Notified),88,Not Applicable (Not Notified),88,Not Applicable,88,Not Applicable,88,"Not Applicable (Not Transported) ",88,Not Applicable (Not Transported),,,,,,,1,
2021,34,340186,New Jersey,1,1,0,1,1,1,1,15,GLOUCESTER (15),747,DEPTFORD,19,19,5,May,2021,4,Wednesday,6,6:00am-6:59am,5,5,1,This section IS ON the NHS,2,Urban,1,Interstate,1,State Highway Agency,1,Interstate,I-295,,230,230,39.85566944,39.85566944,-75.164008330,-75.164008330,0,No Special Jurisdiction,8,Pedestrian,0,The First Harmful Event was Not a Collision with a Motor Vehicle in Transport,0,No,1,Non-Junction,1,Not an Intersection,0,None,,,1,On Roadway,3,Dark - Lighted,,,,,1,Clear,0,No,0000000,Not Applicable,99,Unknown,99,Unknown,99,Unknown EMS Scene Arrival Hour,99,Unknown EMS Scene Arrival Minutes,88,"Not Applicable (Not Transported) ",88,Not Applicable (Not Transported),,,,,,,1,
2021,34,340187,New Jersey,1,1,0,1,1,1,1,11,CUMBERLAND (11),3460,VINELAND,14,14,5,May,2021,6,Friday,21,9:00pm-9:59pm,33,33,0,This section IS NOT on the NHS,2,Urban,5,Major Collector,4,City or Municipal Highway Agency,6,Local Street - Municipality,W CHESTNUT AVE,,0,None,39.47944444,39.47944444,-75.036213890,-75.036213890,0,No Special Jurisdiction,8,Pedestrian,0,The First Harmful Event was Not a Collision with a Motor Vehicle in Transport,0,No,1,Non-Junction,1,Not an Intersection,0,None,,,1,On Roadway,3,Dark - Lighted,,,,,1,Clear,0,No,0000000,Not Applicable,21,9:00pm-9:59pm,33,33,21,9:00pm-9:59pm,34,34,88,"Not Applicable (Not Transported) ",88,Not Applicable (Not Transported),,,,,,,1,
2021,34,340188,New Jersey,1,1,0,1,1,1,1,21,MERCER (21),1460,PENNINGTON,13,13,5,May,2021,5,Thursday,16,4:00pm-4:59pm,11,11,0,This section IS NOT on the NHS,2,Urban,4,Minor Arterial,2,County Highway Agency,4,County Road,CR-518 E BROAD ST,CR- 569 PRINCETON AVE,105,105,40.39022222,40.39022222,-74.758255560,-74.758255560,0,No Special Jurisdiction,9,Pedalcyclist,0,The First Harmful Event was Not a Collision with a Motor Vehicle in Transport,0,No,3,Intersection-Related,3,T-Intersection,0,None,,,1,On Roadway,1,Daylight,,,,,1,Clear,0,No,0000000,Not Applicable,16,4:00pm-4:59pm,15,15,16,4:00pm-4:59pm,16,16,17,5:00pm-5:59pm,3,3,,,,,,,1,
2021,34,340189,New Jersey,1,1,0,1,1,1,1,13,ESSEX (13),2130,NEWARK,11,11,5,May,2021,3,Tuesday,3,3:00am-3:59am,15,15,1,This section IS ON the NHS,2,Urban,3,Principal Arterial - Other,1,State Highway Agency,3,State Highway,SR-27,,365,365,40.69861667,40.69861667,-74.197761110,-74.197761110,0,No Special Jurisdiction,8,Pedestrian,0,The First Harmful Event was Not a Collision with a Motor Vehicle in Transport,0,No,1,Non-Junction,1,Not an Intersection,0,None,,,1,On Roadway,2,Dark - Not Lighted,,,,,1,Clear,0,No,0000000,Not Applicable,3,3:00am-3:59am,18,18,3,3:00am-3:59am,29,29,88,"Not Applicable (Not Transported) ",88,Not Applicable (Not Transported),,,,,,,1,
2021,34,340190,New Jersey,1,1,0,1,1,1,1,39,UNION (39),860,ELIZABETH,17,17,5,May,2021,2,Monday,23,11:00pm-11:59pm,20,20,1,This section IS ON the NHS,2,Urban,2,Principal Arterial - Other Freeways and Expressways,1,State Highway Agency,2,U.S. Highway,US-1,,99998,Not Reported,40.68319167,40.68319167,-74.193222220,-74.193222220,0,No Special Jurisdiction,8,Pedestrian,0,The First Harmful Event was Not a Collision with a Motor Vehicle in Transport,0,No,1,Non-Junction,1,Not an Intersection,0,None,,,1,On Roadway,3,Dark - Lighted,,,,,1,Clear,0,No,0000000,Not Applicable,23,11:00pm-11:59pm,27,27,23,11:00pm-11:59pm,30,30,23,11:00pm-11:59pm,55,55,,,,,,,1,
2021,34,340191,New Jersey,1,1,0,1,1,1,1,35,SOMERSET (35),425,BRIDGEWATER,27,27,5,May,2021,5,Thursday,2,2:00am-2:59am,2,2,1,This section IS ON the NHS,2,Urban,3,Principal Arterial - Other,1,State Highway Agency,3,State Highway,SR-28,CHIMNEY ROCK RD,62,62,40.56809444,40.56809444,-74.562705560,-74.562705560,0,No Special Jurisdiction,8,Pedestrian,0,The First Harmful Event was Not a Collision with a Motor Vehicle in Transport,0,No,2,Intersection,2,Four-Way Intersection,0,None,,,1,On Roadway,3,Dark - Lighted,,,,,10,Cloudy,0,No,0000000,Not Applicable,2,2:00am-2:59am,4,4,2,2:00am-2:59am,11,11,88,"Not Applicable (Not Transported) ",88,Not Applicable (Not Transported),,,,,,,1,
2021,34,340192,New Jersey,1,1,0,1,1,1,1,35,SOMERSET (35),1081,FRANKLIN PARK,19,19,5,May,2021,4,Wednesday,17,5:00pm-5:59pm,40,40,0,This section IS NOT on the NHS,2,Urban,4,Minor Arterial,2,County Highway Agency,4,County Road,CR-615 S MIDDLEBUSH RD,,9,9,40.43504722,40.43504722,-74.559161110,-74.559161110,0,No Special Jurisdiction,8,Pedestrian,0,The First Harmful Event was Not a Collision with a Motor Vehicle in Transport,0,No,1,Non-Junction,1,Not an Intersection,0,None,,,2,On Shoulder,1,Daylight,,,,,1,Clear,0,No,0000000,Not Applicable,17,5:00pm-5:59pm,44,44,17,5:00pm-5:59pm,58,58,18,6:00pm-6:59pm,28,28,,,,,,,1,
2021,34,340193,New Jersey,2,2,0,0,0,2,2,33,SALEM (33),0,NOT APPLICABLE,1,1,5,May,2021,7,Saturday,5,5:00am-5:59am,44,44,1,This section IS ON the NHS,1,Rural,1,Interstate,1,State Highway Agency,1,Interstate,I-295,,66,66,39.72930556,39.72930556,-75.411941670,-75.411941670,0,No Special Jurisdiction,12,Motor Vehicle In-Transport,7,Sideswipe - Same Direction,0,No,1,Non-Junction,1,Not an Intersection,0,None,,,1,On Roadway,4,Dawn,,,,,1,Clear,0,No,0000000,Not Applicable,5,5:00am-5:59am,46,46,5,5:00am-5:59am,58,58,6,6:00am-6:59am,47,47,,,,,,,1,
2021,34,340194,New Jersey,2,2,0,0,0,3,3,3,BERGEN (3),2330,OAKLAND,6,6,5,May,2021,5,Thursday,8,8:00am-8:59am,18,18,1,This section IS ON the NHS,2,Urban,1,Interstate,1,State Highway Agency,1,Interstate,I-287,,597,597,41.02234444,41.02234444,-74.224261110,-74.224261110,0,No Special Jurisdiction,54,"Motor Vehicle In-Transport Strikes or is Struck by Cargo, Persons or Objects Set-in-Motion from/by Another Motor Vehicle In Transport",11,"Other ",0,No,1,Non-Junction,1,Not an Intersection,0,None,,,1,On Roadway,1,Daylight,,,,,1,Clear,0,No,0000000,Not Applicable,8,8:00am-8:59am,21,21,8,8:00am-8:59am,40,40,9,9:00am-9:59am,21,21,,,,,,,1,
2021,34,340195,New Jersey,1,1,0,0,0,1,1,1,ATLANTIC (1),90,ATLANTIC CITY,13,13,6,June,2021,1,Sunday,14,2:00pm-2:59pm,1,1,1,This section IS ON the NHS,1,Rural,3,Principal Arterial - Other,1,State Highway Agency,2,U.S. Highway,US-30,,559,559,39.38577778,39.38577778,-74.463094440,-74.463094440,0,No Special Jurisdiction,1,Rollover/Overturn,0,The First Harmful Event was Not a Collision with a Motor Vehicle in Transport,0,No,1,Non-Junction,1,Not an Intersection,0,None,,,4,On Roadside,1,Daylight,,,,,1,Clear,0,No,0000000,Not Applicable,16,4:00pm-4:59pm,1,1,16,4:00pm-4:59pm,2,2,16,4:00pm-4:59pm,44,44,,,,,,,1,
2021,34,340196,New Jersey,1,1,0,0,0,1,1,15,GLOUCESTER (15),0,NOT APPLICABLE,27,27,6,June,2021,1,Sunday,21,9:00pm-9:59pm,19,19,1,This section IS ON the NHS,2,Urban,3,Principal Arterial - Other,1,State Highway Agency,2,U.S. Highway,US- 322,,291,291,39.63812500,39.63812500,-74.934852780,-74.934852780,0,No Special Jurisdiction,30,Utility Pole/Light Support,0,The First Harmful Event was Not a Collision with a Motor Vehicle in Transport,0,No,1,Non-Junction,1,Not an Intersection,0,None,,,4,On Roadside,3,Dark - Lighted,,,,,1,Clear,0,No,0000000,Not Applicable,21,9:00pm-9:59pm,21,21,21,9:00pm-9:59pm,27,27,88,"Not Applicable (Not Transported) ",88,Not Applicable (Not Transported),,,,,,,1,
2021,34,340198,New Jersey,1,1,0,0,0,2,2,21,MERCER (21),1265,HAMILTON TOWNSHIP,24,24,5,May,2021,2,Monday,2,2:00am-2:59am,53,53,1,This section IS ON the NHS,2,Urban,3,Principal Arterial - Other,1,State Highway Agency,2,U.S. Highway,US-206,,407,407,40.20081944,40.20081944,-74.735288890,-74.735288890,0,No Special Jurisdiction,25,Concrete Traffic Barrier,0,The First Harmful Event was Not a Collision with a Motor Vehicle in Transport,0,No,1,Non-Junction,1,Not an Intersection,0,None,,,3,On Median,2,Dark - Not Lighted,,,,,1,Clear,0,No,0000000,Not Applicable,2,2:00am-2:59am,53,53,3,3:00am-3:59am,3,3,3,3:00am-3:59am,19,19,,,,,,,1,
2021,34,340199,New Jersey,2,2,0,0,0,2,2,3,BERGEN (3),1060,FORT LEE,16,16,5,May,2021,1,Sunday,13,1:00pm-1:59pm,37,37,1,This section IS ON the NHS,2,Urban,2,Principal Arterial - Other Freeways and Expressways,31,State Toll Road,8,Other,445 LINWOOD RAMP,,3,3,40.86008333,40.86008333,-73.959261110,-73.959261110,0,No Special Jurisdiction,24,Guardrail Face,0,The First Harmful Event was Not a Collision with a Motor Vehicle in Transport,1,Yes,5,Entrance/Exit Ramp Related,1,Not an Intersection,0,None,,,4,On Roadside,1,Daylight,,,,,1,Clear,0,No,0000000,Not Applicable,13,1:00pm-1:59pm,39,39,13,1:00pm-1:59pm,50,50,14,2:00pm-2:59pm,25,25,,,,,,,1,
2021,34,340200,New Jersey,2,2,0,0,0,6,6,7,CAMDEN (7),1190,GLOUCESTER CITY,22,22,5,May,2021,7,Saturday,22,10:00pm-10:59pm,17,17,1,This section IS ON the NHS,2,Urban,1,Interstate,1,State Highway Agency,1,Interstate,I-76 RAMP 1B,,4,4,39.87825000,39.87825000,-75.102952780,-75.102952780,0,No Special Jurisdiction,25,Concrete Traffic Barrier,0,The First Harmful Event was Not a Collision with a Motor Vehicle in Transport,1,Yes,5,Entrance/Exit Ramp Related,1,Not an Intersection,0,None,,,4,On Roadside,6,Dark - Unknown Lighting,,,,,1,Clear,0,No,0000000,Not Applicable,22,10:00pm-10:59pm,15,15,22,10:00pm-10:59pm,22,22,88,"Not Applicable (Not Transported) ",88,Not Applicable (Not Transported),,,,,,,1,
2021,34,340201,New Jersey,2,1,1,0,1,1,2,33,SALEM (33),0,NOT APPLICABLE,15,15,5,May,2021,7,Saturday,13,1:00pm-1:59pm,56,56,1,This section IS ON the NHS,1,Rural,1,Interstate,1,State Highway Agency,1,Interstate,I-295,,82,82,39.74445278,39.74445278,-75.386266670,-75.386266670,0,No Special Jurisdiction,14,Parked Motor Vehicle,0,The First Harmful Event was Not a Collision with a Motor Vehicle in Transport,0,No,1,Non-Junction,1,Not an Intersection,0,None,,,2,On Shoulder,1,Daylight,,,,,1,Clear,0,No,0000000,Not Applicable,13,1:00pm-1:59pm,58,58,14,2:00pm-2:59pm,6,6,14,2:00pm-2:59pm,36,36,,,,,,,1,
2021,34,340202,New Jersey,1,1,0,0,0,1,1,35,SOMERSET (35),0,NOT APPLICABLE,4,4,6,June,2021,6,Friday,20,8:00pm-8:59pm,57,57,0,This section IS NOT on the NHS,2,Urban,5,Major Collector,2,County Highway Agency,4,County Road,CR-601,,39,39,40.43513611,40.43513611,-74.696225000,-74.696225000,0,No Special Jurisdiction,31,"Post, Pole or Other Supports",0,The First Harmful Event was Not a Collision with a Motor Vehicle in Transport,0,No,1,Non-Junction,1,Not an Intersection,0,None,,,4,On Roadside,2,Dark - Not Lighted,,,,,1,Clear,0,No,0000000,Not Applicable,99,Unknown,99,Unknown,99,Unknown EMS Scene Arrival Hour,99,Unknown EMS Scene Arrival Minutes,88,"Not Applicable (Not Transported) ",88,Not Applicable (Not Transported),,,,,,,1,
2021,34,340203,New Jersey,1,1,0,0,0,1,1,15,GLOUCESTER (15),1082,FRANKLINVILLE,26,26,6,June,2021,7,Saturday,15,3:00pm-3:59pm,55,55,0,This section IS NOT on the NHS,2,Urban,5,Major Collector,2,County Highway Agency,4,County Road,CR-615-WEST BLVD,WEST MAIN ST,24,24,39.56990556,39.56990556,-75.047880560,-75.047880560,0,No Special Jurisdiction,30,Utility Pole/Light Support,0,The First Harmful Event was Not a Collision with a Motor Vehicle in Transport,0,No,3,Intersection-Related,3,T-Intersection,0,None,,,4,On Roadside,1,Daylight,,,,,1,Clear,0,No,0000000,Not Applicable,15,3:00pm-3:59pm,57,57,16,4:00pm-4:59pm,5,5,16,4:00pm-4:59pm,39,39,,,,,,,1,
2021,34,340204,New Jersey,2,2,0,0,0,2,2,5,BURLINGTON (5),0,NOT APPLICABLE,18,18,5,May,2021,3,Tuesday,13,1:00pm-1:59pm,3,3,1,This section IS ON the NHS,1,Rural,3,Principal Arterial - Other,1,State Highway Agency,3,State Highway,SR-72,,28,28,39.87699167,39.87699167,-74.551841670,-74.551841670,0,No Special Jurisdiction,12,Motor Vehicle In-Transport,1,Front-to-Rear,0,No,1,Non-Junction,1,Not an Intersection,0,None,,,1,On Roadway,1,Daylight,,,,,1,Clear,0,No,0000000,Not Applicable,13,1:00pm-1:59pm,5,5,13,1:00pm-1:59pm,18,18,88,"Not Applicable (Not Transported) ",88,Not Applicable (Not Transported),,,,,,,1,