caseyear,state,st_case,statename,ve_total,ve_forms,pvh_invl,peds,pernotmvit,permvit,persons,county,countyname,city,cityname,day,dayname,month,monthname,year,day_week,day_weekname,hour,hourname,minute,minutename,nhs,nhsname,rur_urb,rur_urbname,func_sys,func_sysname,rd_owner,rd_ownername,route,routename,tway_id,tway_id2,milept,mileptname,latitude,latitudename,longitud,longitudname,sp_jur,sp_jurname,harm_ev,harm_evname,man_coll,man_collname,reljct1,reljct1name,reljct2,reljct2name,typ_int,typ_intname,wrk_zone,wrk_zonename,road_fnc,road_fncname,rel_road,rel_roadname,lgt_cond,lgt_condname,weather1,weather1name,weather2,weather2name,weather,weathername,sch_bus,sch_busname,rail,railname,not_hour,not_hourname,not_min,not_minname,arr_hour,arr_hourname,arr_min,arr_minname,hosp_hr,hosp_hrname,hosp_mn,hosp_mnname,cf1,cf1name,cf2,cf2name,cf3,cf3name,fatals,drunk_dr
2021,34,340316,New Jersey,1,1,0,0,0,1,1,13,ESSEX (13),320,BLOOMFIELD,27,27,7,July,2021,3,Tuesday,11,11:00am-11:59am,15,15,1,This section IS ON the NHS,2,Urban,2,Principal Arterial - Other Freeways and Expressways,31,State Toll Road,8,Other,444,,1537,1537,40.84544722,40.84544722,-74.179827780,-74.179827780,0,No Special Jurisdiction,42,Tree (Standing Only),0,The First Harmful Event was Not a Collision with a Motor Vehicle in Transport,0,No,1,Non-Junction,1,Not an Intersection,0,None,,,3,On Median,1,Daylight,,,,,1,Clear,0,No,0000000,Not Applicable,11,11:00am-11:59am,24,24,11,11:00am-11:59am,37,37,88,"Not Applicable (Not Transported) ",88,Not Applicable (Not Transported),,,,,,,1,
2021,34,340317,New Jersey,1,1,0,0,0,4,4,41,WARREN (41),1455,HOPE,3,3,7,July,2021,7,Saturday,18,6:00pm-6:59pm,6,6,1,This section IS ON the NHS,1,Rural,1,Interstate,1,State Highway Agency,1,Interstate,I-80,,122,122,40.92402500,40.92402500,-74.955655560,-74.955655560,0,No Special Jurisdiction,52,Guardrail End,0,The First Harmful Event was Not a Collision with a Motor Vehicle in Transport,0,No,1,Non-Junction,1,Not an Intersection,0,None,,,3,On Median,1,Daylight,,,,,2,Rain,0,No,0000000,Not Applicable,18,6:00pm-6:59pm,38,38,19,7:00pm-7:59pm,5,5,19,7:00pm-7:59pm,40,40,,,,,,,2,
2021,34,340318,New Jersey,1,1,0,1,1,1,1,31,PASSAIC (31),660,CLIFTON,11,11,7,July,2021,1,Sunday,8,8:00am-8:59am,18,18,0,This section IS NOT on the NHS,2,Urban,4,Minor Arterial,2,County Highway Agency,4,County Road,CR-702 HAZEL ST,VAN ORDEN PL,10,10,40.88240000,40.88240000,-74.159933330,-74.159933330,0,No Special Jurisdiction,8,Pedestrian,0,The First Harmful Event was Not a Collision with a Motor Vehicle in Transport,0,No,3,Intersection-Related,3,T-Intersection,0,None,,,1,On Roadway,1,Daylight,,,,,1,Clear,0,No,0000000,Not Applicable,8,8:00am-8:59am,20,20,8,8:00am-8:59am,26,26,9,9:00am-9:59am,12,12,,,,,,,1,
2021,34,340319,New Jersey,3,3,0,0,0,4,4,23,MIDDLESEX (23),844,EDISON,26,26,7,July,2021,2,Monday,5,5:00am-5:59am,8,8,1,This section IS ON the NHS,2,Urban,2,Principal Arterial - Other Freeways and Expressways,1,State Highway Agency,3,State Highway,SR-440,,1,1,40.52783611,40.52783611,-74.335041670,-74.335041670,0,No Special Jurisdiction,12,Motor Vehicle In-Transport,1,Front-to-Rear,0,No,1,Non-Junction,1,Not an Intersection,0,None,,,1,On Roadway,4,Dawn,,,,,1,Clear,0,No,0000000,Not Applicable,5,5:00am-5:59am,34,34,5,5:00am-5:59am,40,40,88,"Not Applicable (Not Transported) ",88,Not Applicable (Not Transported),,,,,,,1,
2021,34,340321,New Jersey,1,1,0,0,0,3,3,13,ESSEX (13),2440,ORANGE,15,15,8,August,2021,1,Sunday,4,4:00am-4:59am,30,30,1,This section IS ON the NHS,2,Urban,3,Principal Arterial - Other,2,County Highway Agency,4,County Road,CR-508 CENTRAL AVE,S CENTER ST,75,75,40.76565278,40.76565278,-74.231725000,-74.231725000,0,No Special Jurisdiction,33,Curb,0,The First Harmful Event was Not a Collision with a Motor Vehicle in Transport,0,No,3,Intersection-Related,2,Four-Way Intersection,0,None,,,12,Pedestrian Refuge Island or Traffic Island,3,Dark - Lighted,,,,,1,Clear,0,No,0000000,Not Applicable,4,4:00am-4:59am,57,57,5,5:00am-5:59am,3,3,5,5:00am-5:59am,26,26,,,,,,,2,
2021,34,340322,New Jersey,4,2,2,0,0,3,3,39,UNION (39),860,ELIZABETH,29,29,7,July,2021,5,Thursday,0,0:00am-0:59am,55,55,0,This section IS NOT on the NHS,2,Urban,5,Major Collector,4,City or Municipal Highway Agency,6,Local Street - Municipality,FIFTH STREET,FULTON STREET,0,None,40.65536389,40.65536389,-74.195758330,-74.195758330,0,No Special Jurisdiction,12,Motor Vehicle In-Transport,6,Angle,1,Yes,2,Intersection,2,Four-Way Intersection,0,None,,,1,On Roadway,6,Dark - Unknown Lighting,,,,,1,Clear,0,No,0000000,Not Applicable,0,0:00am-0:59am,57,57,1,1:00am-1:59am,3,3,1,1:00am-1:59am,31,31,,,,,,,1,
2021,34,340323,New Jersey,3,3,0,0,0,4,4,7,CAMDEN (7),2545,PENNSAUKEN,25,25,8,August,2021,4,Wednesday,17,5:00pm-5:59pm,17,17,1,This section IS ON the NHS,2,Urban,3,Principal Arterial - Other,1,State Highway Agency,2,U.S. Highway,US-130,CR-663 TERRACE AVE,99998,Not Reported,39.94533056,39.94533056,-75.069111110,-75.069111110,0,No Special Jurisdiction,12,Motor Vehicle In-Transport,6,Angle,0,No,2,Intersection,2,Four-Way Intersection,0,None,,,1,On Roadway,1,Daylight,,,,,1,Clear,0,No,0000000,Not Applicable,17,5:00pm-5:59pm,21,21,17,5:00pm-5:59pm,26,26,17,5:00pm-5:59pm,48,48,,,,,,,1,
2021,34,340324,New Jersey,2,2,0,0,0,1,1,21,MERCER (21),1265,HAMILTON TOWNSHIP,5,5,6,June,2021,7,Saturday,4,4:00am-4:59am,44,44,1,This section IS ON the NHS,2,Urban,1,Interstate,1,State Highway Agency,1,Interstate,I-295,,580,580,40.15261111,40.15261111,-74.718666670,-74.718666670,0,No Special Jurisdiction,12,Motor Vehicle In-Transport,1,Front-to-Rear,0,No,1,Non-Junction,1,Not an Intersection,0,None,,,1,On Roadway,2,Dark - Not Lighted,,,,,1,Clear,0,No,0000000,Not Applicable,4,4:00am-4:59am,53,53,5,5:00am-5:59am,2,2,88,"Not Applicable (Not Transported) ",88,Not Applicable (Not Transported),,,,,,,1,
2021,34,340325,New Jersey,1,1,0,1,1,2,2,1,ATLANTIC (1),851,EGG HARBOR TOWNSHIP,26,26,8,August,2021,5,Thursday,23,11:00pm-11:59pm,25,25,0,This section IS NOT on the NHS,2,Urban,4,Minor Arterial,2,County Highway Agency,4,County Road,CR-615 ZION RD,DIAMOND DR,44,44,39.36373056,39.36373056,-74.611900000,-74.611900000,0,No Special Jurisdiction,8,Pedestrian,0,The First Harmful Event was Not a Collision with a Motor Vehicle in Transport,0,No,3,Intersection-Related,3,T-Intersection,0,None,,,1,On Roadway,6,Dark - Unknown Lighting,,,,,1,Clear,0,No,0000000,Not Applicable,23,11:00pm-11:59pm,26,26,23,11:00pm-11:59pm,28,28,88,"Not Applicable (Not Transported) ",88,Not Applicable (Not Transported),,,,,,,1,
2021,34,340326,New Jersey,3,3,0,0,0,3,3,13,ESSEX (13),2130,NEWARK,11,11,8,August,2021,4,Wednesday,16,4:00pm-4:59pm,0,0,1,This section IS ON the NHS,2,Urban,3,Principal Arterial - Other,1,State Highway Agency,3,State Highway,SR-21,,39,39,40.75790833,40.75790833,-74.166563890,-74.166563890,0,No Special Jurisdiction,12,Motor Vehicle In-Transport,2,Front-to-Front,0,No,1,Non-Junction,1,Not an Intersection,0,None,,,1,On Roadway,1,Daylight,,,,,1,Clear,0,No,0000000,Not Applicable,16,4:00pm-4:59pm,7,7,16,4:00pm-4:59pm,11,11,16,4:00pm-4:59pm,44,44,,,,,,,1,
2021,34,340327,New Jersey,1,1,0,1,1,1,1,17,HUDSON (17),2205,NORTH BERGEN,11,11,8,August,2021,4,Wednesday,22,10:00pm-10:59pm,43,43,1,This section IS ON the NHS,2,Urban,3,Principal Arterial - Other,1,State Highway Agency,2,U.S. Highway,US-1 TONNELLE AVE,,570,570,40.76838056,40.76838056,-74.045258330,-74.045258330,0,No Special Jurisdiction,8,Pedestrian,0,The First Harmful Event was Not a Collision with a Motor Vehicle in Transport,0,No,1,Non-Junction,1,Not an Intersection,0,None,,,1,On Roadway,6,Dark - Unknown Lighting,,,,,2,Rain,0,No,0000000,Not Applicable,22,10:00pm-10:59pm,45,45,22,10:00pm-10:59pm,49,49,23,11:00pm-11:59pm,24,24,,,,,,,1,
2021,34,340328,New Jersey,2,2,0,0,0,3,3,5,BURLINGTON (5),0,NOT APPLICABLE,21,21,8,August,2021,7,Saturday,21,9:00pm-9:59pm,44,44,1,This section IS ON the NHS,2,Urban,3,Principal Arterial - Other,1,State Highway Agency,2,U.S. Highway,US-206,AMBOY RD,367,367,40.15809167,40.15809167,-74.700497220,-74.700497220,0,No Special Jurisdiction,12,Motor Vehicle In-Transport,1,Front-to-Rear,0,No,3,Intersection-Related,2,Four-Way Intersection,0,None,,,1,On Roadway,3,Dark - Lighted,,,,,1,Clear,0,No,0000000,Not Applicable,21,9:00pm-9:59pm,46,46,21,9:00pm-9:59pm,52,52,22,10:00pm-10:59pm,26,26,,,,,,,1,
2021,34,340329,New Jersey,2,2,0,0,0,2,2,29,OCEAN (29),3360,TOMS RIVER,9,9,8,August,2021,2,Monday,7,7:00am-7:59am,1,1,0,This section IS NOT on the NHS,2,Urban,4,Minor Arterial,2,County Highway Agency,4,County Road,CR-571,,65,65,39.99245556,39.99245556,-74.217227780,-74.217227780,0,No Special Jurisdiction,33,Curb,0,The First Harmful Event was Not a Collision with a Motor Vehicle in Transport,0,No,1,Non-Junction,1,Not an Intersection,0,None,,,4,On Roadside,1,Daylight,,,,,1,Clear,0,No,0000000,Not Applicable,7,7:00am-7:59am,3,3,7,7:00am-7:59am,7,7,88,"Not Applicable (Not Transported) ",88,Not Applicable (Not Transported),,,,,,,1,
2021,34,340330,New Jersey,2,2,0,0,0,3,3,15,GLOUCESTER (15),0,NOT APPLICABLE,6,6,8,August,2021,6,Friday,21,9:00pm-9:59pm,30,30,0,This section IS NOT on the NHS,2,Urban,6,Minor Collector,2,County Highway Agency,4,County Road,CR-609 HARDINGVILLE RD,CR-623 CLEMS RUN,25,25,39.68500556,39.68500556,-75.176877780,-75.176877780,0,No Special Jurisdiction,12,Motor Vehicle In-Transport,6,Angle,0,No,2,Intersection,2,Four-Way Intersection,0,None,,,1,On Roadway,2,Dark - Not Lighted,,,,,1,Clear,0,No,0000000,Not Applicable,21,9:00pm-9:59pm,32,32,21,9:00pm-9:59pm,42,42,22,10:00pm-10:59pm,31,31,,,,,,,1,
2021,34,340331,New Jersey,1,1,0,1,1,2,2,7,CAMDEN (7),1790,MAGNOLIA,18,18,8,August,2021,4,Wednesday,21,9:00pm-9:59pm,17,17,1,This section IS ON the NHS,2,Urban,3,Principal Arterial - Other,1,State Highway Agency,2,U.S. Highway,US-30 WHITE HORSE PIKE,COOPERTOWNE BLVD,98,98,39.85337778,39.85337778,-75.025633330,-75.025633330,0,No Special Jurisdiction,8,Pedestrian,0,The First Harmful Event was Not a Collision with a Motor Vehicle in Transport,0,No,3,Intersection-Related,3,T-Intersection,0,None,,,1,On Roadway,3,Dark - Lighted,,,,,1,Clear,0,No,0000000,Not Applicable,21,9:00pm-9:59pm,21,21,21,9:00pm-9:59pm,23,23,21,9:00pm-9:59pm,42,42,,,,,,,1,
2021,34,340332,New Jersey,2,2,0,0,0,5,5,21,MERCER (21),3633,WEST WINDSOR,26,26,6,June,2021,7,Saturday,3,3:00am-3:59am,30,30,1,This section IS ON the NHS,2,Urban,3,Principal Arterial - Other,1,State Highway Agency,2,U.S. Highway,US-1,,102,102,40.32066944,40.32066944,-74.651252780,-74.651252780,0,No Special Jurisdiction,30,Utility Pole/Light Support,0,The First Harmful Event was Not a Collision with a Motor Vehicle in Transport,0,No,1,Non-Junction,1,Not an Intersection,0,None,,,4,On Roadside,2,Dark - Not Lighted,,,,,1,Clear,0,No,0000000,Not Applicable,3,3:00am-3:59am,40,40,3,3:00am-3:59am,52,52,4,4:00am-4:59am,53,53,,,,,,,1,
2021,34,340333,New Jersey,2,2,0,0,0,2,2,15,GLOUCESTER (15),0,NOT APPLICABLE,25,25,8,August,2021,4,Wednesday,3,3:00am-3:59am,27,27,0,This section IS NOT on the NHS,2,Urban,4,Minor Arterial,2,County Highway Agency,4,County Road,CR-655 FRIES MILL RD,HURFFVILLE CROSSKEYS RD,85,85,39.72460278,39.72460278,-75.050269440,-75.050269440,0,No Special Jurisdiction,12,Motor Vehicle In-Transport,1,Front-to-Rear,0,No,3,Intersection-Related,2,Four-Way Intersection,0,None,,,1,On Roadway,3,Dark - Lighted,,,,,1,Clear,0,No,0000000,Not Applicable,3,3:00am-3:59am,30,30,3,3:00am-3:59am,34,34,88,"Not Applicable (Not Transported) ",88,Not Applicable (Not Transported),,,,,,,1,
2021,34,340334,New Jersey,2,2,0,0,0,2,2,29,OCEAN (29),0,NOT APPLICABLE,12,12,8,August,2021,5,Thursday,16,4:00pm-4:59pm,49,49,0,This section IS NOT on the NHS,2,Urban,4,Minor Arterial,2,County Highway Agency,4,County Road,CR-571 TOMS RIVER RD,,147,147,40.05281389,40.05281389,-74.341494440,-74.341494440,0,No Special Jurisdiction,12,Motor Vehicle In-Transport,6,Angle,0,No,1,Non-Junction,1,Not an Intersection,0,None,,,1,On Roadway,1,Daylight,,,,,1,Clear,0,No,0000000,Not Applicable,16,4:00pm-4:59pm,54,54,17,5:00pm-5:59pm,7,7,17,5:00pm-5:59pm,41,41,,,,,,,1,
2021,34,340335,New Jersey,1,1,0,1,1,2,2,17,HUDSON (17),1520,JERSEY CITY,15,15,8,August,2021,1,Sunday,12,12:00pm-12:59pm,40,40,1,This section IS ON the NHS,2,Urban,3,Principal Arterial - Other,2,County Highway Agency,4,County Road,CR- 501 JOHN KENNEDY BLVD,GRACE ST,325,325,40.75551389,40.75551389,-74.047105560,-74.047105560,0,No Special Jurisdiction,8,Pedestrian,0,The First Harmful Event was Not a Collision with a Motor Vehicle in Transport,0,No,3,Intersection-Related,2,Four-Way Intersection,0,None,,,1,On Roadway,1,Daylight,,,,,1,Clear,0,No,0000000,Not Applicable,99,Unknown,99,Unknown,99,Unknown EMS Scene Arrival Hour,99,Unknown EMS Scene Arrival Minutes,99,Unknown,99,Unknown EMS Hospital Arrival Time,,,,,,,1,
2021,34,340336,New Jersey,1,1,0,1,1,1,1,29,OCEAN (29),416,BRICK TOWN,31,31,8,August,2021,3,Tuesday,17,5:00pm-5:59pm,34,34,1,This section IS ON the NHS,2,Urban,3,Principal Arterial - Other,1,State Highway Agency,3,State Highway,SR-35,,87,87,40.02333333,40.02333333,-74.054752780,-74.054752780,0,No Special Jurisdiction,8,Pedestrian,0,The First Harmful Event was Not a Collision with a Motor Vehicle in Transport,0,No,1,Non-Junction,1,Not an Intersection,0,None,,,1,On Roadway,1,Daylight,,,,,10,Cloudy,0,No,0000000,Not Applicable,17,5:00pm-5:59pm,40,40,17,5:00pm-5:59pm,51,51,18,6:00pm-6:59pm,8,8,,,,,,,1,
2021,34,340337,New Jersey,1,1,0,0,0,1,1,41,WARREN (41),1572,KNOWLTON,29,29,8,August,2021,1,Sunday,8,8:00am-8:59am,45,45,1,This section IS ON the NHS,1,Rural,1,Interstate,1,State Highway Agency,1,Interstate,I-80,,79,79,40.93053333,40.93053333,-75.033091670,-75.033091670,0,No Special Jurisdiction,42,Tree (Standing Only),0,The First Harmful Event was Not a Collision with a Motor Vehicle in Transport,0,No,1,Non-Junction,1,Not an Intersection,0,None,,,3,On Median,1,Daylight,,,,,1,Clear,0,No,0000000,Not Applicable,8,8:00am-8:59am,59,59,9,9:00am-9:59am,4,4,88,"Not Applicable (Not Transported) ",88,Not Applicable (Not Transported),,,,,,,1,
2021,34,340338,New Jersey,2,2,0,0,0,2,2,3,BERGEN (3),2000,MONTVALE,17,17,6,June,2021,5,Thursday,19,7:00pm-7:59pm,8,8,1,This section IS ON the NHS,2,Urban,2,Principal Arterial - Other Freeways and Expressways,21,Other State Agency,8,Other,444,,1723,1723,41.06455556,41.06455556,-74.058536110,-74.058536110,0,No Special Jurisdiction,12,Motor Vehicle In-Transport,7,Sideswipe - Same Direction,0,No,1,Non-Junction,1,Not an Intersection,0,None,,,1,On Roadway,1,Daylight,,,,,1,Clear,0,No,0000000,Not Applicable,99,Unknown,99,Unknown,99,Unknown EMS Scene Arrival Hour,99,Unknown EMS Scene Arrival Minutes,99,Unknown,99,Unknown EMS Hospital Arrival Time,,,,,,,1,
2021,34,340339,New Jersey,1,1,0,1,1,1,1,13,ESSEX (13),2130,NEWARK,23,23,5,May,2021,1,Sunday,22,10:00pm-10:59pm,10,10,0,This section IS NOT on the NHS,2,Urban,5,Major Collector,4,City or Municipal Highway Agency,6,Local Street - Municipality,CLINTON AVE,,0,None,40.72218611,40.72218611,-74.191325000,-74.191325000,0,No Special Jurisdiction,8,Pedestrian,0,The First Harmful Event was Not a Collision with a Motor Vehicle in Transport,0,No,1,Non-Junction,1,Not an Intersection,0,None,,,98,Not Reported,2,Dark - Not Lighted,,,,,1,Clear,0,No,0000000,Not Applicable,22,10:00pm-10:59pm,13,13,22,10:00pm-10:59pm,19,19,88,"Not Applicable (Not Transported) ",88,Not Applicable (Not Transported),,,,,,,1,
2021,34,340340,New Jersey,1,1,0,0,0,1,1,35,SOMERSET (35),380,BOUND BROOK,26,26,5,May,2021,4,Wednesday,11,11:00am-11:59am,18,18,1,This section IS ON the NHS,2,Urban,3,Principal Arterial - Other,1,State Highway Agency,2,U.S. Highway,US-22,,382,382,40.57721389,40.57721389,-74.539586110,-74.539586110,0,No Special Jurisdiction,24,Guardrail Face,0,The First Harmful Event was Not a Collision with a Motor Vehicle in Transport,0,No,1,Non-Junction,1,Not an Intersection,0,None,,,4,On Roadside,1,Daylight,,,,,1,Clear,0,No,0000000,Not Applicable,11,11:00am-11:59am,23,23,11,11:00am-11:59am,30,30,88,"Not Applicable (Not Transported) ",88,Not Applicable (Not Transported),,,,,,,1,
2021,34,340341,New Jersey,1,1,0,1,1,1,1,1,ATLANTIC (1),1270,HAMMONTON,16,16,9,September,2021,5,Thursday,15,3:00pm-3:59pm,5,5,1,This section IS ON the NHS,2,Urban,3,Principal Arterial - Other,1,State Highway Agency,3,State Highway,SR-54,,85,85,39.61165000,39.61165000,-74.831608330,-74.831608330,0,No Special Jurisdiction,8,Pedestrian,0,The First Harmful Event was Not a Collision with a Motor Vehicle in Transport,0,No,1,Non-Junction,1,Not an Intersection,0,None,,,1,On Roadway,1,Daylight,,,,,1,Clear,0,No,0000000,Not Applicable,15,3:00pm-3:59pm,7,7,15,3:00pm-3:59pm,14,14,88,"Not Applicable (Not Transported) ",88,Not Applicable (Not Transported),,,,,,,1,
2021,34,340342,New Jersey,2,2,0,1,1,1,1,23,MIDDLESEX (23),779,EAST BRUNSWICK,1,1,8,August,2021,1,Sunday,3,3:00am-3:59am,24,24,1,This section IS ON the NHS,2,Urban,3,Principal Arterial - Other,1,State Highway Agency,3,State Highway,SR-18,,387,387,40.46200278,40.46200278,-74.403650000,-74.403650000,0,No Special Jurisdiction,18,Other Object (not fixed),0,The First Harmful Event was Not a Collision with a Motor Vehicle in Transport,0,No,1,Non-Junction,1,Not an Intersection,0,None,,,1,On Roadway,2,Dark - Not Lighted,,,,,1,Clear,0,No,0000000,Not Applicable,3,3:00am-3:59am,27,27,3,3:00am-3:59am,31,31,4,4:00am-4:59am,3,3,,,,,,,1,
2021,34,340343,New Jersey,1,1,0,0,0,1,1,31,PASSAIC (31),3522,WAYNE,10,10,9,September,2021,6,Friday,21,9:00pm-9:59pm,22,22,1,This section IS ON the NHS,2,Urban,3,Principal Arterial - Other,1,State Highway Agency,3,State Highway,SR-23,,95,95,40.94685833,40.94685833,-74.274788890,-74.274788890,0,No Special Jurisdiction,33,Curb,0,The First Harmful Event was Not a Collision with a Motor Vehicle in Transport,0,No,1,Non-Junction,1,Not an Intersection,0,None,,,4,On Roadside,3,Dark - Lighted,,,,,1,Clear,0,No,0000000,Not Applicable,21,9:00pm-9:59pm,26,26,21,9:00pm-9:59pm,34,34,88,"Not Applicable (Not Transported) ",88,Not Applicable (Not Transported),,,,,,,1,
2021,34,340344,New Jersey,1,1,0,0,0,1,1,13,ESSEX (13),2130,NEWARK,10,10,8,August,2021,3,Tuesday,20,8:00pm-8:59pm,50,50,1,This section IS ON the NHS,2,Urban,1,Interstate,1,State Highway Agency,1,Interstate,I-280,,145,145,40.74766944,40.74766944,-74.171150000,-74.171150000,0,No Special Jurisdiction,1,Rollover/Overturn,0,The First Harmful Event was Not a Collision with a Motor Vehicle in Transport,0,No,1,Non-Junction,1,Not an Intersection,0,None,,,1,On Roadway,2,Dark - Not Lighted,,,,,2,Rain,0,No,0000000,Not Applicable,20,8:00pm-8:59pm,57,57,20,8:00pm-8:59pm,59,59,21,9:00pm-9:59pm,31,31,,,,,,,1,
2021,34,340345,New Jersey,1,1,0,1,1,1,1,1,ATLANTIC (1),1270,HAMMONTON,11,11,9,September,2021,7,Saturday,20,8:00pm-8:59pm,56,56,1,This section IS ON the NHS,2,Urban,3,Principal Arterial - Other,1,State Highway Agency,2,U.S. Highway,US-30,,310,310,39.63317222,39.63317222,-74.772430560,-74.772430560,0,No Special Jurisdiction,8,Pedestrian,0,The First Harmful Event was Not a Collision with a Motor Vehicle in Transport,0,No,1,Non-Junction,1,Not an Intersection,0,None,,,1,On Roadway,6,Dark - Unknown Lighting,,,,,1,Clear,0,No,0000000,Not Applicable,99,Unknown,99,Unknown,99,Unknown EMS Scene Arrival Hour,99,Unknown EMS Scene Arrival Minutes,88,"Not Applicable (Not Transported) ",88,Not Applicable (Not Transported),,,,,,,1,
2021,34,340346,New Jersey,1,1,0,1,1,2,2,11,CUMBERLAND (11),3460,VINELAND,9,9,9,September,2021,5,Thursday,11,11:00am-11:59am,22,22,0,This section IS NOT on the NHS,2,Urban,5,Major Collector,4,City or Municipal Highway Agency,6,Local Street - Municipality,W CHESTNUT AVE,,0,None,39.47973333,39.47973333,-75.042875000,-75.042875000,0,No Special Jurisdiction,8,Pedestrian,0,The First Harmful Event was Not a Collision with a Motor Vehicle in Transport,0,No,1,Non-Junction,1,Not an Intersection,0,None,,,1,On Roadway,1,Daylight,,,,,2,Rain,0,No,0000000,Not Applicable,11,11:00am-11:59am,23,23,11,11:00am-11:59am,27,27,12,12:00pm-12:59pm,27,27,,,,,,,1,
2021,34,340347,New Jersey,2,2,0,0,0,3,3,21,MERCER (21),1265,HAMILTON TOWNSHIP,4,4,9,September,2021,7,Saturday,21,9:00pm-9:59pm,29,29,0,This section IS NOT on the NHS,2,Urban,4,Minor Arterial,2,County Highway Agency,4,County Road,CR-606 HAMILTON AVE,CYPRESS LANE,27,27,40.22679167,40.22679167,-74.712341670,-74.712341670,0,No Special Jurisdiction,12,Motor Vehicle In-Transport,6,Angle,0,No,2,Intersection,3,T-Intersection,0,None,,,1,On Roadway,2,Dark - Not Lighted,,,,,1,Clear,0,No,0000000,Not Applicable,21,9:00pm-9:59pm,30,30,21,9:00pm-9:59pm,35,35,22,10:00pm-10:59pm,4,4,,,,,,,1,
2021,34,340348,New Jersey,1,1,0,0,0,1,1,11,CUMBERLAND (11),3460,VINELAND,4,4,9,September,2021,7,Saturday,2,2:00am-2:59am,19,19,0,This section IS NOT on the NHS,2,Urban,7,Local,4,City or Municipal Highway Agency,6,Local Street - Municipality,W WALNUT RD,,0,None,39.46910000,39.46910000,-75.039625000,-75.039625000,0,No Special Jurisdiction,42,Tree (Standing Only),0,The First Harmful Event was Not a Collision with a Motor Vehicle in Transport,0,No,1,Non-Junction,1,Not an Intersection,0,None,,,5,Outside Trafficway,3,Dark - Lighted,,,,,1,Clear,0,No,0000000,Not Applicable,2,2:00am-2:59am,16,16,2,2:00am-2:59am,21,21,2,2:00am-2:59am,50,50,,,,,,,1,
2021,34,340349,New Jersey,1,1,0,0,0,1,1,23,MIDDLESEX (23),2417,OLD BRIDGE,11,11,9,September,2021,7,Saturday,2,2:00am-2:59am,31,31,1,This section IS ON the NHS,2,Urban,3,Principal Arterial - Other,1,State Highway Agency,3,State Highway,SR-35,LAURENCE PARKWAY,464,464,40.45680556,40.45680556,-74.246691670,-74.246691670,0,No Special Jurisdiction,25,Concrete Traffic Barrier,0,The First Harmful Event was Not a Collision with a Motor Vehicle in Transport,0,No,3,Intersection-Related,2,Four-Way Intersection,0,None,,,3,On Median,3,Dark - Lighted,,,,,1,Clear,0,No,0000000,Not Applicable,2,2:00am-2:59am,37,37,2,2:00am-2:59am,55,55,88,"Not Applicable (Not Transported) ",88,Not Applicable (Not Transported),,,,,,,1,
2021,34,340350,New Jersey,2,2,0,0,0,2,2,23,MIDDLESEX (23),2417,OLD BRIDGE,5,5,9,September,2021,1,Sunday,2,2:00am-2:59am,18,18,0,This section IS NOT on the NHS,2,Urban,4,Minor Arterial,2,County Highway Agency,4,County Road,CR-520 TEXAS RD,,6,6,40.35437222,40.35437222,-74.342683330,-74.342683330,0,No Special Jurisdiction,12,Motor Vehicle In-Transport,2,Front-to-Front,0,No,1,Non-Junction,1,Not an Intersection,0,None,,,1,On Roadway,2,Dark - Not Lighted,,,,,1,Clear,0,No,0000000,Not Applicable,2,2:00am-2:59am,20,20,2,2:00am-2:59am,32,32,3,3:00am-3:59am,10,10,,,,,,,1,
2021,34,340351,New Jersey,1,1,0,0,0,1,1,25,MONMOUTH (25),692,COLTS NECK,4,4,7,July,2021,1,Sunday,4,4:00am-4:59am,51,51,1,This section IS ON the NHS,2,Urban,2,Principal Arterial - Other Freeways and Expressways,1,State Highway Agency,3,State Highway,SR-18,,176,176,40.28325833,40.28325833,-74.146175000,-74.146175000,0,No Special Jurisdiction,42,Tree (Standing Only),0,The First Harmful Event was Not a Collision with a Motor Vehicle in Transport,0,No,1,Non-Junction,1,Not an Intersection,0,None,,,4,On Roadside,2,Dark - Not Lighted,,,,,1,Clear,0,No,0000000,Not Applicable,5,5:00am-5:59am,2,2,5,5:00am-5:59am,21,21,88,"Not Applicable (Not Transported) ",88,Not Applicable (Not Transported),,,,,,,1,
2021,34,340352,New Jersey,1,1,0,1,1,1,1,31,PASSAIC (31),2720,PROSPECT PARK,7,7,7,July,2021,4,Wednesday,12,12:00pm-12:59pm,42,42,0,This section IS NOT on the NHS,2,Urban,7,Local,4,City or Municipal Highway Agency,6,Local Street - Municipality,"BROWN AVE ",N 9TH ST,0,None,40.93407500,40.93407500,-74.172869440,-74.172869440,0,No Special Jurisdiction,9,Pedalcyclist,0,The First Harmful Event was Not a Collision with a Motor Vehicle in Transport,0,No,3,Intersection-Related,2,Four-Way Intersection,0,None,,,1,On Roadway,1,Daylight,,,,,1,Clear,0,No,0000000,Not Applicable,12,12:00pm-12:59pm,42,42,12,12:00pm-12:59pm,49,49,88,"Not Applicable (Not Transported) ",88,Not Applicable (Not Transported),,,,,,,1,