caseyear,state,st_case,statename,ve_total,ve_forms,pvh_invl,peds,pernotmvit,permvit,persons,county,countyname,city,cityname,day,dayname,month,monthname,year,day_week,day_weekname,hour,hourname,minute,minutename,nhs,nhsname,rur_urb,rur_urbname,func_sys,func_sysname,rd_owner,rd_ownername,route,routename,tway_id,tway_id2,milept,mileptname,latitude,latitudename,longitud,longitudname,sp_jur,sp_jurname,harm_ev,harm_evname,man_coll,man_collname,reljct1,reljct1name,reljct2,reljct2name,typ_int,typ_intname,wrk_zone,wrk_zonename,road_fnc,road_fncname,rel_road,rel_roadname,lgt_cond,lgt_condname,weather1,weather1name,weather2,weather2name,weather,weathername,sch_bus,sch_busname,rail,railname,not_hour,not_hourname,not_min,not_minname,arr_hour,arr_hourname,arr_min,arr_minname,hosp_hr,hosp_hrname,hosp_mn,hosp_mnname,cf1,cf1name,cf2,cf2name,cf3,cf3name,fatals,drunk_dr
2021,34,340353,New Jersey,1,1,0,0,0,1,1,3,BERGEN (3),820,EAST RUTHERFORD,28,28,7,July,2021,4,Wednesday,17,5:00pm-5:59pm,21,21,1,This section IS ON the NHS,2,Urban,2,Principal Arterial - Other Freeways and Expressways,1,State Highway Agency,3,State Highway,SR-120,,1,1,40.80765278,40.80765278,-74.072830560,-74.072830560,0,No Special Jurisdiction,33,Curb,0,The First Harmful Event was Not a Collision with a Motor Vehicle in Transport,0,No,1,Non-Junction,1,Not an Intersection,0,None,,,3,On Median,1,Daylight,,,,,1,Clear,0,No,0000000,Not Applicable,17,5:00pm-5:59pm,34,34,17,5:00pm-5:59pm,51,51,88,"Not Applicable (Not Transported) ",88,Not Applicable (Not Transported),,,,,,,1,
2021,34,340354,New Jersey,2,2,0,1,1,3,3,5,BURLINGTON (5),613,CINNAMINSON,9,9,8,August,2021,2,Monday,2,2:00am-2:59am,37,37,1,This section IS ON the NHS,2,Urban,3,Principal Arterial - Other,1,State Highway Agency,2,U.S. Highway,US-130,,378,378,40.00347778,40.00347778,-74.982788890,-74.982788890,0,No Special Jurisdiction,33,Curb,0,The First Harmful Event was Not a Collision with a Motor Vehicle in Transport,0,No,1,Non-Junction,1,Not an Intersection,0,None,,,4,On Roadside,6,Dark - Unknown Lighting,,,,,1,Clear,0,No,0000000,Not Applicable,2,2:00am-2:59am,40,40,2,2:00am-2:59am,44,44,88,"Not Applicable (Not Transported) ",88,Not Applicable (Not Transported),,,,,,,2,
2021,34,340355,New Jersey,1,1,0,0,0,1,1,15,GLOUCESTER (15),0,NOT APPLICABLE,23,23,7,July,2021,6,Friday,22,10:00pm-10:59pm,55,55,0,This section IS NOT on the NHS,2,Urban,4,Minor Arterial,2,County Highway Agency,4,County Road,CR-651 GREENTREE RD,GREENVIEW DR,44,44,39.75550833,39.75550833,-75.056319440,-75.056319440,0,No Special Jurisdiction,33,Curb,0,The First Harmful Event was Not a Collision with a Motor Vehicle in Transport,0,No,3,Intersection-Related,3,T-Intersection,0,None,,,4,On Roadside,3,Dark - Lighted,,,,,1,Clear,0,No,0000000,Not Applicable,22,10:00pm-10:59pm,57,57,23,11:00pm-11:59pm,2,2,23,11:00pm-11:59pm,30,30,,,,,,,1,
2021,34,340356,New Jersey,1,1,0,0,0,1,1,13,ESSEX (13),2130,NEWARK,21,21,8,August,2021,7,Saturday,3,3:00am-3:59am,29,29,1,This section IS ON the NHS,2,Urban,1,Interstate,1,State Highway Agency,1,Interstate,I-95,,1402,1402,40.69796111,40.69796111,-74.156405560,-74.156405560,0,No Special Jurisdiction,24,Guardrail Face,0,The First Harmful Event was Not a Collision with a Motor Vehicle in Transport,0,No,1,Non-Junction,1,Not an Intersection,0,None,,,4,On Roadside,2,Dark - Not Lighted,,,,,1,Clear,0,No,0000000,Not Applicable,99,Unknown,99,Unknown,99,Unknown EMS Scene Arrival Hour,99,Unknown EMS Scene Arrival Minutes,88,"Not Applicable (Not Transported) ",88,Not Applicable (Not Transported),,,,,,,1,
2021,34,340357,New Jersey,2,1,1,0,0,4,4,15,GLOUCESTER (15),3620,WESTVILLE,31,31,7,July,2021,7,Saturday,21,9:00pm-9:59pm,20,20,1,This section IS ON the NHS,2,Urban,3,Principal Arterial - Other,1,State Highway Agency,3,State Highway,SR-45,,279,279,39.86341389,39.86341389,-75.134513890,-75.134513890,0,No Special Jurisdiction,33,Curb,0,The First Harmful Event was Not a Collision with a Motor Vehicle in Transport,0,No,1,Non-Junction,1,Not an Intersection,0,None,,,4,On Roadside,6,Dark - Unknown Lighting,,,,,1,Clear,0,No,0000000,Not Applicable,21,9:00pm-9:59pm,22,22,21,9:00pm-9:59pm,27,27,88,"Not Applicable (Not Transported) ",88,Not Applicable (Not Transported),,,,,,,4,
2021,34,340358,New Jersey,1,1,0,0,0,1,1,39,UNION (39),705,CRANFORD,4,4,9,September,2021,7,Saturday,12,12:00pm-12:59pm,2,2,1,This section IS ON the NHS,2,Urban,2,Principal Arterial - Other Freeways and Expressways,1,State Highway Agency,8,Other,444,,1389,1389,40.66098611,40.66098611,-74.287500000,-74.287500000,0,No Special Jurisdiction,31,"Post, Pole or Other Supports",0,The First Harmful Event was Not a Collision with a Motor Vehicle in Transport,0,No,5,Entrance/Exit Ramp Related,1,Not an Intersection,0,None,,,8,Gore,1,Daylight,,,,,1,Clear,0,No,0000000,Not Applicable,12,12:00pm-12:59pm,3,3,12,12:00pm-12:59pm,8,8,12,12:00pm-12:59pm,46,46,,,,,,,1,
2021,34,340359,New Jersey,1,1,0,0,0,1,1,33,SALEM (33),0,NOT APPLICABLE,20,20,5,May,2021,5,Thursday,23,11:00pm-11:59pm,38,38,0,This section IS NOT on the NHS,1,Rural,5,Major Collector,2,County Highway Agency,4,County Road,CR-551 PENNSVILLE AUBURN RD,,103,103,39.70854722,39.70854722,-75.396002780,-75.396002780,0,No Special Jurisdiction,42,Tree (Standing Only),0,The First Harmful Event was Not a Collision with a Motor Vehicle in Transport,0,No,1,Non-Junction,1,Not an Intersection,0,None,,,5,Outside Trafficway,2,Dark - Not Lighted,,,,,1,Clear,0,No,0000000,Not Applicable,23,11:00pm-11:59pm,36,36,23,11:00pm-11:59pm,50,50,0,0:00am-0:59am,27,27,,,,,,,1,
2021,34,340360,New Jersey,1,1,0,1,1,1,1,29,OCEAN (29),3360,TOMS RIVER,25,25,6,June,2021,6,Friday,14,2:00pm-2:59pm,11,11,1,This section IS ON the NHS,2,Urban,2,Principal Arterial - Other Freeways and Expressways,1,State Highway Agency,8,Other,"444 ",,820,820,39.96034444,39.96034444,-74.206041670,-74.206041670,0,No Special Jurisdiction,8,Pedestrian,0,The First Harmful Event was Not a Collision with a Motor Vehicle in Transport,0,No,1,Non-Junction,1,Not an Intersection,0,None,,,1,On Roadway,1,Daylight,,,,,1,Clear,0,No,0000000,Not Applicable,14,2:00pm-2:59pm,12,12,14,2:00pm-2:59pm,12,12,88,"Not Applicable (Not Transported) ",88,Not Applicable (Not Transported),,,,,,,1,
2021,34,340361,New Jersey,3,3,0,0,0,3,3,23,MIDDLESEX (23),3705,WOODBRIDGE,16,16,6,June,2021,4,Wednesday,9,9:00am-9:59am,54,54,1,This section IS ON the NHS,2,Urban,3,Principal Arterial - Other,1,State Highway Agency,2,U.S. Highway,US-1,,383,383,40.59425556,40.59425556,-74.273188890,-74.273188890,0,No Special Jurisdiction,12,Motor Vehicle In-Transport,7,Sideswipe - Same Direction,0,No,1,Non-Junction,1,Not an Intersection,0,None,,,1,On Roadway,1,Daylight,,,,,1,Clear,0,No,0000000,Not Applicable,9,9:00am-9:59am,54,54,10,10:00am-10:59am,0,0,88,"Not Applicable (Not Transported) ",88,Not Applicable (Not Transported),,,,,,,1,
2021,34,340362,New Jersey,1,1,0,1,1,1,1,15,GLOUCESTER (15),1082,FRANKLINVILLE,21,21,6,June,2021,2,Monday,11,11:00am-11:59am,56,56,0,This section IS NOT on the NHS,2,Urban,4,Minor Arterial,2,County Highway Agency,4,County Road,CR-555 TUCKAHOE RD,,276,276,39.63678056,39.63678056,-75.010163890,-75.010163890,0,No Special Jurisdiction,9,Pedalcyclist,0,The First Harmful Event was Not a Collision with a Motor Vehicle in Transport,0,No,1,Non-Junction,1,Not an Intersection,0,None,,,2,On Shoulder,1,Daylight,,,,,1,Clear,0,No,0000000,Not Applicable,11,11:00am-11:59am,59,59,12,12:00pm-12:59pm,6,6,88,"Not Applicable (Not Transported) ",88,Not Applicable (Not Transported),,,,,,,1,
2021,34,340363,New Jersey,1,1,0,0,0,1,1,5,BURLINGTON (5),1805,MANSFIELD,20,20,6,June,2021,1,Sunday,5,5:00am-5:59am,32,32,1,This section IS ON the NHS,2,Urban,2,Principal Arterial - Other Freeways and Expressways,31,State Toll Road,8,Other,700,,510,510,40.10208333,40.10208333,-74.724138890,-74.724138890,0,No Special Jurisdiction,1,Rollover/Overturn,0,The First Harmful Event was Not a Collision with a Motor Vehicle in Transport,0,No,1,Non-Junction,1,Not an Intersection,0,None,,,5,Outside Trafficway,4,Dawn,,,,,1,Clear,0,No,0000000,Not Applicable,5,5:00am-5:59am,34,34,5,5:00am-5:59am,58,58,6,6:00am-6:59am,56,56,,,,,,,1,
2021,34,340364,New Jersey,3,3,0,0,0,4,4,25,MONMOUTH (25),3475,WALL TOWNSHIP,27,27,6,June,2021,1,Sunday,10,10:00am-10:59am,9,9,1,This section IS ON the NHS,2,Urban,3,Principal Arterial - Other,1,State Highway Agency,3,State Highway,SR-35,,165,165,40.12415556,40.12415556,-74.069116670,-74.069116670,0,No Special Jurisdiction,12,Motor Vehicle In-Transport,1,Front-to-Rear,0,No,1,Non-Junction,1,Not an Intersection,0,None,,,1,On Roadway,1,Daylight,,,,,1,Clear,0,No,0000000,Not Applicable,10,10:00am-10:59am,10,10,10,10:00am-10:59am,13,13,11,11:00am-11:59am,2,2,,,,,,,1,
2021,34,340365,New Jersey,2,2,0,0,0,2,2,23,MIDDLESEX (23),2970,SAYREVILLE,21,21,7,July,2021,4,Wednesday,15,3:00pm-3:59pm,41,41,0,This section IS NOT on the NHS,2,Urban,4,Minor Arterial,2,County Highway Agency,4,County Road,CR-615 BORDENTOWN AVE,,229,229,40.47098333,40.47098333,-74.291361110,-74.291361110,0,No Special Jurisdiction,12,Motor Vehicle In-Transport,6,Angle,0,No,8,Driveway Access Related,1,Not an Intersection,0,None,,,1,On Roadway,1,Daylight,,,,,10,Cloudy,0,No,0000000,Not Applicable,15,3:00pm-3:59pm,44,44,15,3:00pm-3:59pm,48,48,16,4:00pm-4:59pm,39,39,,,,,,,1,
2021,34,340366,New Jersey,1,1,0,0,0,1,1,19,HUNTERDON (19),0,NOT APPLICABLE,13,13,8,August,2021,6,Friday,9,9:00am-9:59am,25,25,0,This section IS NOT on the NHS,1,Rural,7,Local,4,City or Municipal Highway Agency,6,Local Street - Municipality,ROCK RD,,0,None,40.37791944,40.37791944,-74.872833330,-74.872833330,0,No Special Jurisdiction,42,Tree (Standing Only),0,The First Harmful Event was Not a Collision with a Motor Vehicle in Transport,0,No,1,Non-Junction,1,Not an Intersection,0,None,,,5,Outside Trafficway,1,Daylight,,,,,1,Clear,0,No,0000000,Not Applicable,9,9:00am-9:59am,25,25,9,9:00am-9:59am,35,35,88,"Not Applicable (Not Transported) ",88,Not Applicable (Not Transported),,,,,,,1,
2021,34,340367,New Jersey,1,1,0,1,1,1,1,5,BURLINGTON (5),1040,FLORENCE,30,30,8,August,2021,2,Monday,22,10:00pm-10:59pm,7,7,1,This section IS ON the NHS,2,Urban,3,Principal Arterial - Other,1,State Highway Agency,2,U.S. Highway,US-130,,499,499,40.10075278,40.10075278,-74.797175000,-74.797175000,0,No Special Jurisdiction,8,Pedestrian,0,The First Harmful Event was Not a Collision with a Motor Vehicle in Transport,0,No,1,Non-Junction,1,Not an Intersection,0,None,,,1,On Roadway,2,Dark - Not Lighted,,,,,1,Clear,0,No,0000000,Not Applicable,22,10:00pm-10:59pm,10,10,22,10:00pm-10:59pm,14,14,88,"Not Applicable (Not Transported) ",88,Not Applicable (Not Transported),,,,,,,1,
2021,34,340368,New Jersey,1,1,0,2,2,1,1,13,ESSEX (13),320,BLOOMFIELD,3,3,7,July,2021,7,Saturday,20,8:00pm-8:59pm,35,35,1,This section IS ON the NHS,2,Urban,3,Principal Arterial - Other,2,County Highway Agency,4,County Road,CR-506 BLOOMFIELD AVE,CHESTER AVE,22,22,40.77481111,40.77481111,-74.186419440,-74.186419440,0,No Special Jurisdiction,8,Pedestrian,0,The First Harmful Event was Not a Collision with a Motor Vehicle in Transport,0,No,3,Intersection-Related,3,T-Intersection,0,None,,,1,On Roadway,2,Dark - Not Lighted,,,,,1,Clear,0,No,0000000,Not Applicable,20,8:00pm-8:59pm,37,37,20,8:00pm-8:59pm,43,43,21,9:00pm-9:59pm,49,49,,,,,,,1,
2021,34,340369,New Jersey,1,1,0,0,0,1,1,5,BURLINGTON (5),2081,MT LAUREL,17,17,8,August,2021,3,Tuesday,2,2:00am-2:59am,29,29,1,This section IS ON the NHS,2,Urban,1,Interstate,1,State Highway Agency,1,Interstate,I-295,,368,368,39.93540000,39.93540000,-74.967136110,-74.967136110,0,No Special Jurisdiction,33,Curb,0,The First Harmful Event was Not a Collision with a Motor Vehicle in Transport,1,Yes,5,Entrance/Exit Ramp Related,1,Not an Intersection,0,None,,,8,Gore,3,Dark - Lighted,,,,,1,Clear,0,No,0000000,Not Applicable,2,2:00am-2:59am,36,36,2,2:00am-2:59am,46,46,3,3:00am-3:59am,7,7,,,,,,,1,
2021,34,340370,New Jersey,2,2,0,1,1,4,4,1,ATLANTIC (1),851,EGG HARBOR TOWNSHIP,27,27,9,September,2021,2,Monday,8,8:00am-8:59am,25,25,1,This section IS ON the NHS,2,Urban,3,Principal Arterial - Other,1,State Highway Agency,2,U.S. Highway,US-40,CR-575 ENGLISH CREEK AVE,538,538,39.44922500,39.44922500,-74.638413890,-74.638413890,0,No Special Jurisdiction,8,Pedestrian,0,The First Harmful Event was Not a Collision with a Motor Vehicle in Transport,0,No,3,Intersection-Related,2,Four-Way Intersection,0,None,,,1,On Roadway,1,Daylight,,,,,1,Clear,0,No,0000000,Not Applicable,8,8:00am-8:59am,27,27,8,8:00am-8:59am,33,33,9,9:00am-9:59am,0,0,,,,,,,1,
2021,34,340371,New Jersey,1,1,0,0,0,4,4,27,MORRIS (27),0,NOT APPLICABLE,8,8,9,September,2021,4,Wednesday,20,8:00pm-8:59pm,28,28,0,This section IS NOT on the NHS,8,Not Reported,7,Local,4,City or Municipal Highway Agency,6,Local Street - Municipality,WILDWOOD RD,,0,None,41.01219444,41.01219444,-74.505730560,-74.505730560,0,No Special Jurisdiction,5,Fell/Jumped from Vehicle,0,The First Harmful Event was Not a Collision with a Motor Vehicle in Transport,0,No,1,Non-Junction,1,Not an Intersection,0,None,,,1,On Roadway,6,Dark - Unknown Lighting,,,,,2,Rain,0,No,0000000,Not Applicable,99,Unknown,99,Unknown,99,Unknown EMS Scene Arrival Hour,99,Unknown EMS Scene Arrival Minutes,99,Unknown,99,Unknown EMS Hospital Arrival Time,,,,,,,1,
2021,34,340372,New Jersey,1,1,0,0,0,1,1,5,BURLINGTON (5),0,NOT APPLICABLE,8,8,7,July,2021,5,Thursday,5,5:00am-5:59am,53,53,0,This section IS NOT on the NHS,1,Rural,5,Major Collector,2,County Highway Agency,4,County Road,CR-542 PLEASANT MILLS RD,,98,98,39.62981667,39.62981667,-74.636572220,-74.636572220,0,No Special Jurisdiction,42,Tree (Standing Only),0,The First Harmful Event was Not a Collision with a Motor Vehicle in Transport,0,No,1,Non-Junction,1,Not an Intersection,0,None,,,4,On Roadside,1,Daylight,,,,,1,Clear,0,No,0000000,Not Applicable,5,5:00am-5:59am,57,57,6,6:00am-6:59am,11,11,6,6:00am-6:59am,47,47,,,,,,,1,
2021,34,340373,New Jersey,1,1,0,1,1,1,1,9,CAPE MAY (9),0,NOT APPLICABLE,19,19,9,September,2021,1,Sunday,23,11:00pm-11:59pm,5,5,0,This section IS NOT on the NHS,2,Urban,5,Major Collector,2,County Highway Agency,4,County Road,CR-620 SHUNPIKE RD,,26,26,39.08275556,39.08275556,-74.831702780,-74.831702780,0,No Special Jurisdiction,9,Pedalcyclist,0,The First Harmful Event was Not a Collision with a Motor Vehicle in Transport,0,No,1,Non-Junction,1,Not an Intersection,0,None,,,2,On Shoulder,2,Dark - Not Lighted,,,,,1,Clear,0,No,0000000,Not Applicable,23,11:00pm-11:59pm,5,5,23,11:00pm-11:59pm,9,9,23,11:00pm-11:59pm,33,33,,,,,,,1,
2021,34,340374,New Jersey,2,2,0,0,0,2,2,35,SOMERSET (35),425,BRIDGEWATER,7,7,9,September,2021,3,Tuesday,12,12:00pm-12:59pm,31,31,0,This section IS NOT on the NHS,2,Urban,4,Minor Arterial,4,City or Municipal Highway Agency,6,Local Street - Municipality,GARRETSON RD,JOHN CHRISTIAN DR,0,None,40.59330278,40.59330278,-74.629080560,-74.629080560,0,No Special Jurisdiction,12,Motor Vehicle In-Transport,6,Angle,0,No,2,Intersection,3,T-Intersection,0,None,,,1,On Roadway,1,Daylight,,,,,1,Clear,0,No,0000000,Not Applicable,12,12:00pm-12:59pm,37,37,12,12:00pm-12:59pm,49,49,99,Unknown,99,Unknown EMS Hospital Arrival Time,,,,,,,1,
2021,34,340375,New Jersey,2,2,0,0,0,2,2,15,GLOUCESTER (15),747,DEPTFORD,24,24,8,August,2021,3,Tuesday,16,4:00pm-4:59pm,40,40,1,This section IS ON the NHS,2,Urban,2,Principal Arterial - Other Freeways and Expressways,1,State Highway Agency,3,State Highway,SR-55,,554,554,39.78200000,39.78200000,-75.116305560,-75.116305560,0,No Special Jurisdiction,12,Motor Vehicle In-Transport,7,Sideswipe - Same Direction,0,No,1,Non-Junction,1,Not an Intersection,0,None,,,1,On Roadway,1,Daylight,,,,,1,Clear,0,No,0000000,Not Applicable,16,4:00pm-4:59pm,43,43,16,4:00pm-4:59pm,52,52,88,"Not Applicable (Not Transported) ",88,Not Applicable (Not Transported),,,,,,,1,
2021,34,340376,New Jersey,1,1,0,1,1,1,1,21,MERCER (21),3380,TRENTON,12,12,6,June,2021,7,Saturday,3,3:00am-3:59am,54,54,1,This section IS ON the NHS,2,Urban,3,Principal Arterial - Other,1,State Highway Agency,3,State Highway,SR-129,CASS ST,16,16,40.20594167,40.20594167,-74.754575000,-74.754575000,0,No Special Jurisdiction,8,Pedestrian,0,The First Harmful Event was Not a Collision with a Motor Vehicle in Transport,0,No,3,Intersection-Related,2,Four-Way Intersection,0,None,,,1,On Roadway,3,Dark - Lighted,,,,,1,Clear,0,No,0000000,Not Applicable,3,3:00am-3:59am,58,58,4,4:00am-4:59am,1,1,4,4:00am-4:59am,20,20,,,,,,,1,
2021,34,340377,New Jersey,1,1,0,0,0,1,1,5,BURLINGTON (5),3325,TABERNACLE,24,24,7,July,2021,7,Saturday,0,0:00am-0:59am,1,1,0,This section IS NOT on the NHS,1,Rural,7,Local,4,City or Municipal Highway Agency,6,Local Street - Municipality,POWELL PLACE RD,,0,None,39.86656944,39.86656944,-74.684850000,-74.684850000,0,No Special Jurisdiction,1,Rollover/Overturn,0,The First Harmful Event was Not a Collision with a Motor Vehicle in Transport,0,No,1,Non-Junction,1,Not an Intersection,0,None,,,4,On Roadside,2,Dark - Not Lighted,,,,,1,Clear,0,No,0000000,Not Applicable,23,11:00pm-11:59pm,30,30,23,11:00pm-11:59pm,40,40,0,0:00am-0:59am,17,17,,,,,,,1,
2021,34,340378,New Jersey,1,1,0,0,0,1,1,29,OCEAN (29),0,NOT APPLICABLE,18,18,7,July,2021,1,Sunday,0,0:00am-0:59am,24,24,1,This section IS ON the NHS,2,Urban,2,Principal Arterial - Other Freeways and Expressways,1,State Highway Agency,8,Other,444,,702,702,39.79220833,39.79220833,-74.237066670,-74.237066670,0,No Special Jurisdiction,59,"Traffic Sign Support ",0,The First Harmful Event was Not a Collision with a Motor Vehicle in Transport,0,No,5,Entrance/Exit Ramp Related,1,Not an Intersection,0,None,,,8,Gore,6,Dark - Unknown Lighting,,,,,2,Rain,0,No,0000000,Not Applicable,0,0:00am-0:59am,28,28,0,0:00am-0:59am,37,37,2,2:00am-2:59am,30,30,,,,,,,1,
2021,34,340379,New Jersey,1,1,0,0,0,3,3,5,BURLINGTON (5),3149,SOUTHAMPTON,3,3,7,July,2021,7,Saturday,3,3:00am-3:59am,36,36,0,This section IS NOT on the NHS,1,Rural,7,Local,4,City or Municipal Highway Agency,6,Local Street - Municipality,HILLIARDS BRIDGE RD,CR-641,0,None,39.92227500,39.92227500,-74.754480560,-74.754480560,0,No Special Jurisdiction,42,Tree (Standing Only),0,The First Harmful Event was Not a Collision with a Motor Vehicle in Transport,0,No,3,Intersection-Related,2,Four-Way Intersection,0,None,,,4,On Roadside,6,Dark - Unknown Lighting,,,,,5,"Fog, Smog, Smoke",0,No,0000000,Not Applicable,3,3:00am-3:59am,41,41,3,3:00am-3:59am,47,47,4,4:00am-4:59am,47,47,,,,,,,1,
2021,34,340380,New Jersey,1,1,0,1,1,1,1,21,MERCER (21),1650,LAWRENCEVILLE,30,30,7,July,2021,6,Friday,6,6:00am-6:59am,30,30,0,This section IS NOT on the NHS,2,Urban,4,Minor Arterial,2,County Highway Agency,4,County Road,CR-569 PROVINCE LINE RD,,23,23,40.30148056,40.30148056,-74.687061110,-74.687061110,0,No Special Jurisdiction,8,Pedestrian,0,The First Harmful Event was Not a Collision with a Motor Vehicle in Transport,0,No,1,Non-Junction,1,Not an Intersection,0,None,,,1,On Roadway,1,Daylight,,,,,1,Clear,0,No,0000000,Not Applicable,6,6:00am-6:59am,35,35,6,6:00am-6:59am,44,44,6,6:00am-6:59am,57,57,,,,,,,1,
2021,34,340381,New Jersey,2,2,0,0,0,3,3,29,OCEAN (29),1801,MANCHESTER TOWNSHIP,22,22,7,July,2021,5,Thursday,12,12:00pm-12:59pm,57,57,0,This section IS NOT on the NHS,2,Urban,5,Major Collector,2,County Highway Agency,4,County Road,CR-614 LACEY RD,,11,11,39.93418611,39.93418611,-74.353955560,-74.353955560,0,No Special Jurisdiction,12,Motor Vehicle In-Transport,6,Angle,0,No,8,Driveway Access Related,1,Not an Intersection,0,None,,,1,On Roadway,1,Daylight,,,,,1,Clear,0,No,0000000,Not Applicable,13,1:00pm-1:59pm,9,9,13,1:00pm-1:59pm,22,22,14,2:00pm-2:59pm,10,10,,,,,,,1,
2021,34,340382,New Jersey,2,2,0,0,0,2,2,25,MONMOUTH (25),1090,FREEHOLD,31,31,7,July,2021,7,Saturday,13,1:00pm-1:59pm,54,54,0,This section IS NOT on the NHS,1,Rural,5,Major Collector,2,County Highway Agency,4,County Road,CR-527 SILOAM RD,,7,7,40.17992500,40.17992500,-74.349155560,-74.349155560,0,No Special Jurisdiction,12,Motor Vehicle In-Transport,2,Front-to-Front,0,No,1,Non-Junction,1,Not an Intersection,0,None,,,1,On Roadway,1,Daylight,,,,,1,Clear,0,No,0000000,Not Applicable,14,2:00pm-2:59pm,1,1,14,2:00pm-2:59pm,1,1,88,"Not Applicable (Not Transported) ",88,Not Applicable (Not Transported),,,,,,,1,
2021,34,340383,New Jersey,2,2,0,1,1,4,4,25,MONMOUTH (25),1090,FREEHOLD,12,12,8,August,2021,5,Thursday,21,9:00pm-9:59pm,8,8,1,This section IS ON the NHS,2,Urban,3,Principal Arterial - Other,1,State Highway Agency,2,U.S. Highway,US-9,,1131,1131,40.24386944,40.24386944,-74.280775000,-74.280775000,0,No Special Jurisdiction,8,Pedestrian,0,The First Harmful Event was Not a Collision with a Motor Vehicle in Transport,0,No,1,Non-Junction,1,Not an Intersection,0,None,,,1,On Roadway,2,Dark - Not Lighted,,,,,1,Clear,0,No,0000000,Not Applicable,99,Unknown,99,Unknown,99,Unknown EMS Scene Arrival Hour,99,Unknown EMS Scene Arrival Minutes,99,Unknown,99,Unknown EMS Hospital Arrival Time,,,,,,,1,
2021,34,340384,New Jersey,1,1,0,0,0,2,2,23,MIDDLESEX (23),3144,SOUTH BRUNSWICK,19,19,9,September,2021,1,Sunday,4,4:00am-4:59am,33,33,0,This section IS NOT on the NHS,2,Urban,4,Minor Arterial,4,City or Municipal Highway Agency,6,Local Street - Municipality,MAJOR RD,,0,None,40.40500833,40.40500833,-74.546075000,-74.546075000,0,No Special Jurisdiction,30,Utility Pole/Light Support,0,The First Harmful Event was Not a Collision with a Motor Vehicle in Transport,0,No,1,Non-Junction,1,Not an Intersection,0,None,,,4,On Roadside,3,Dark - Lighted,,,,,1,Clear,0,No,0000000,Not Applicable,99,Unknown,99,Unknown,99,Unknown EMS Scene Arrival Hour,99,Unknown EMS Scene Arrival Minutes,99,Unknown,99,Unknown EMS Hospital Arrival Time,,,,,,,1,
2021,34,340385,New Jersey,1,1,0,0,0,1,1,13,ESSEX (13),2320,NUTLEY,2,2,9,September,2021,5,Thursday,8,8:00am-8:59am,55,55,1,This section IS ON the NHS,2,Urban,3,Principal Arterial - Other,1,State Highway Agency,3,State Highway,SR-7 WASHINGTON AVE,ROOSEVELT ST,52,52,40.82289167,40.82289167,-74.140791670,-74.140791670,0,No Special Jurisdiction,33,Curb,0,The First Harmful Event was Not a Collision with a Motor Vehicle in Transport,0,No,3,Intersection-Related,3,T-Intersection,0,None,,,4,On Roadside,1,Daylight,,,,,1,Clear,0,No,0000000,Not Applicable,9,9:00am-9:59am,14,14,99,Unknown EMS Scene Arrival Hour,99,Unknown EMS Scene Arrival Minutes,99,Unknown,99,Unknown EMS Hospital Arrival Time,,,,,,,1,
2021,34,340386,New Jersey,2,2,0,0,0,2,2,41,WARREN (41),3510,WASHINGTON,18,18,9,September,2021,7,Saturday,11,11:00am-11:59am,54,54,1,This section IS ON the NHS,2,Urban,3,Principal Arterial - Other,1,State Highway Agency,3,State Highway,SR-31,,403,403,40.72074444,40.72074444,-74.971113890,-74.971113890,0,No Special Jurisdiction,12,Motor Vehicle In-Transport,6,Angle,0,No,8,Driveway Access Related,1,Not an Intersection,0,None,,,1,On Roadway,1,Daylight,,,,,1,Clear,0,No,0000000,Not Applicable,11,11:00am-11:59am,57,57,12,12:00pm-12:59pm,2,2,99,Unknown,99,Unknown EMS Hospital Arrival Time,,,,,,,1,
2021,34,340387,New Jersey,1,1,0,0,0,1,1,1,ATLANTIC (1),851,EGG HARBOR TOWNSHIP,11,11,9,September,2021,7,Saturday,14,2:00pm-2:59pm,35,35,1,This section IS ON the NHS,2,Urban,3,Principal Arterial - Other,1,State Highway Agency,2,U.S. Highway,US-40,,543,543,39.42974444,39.42974444,-74.601897220,-74.601897220,0,No Special Jurisdiction,33,Curb,0,The First Harmful Event was Not a Collision with a Motor Vehicle in Transport,0,No,1,Non-Junction,1,Not an Intersection,0,None,,,3,On Median,1,Daylight,,,,,1,Clear,0,No,0000000,Not Applicable,14,2:00pm-2:59pm,37,37,14,2:00pm-2:59pm,41,41,15,3:00pm-3:59pm,20,20,,,,,,,1,
2021,34,340388,New Jersey,1,1,0,0,0,3,3,39,UNION (39),2975,SCOTCH PLAINS,2,2,9,September,2021,5,Thursday,9,9:00am-9:59am,20,20,0,This section IS NOT on the NHS,2,Urban,7,Local,4,City or Municipal Highway Agency,6,Local Street - Municipality,HENRY ST,LYDE PLACE,0,None,40.66092222,40.66092222,-74.388052780,-74.388052780,0,No Special Jurisdiction,5,Fell/Jumped from Vehicle,0,The First Harmful Event was Not a Collision with a Motor Vehicle in Transport,0,No,3,Intersection-Related,3,T-Intersection,0,None,,,1,On Roadway,1,Daylight,,,,,1,Clear,0,No,0000000,Not Applicable,9,9:00am-9:59am,26,26,9,9:00am-9:59am,37,37,10,10:00am-10:59am,4,4,,,,,,,1,