caseyear,state,st_case,statename,ve_total,ve_forms,pvh_invl,peds,pernotmvit,permvit,persons,county,countyname,city,cityname,day,dayname,month,monthname,year,day_week,day_weekname,hour,hourname,minute,minutename,nhs,nhsname,rur_urb,rur_urbname,func_sys,func_sysname,rd_owner,rd_ownername,route,routename,tway_id,tway_id2,milept,mileptname,latitude,latitudename,longitud,longitudname,sp_jur,sp_jurname,harm_ev,harm_evname,man_coll,man_collname,reljct1,reljct1name,reljct2,reljct2name,typ_int,typ_intname,wrk_zone,wrk_zonename,road_fnc,road_fncname,rel_road,rel_roadname,lgt_cond,lgt_condname,weather1,weather1name,weather2,weather2name,weather,weathername,sch_bus,sch_busname,rail,railname,not_hour,not_hourname,not_min,not_minname,arr_hour,arr_hourname,arr_min,arr_minname,hosp_hr,hosp_hrname,hosp_mn,hosp_mnname,cf1,cf1name,cf2,cf2name,cf3,cf3name,fatals,drunk_dr
2021,34,340425,New Jersey,1,1,0,0,0,3,3,31,PASSAIC (31),3582,WEST MILFORD,3,3,9,September,2021,6,Friday,22,10:00pm-10:59pm,0,0,0,This section IS NOT on the NHS,2,Urban,5,Major Collector,4,City or Municipal Highway Agency,6,Local Street - Municipality,LINCOLN AVE,,6,6,41.14243889,41.14243889,-74.351288890,-74.351288890,0,No Special Jurisdiction,59,"Traffic Sign Support ",0,The First Harmful Event was Not a Collision with a Motor Vehicle in Transport,0,No,1,Non-Junction,1,Not an Intersection,0,None,,,4,On Roadside,2,Dark - Not Lighted,,,,,1,Clear,0,No,0000000,Not Applicable,21,9:00pm-9:59pm,50,50,21,9:00pm-9:59pm,50,50,22,10:00pm-10:59pm,45,45,,,,,,,1,
2021,34,340426,New Jersey,1,1,0,0,0,2,2,11,CUMBERLAND (11),1970,MILLVILLE,8,8,11,November,2021,2,Monday,5,5:00am-5:59am,12,12,0,This section IS NOT on the NHS,2,Urban,4,Minor Arterial,2,County Highway Agency,4,County Road,CR-627,,18,18,39.36549722,39.36549722,-75.040466670,-75.040466670,0,No Special Jurisdiction,30,Utility Pole/Light Support,0,The First Harmful Event was Not a Collision with a Motor Vehicle in Transport,0,No,1,Non-Junction,1,Not an Intersection,0,None,,,4,On Roadside,6,Dark - Unknown Lighting,,,,,1,Clear,0,No,0000000,Not Applicable,5,5:00am-5:59am,12,12,5,5:00am-5:59am,26,26,99,Unknown,99,Unknown EMS Hospital Arrival Time,,,,,,,1,
2021,34,340427,New Jersey,1,1,0,0,0,1,1,1,ATLANTIC (1),0,NOT APPLICABLE,5,5,11,November,2021,6,Friday,9,9:00am-9:59am,47,47,1,This section IS ON the NHS,2,Urban,3,Principal Arterial - Other,1,State Highway Agency,2,U.S. Highway,US-30,,354,354,39.58596389,39.58596389,-74.730033330,-74.730033330,0,No Special Jurisdiction,30,Utility Pole/Light Support,0,The First Harmful Event was Not a Collision with a Motor Vehicle in Transport,0,No,1,Non-Junction,1,Not an Intersection,0,None,,,4,On Roadside,1,Daylight,,,,,1,Clear,0,No,0000000,Not Applicable,9,9:00am-9:59am,50,50,10,10:00am-10:59am,0,0,88,"Not Applicable (Not Transported) ",88,Not Applicable (Not Transported),,,,,,,1,
2021,34,340428,New Jersey,1,1,0,0,0,5,5,5,BURLINGTON (5),1040,FLORENCE,12,12,9,September,2021,1,Sunday,0,0:00am-0:59am,38,38,1,This section IS ON the NHS,2,Urban,1,Interstate,31,State Toll Road,1,Interstate,I-95,,9,9,40.11270000,40.11270000,-74.815000000,-74.815000000,0,No Special Jurisdiction,24,Guardrail Face,0,The First Harmful Event was Not a Collision with a Motor Vehicle in Transport,0,No,1,Non-Junction,1,Not an Intersection,0,None,,,3,On Median,2,Dark - Not Lighted,,,,,1,Clear,0,No,0000000,Not Applicable,0,0:00am-0:59am,36,36,0,0:00am-0:59am,41,41,1,1:00am-1:59am,51,51,,,,,,,1,
2021,34,340429,New Jersey,1,1,0,0,0,1,1,33,SALEM (33),2960,POLE TAVERN,30,30,6,June,2021,4,Wednesday,7,7:00am-7:59am,41,41,0,This section IS NOT on the NHS,2,Urban,7,Local,4,City or Municipal Highway Agency,6,Local Street - Municipality,UNION ST,,0,None,39.56479167,39.56479167,-75.466336110,-75.466336110,0,No Special Jurisdiction,30,Utility Pole/Light Support,0,The First Harmful Event was Not a Collision with a Motor Vehicle in Transport,0,No,1,Non-Junction,1,Not an Intersection,0,None,,,4,On Roadside,1,Daylight,,,,,1,Clear,0,No,0000000,Not Applicable,7,7:00am-7:59am,44,44,7,7:00am-7:59am,46,46,88,"Not Applicable (Not Transported) ",88,Not Applicable (Not Transported),,,,,,,1,
2021,34,340430,New Jersey,1,1,0,0,0,1,1,7,CAMDEN (7),3694,WINSLOW,21,21,7,July,2021,4,Wednesday,6,6:00am-6:59am,34,34,0,This section IS NOT on the NHS,2,Urban,4,Minor Arterial,2,County Highway Agency,4,County Road,CR-536,,26,26,39.72038889,39.72038889,-74.966388890,-74.966388890,0,No Special Jurisdiction,1,Rollover/Overturn,0,The First Harmful Event was Not a Collision with a Motor Vehicle in Transport,0,No,1,Non-Junction,1,Not an Intersection,0,None,,,4,On Roadside,4,Dawn,,,,,1,Clear,0,No,0000000,Not Applicable,6,6:00am-6:59am,38,38,6,6:00am-6:59am,44,44,88,"Not Applicable (Not Transported) ",88,Not Applicable (Not Transported),,,,,,,1,
2021,34,340431,New Jersey,1,1,0,1,1,1,1,7,CAMDEN (7),520,CAMDEN,24,24,8,August,2021,3,Tuesday,18,6:00pm-6:59pm,34,34,0,This section IS NOT on the NHS,2,Urban,4,Minor Arterial,2,County Highway Agency,4,County Road,CR-543,,55,55,39.95091111,39.95091111,-75.099011110,-75.099011110,0,No Special Jurisdiction,8,Pedestrian,0,The First Harmful Event was Not a Collision with a Motor Vehicle in Transport,0,No,1,Non-Junction,1,Not an Intersection,0,None,,,1,On Roadway,1,Daylight,,,,,1,Clear,0,No,0000000,Not Applicable,18,6:00pm-6:59pm,32,32,18,6:00pm-6:59pm,37,37,88,"Not Applicable (Not Transported) ",88,Not Applicable (Not Transported),,,,,,,1,
2021,34,340432,New Jersey,9,1,8,0,0,3,3,9,CAPE MAY (9),0,NOT APPLICABLE,5,5,9,September,2021,1,Sunday,2,2:00am-2:59am,27,27,0,This section IS NOT on the NHS,2,Urban,4,Minor Arterial,2,County Highway Agency,4,County Road,CR-619 COMMONWEALTH AVE,,150,150,39.19694444,39.19694444,-74.657038890,-74.657038890,0,No Special Jurisdiction,14,Parked Motor Vehicle,0,The First Harmful Event was Not a Collision with a Motor Vehicle in Transport,0,No,1,Non-Junction,1,Not an Intersection,0,None,,,2,On Shoulder,2,Dark - Not Lighted,,,,,1,Clear,0,No,0000000,Not Applicable,2,2:00am-2:59am,28,28,2,2:00am-2:59am,35,35,3,3:00am-3:59am,31,31,,,,,,,1,
2021,34,340433,New Jersey,1,1,0,1,1,1,1,7,CAMDEN (7),2600,PINE HILL,19,19,8,August,2021,5,Thursday,2,2:00am-2:59am,23,23,1,This section IS ON the NHS,2,Urban,3,Principal Arterial - Other,2,County Highway Agency,4,County Road,CR-534 BLACKWOOD-CLEMENTON RD,,72,72,39.80463333,39.80463333,-75.014266670,-75.014266670,0,No Special Jurisdiction,8,Pedestrian,0,The First Harmful Event was Not a Collision with a Motor Vehicle in Transport,0,No,1,Non-Junction,1,Not an Intersection,0,None,,,4,On Roadside,6,Dark - Unknown Lighting,,,,,1,Clear,0,No,0000000,Not Applicable,2,2:00am-2:59am,25,25,2,2:00am-2:59am,31,31,88,"Not Applicable (Not Transported) ",88,Not Applicable (Not Transported),,,,,,,1,
2021,34,340434,New Jersey,1,1,0,1,1,1,1,7,CAMDEN (7),520,CAMDEN,3,3,8,August,2021,3,Tuesday,22,10:00pm-10:59pm,24,24,0,This section IS NOT on the NHS,2,Urban,5,Major Collector,4,City or Municipal Highway Agency,6,Local Street - Municipality,SOUTH 7TH STREET,SYCAMORE ST,6,6,39.93200833,39.93200833,-75.116036110,-75.116036110,0,No Special Jurisdiction,8,Pedestrian,0,The First Harmful Event was Not a Collision with a Motor Vehicle in Transport,0,No,3,Intersection-Related,2,Four-Way Intersection,0,None,,,1,On Roadway,6,Dark - Unknown Lighting,,,,,1,Clear,0,No,0000000,Not Applicable,22,10:00pm-10:59pm,23,23,22,10:00pm-10:59pm,26,26,22,10:00pm-10:59pm,32,32,,,,,,,1,
2021,34,340435,New Jersey,1,1,0,1,1,1,1,7,CAMDEN (7),520,CAMDEN,3,3,8,August,2021,3,Tuesday,15,3:00pm-3:59pm,48,48,1,This section IS ON the NHS,2,Urban,3,Principal Arterial - Other,2,County Highway Agency,4,County Road,CR-561 HADDON AVE,,508,508,39.94307778,39.94307778,-75.117030560,-75.117030560,0,No Special Jurisdiction,8,Pedestrian,0,The First Harmful Event was Not a Collision with a Motor Vehicle in Transport,0,No,1,Non-Junction,1,Not an Intersection,0,None,,,1,On Roadway,1,Daylight,,,,,1,Clear,0,No,0000000,Not Applicable,15,3:00pm-3:59pm,48,48,15,3:00pm-3:59pm,53,53,88,"Not Applicable (Not Transported) ",88,Not Applicable (Not Transported),,,,,,,1,
2021,34,340436,New Jersey,2,2,0,0,0,2,2,33,SALEM (33),2565,PENNSVILLE,7,7,6,June,2021,2,Monday,21,9:00pm-9:59pm,33,33,0,This section IS NOT on the NHS,2,Urban,4,Minor Arterial,2,County Highway Agency,4,County Road,CR-551 SOUTH HOOK RD,MAHONEY RD,15,15,39.63497222,39.63497222,-75.498933330,-75.498933330,0,No Special Jurisdiction,12,Motor Vehicle In-Transport,6,Angle,0,No,2,Intersection,3,T-Intersection,0,None,,,1,On Roadway,3,Dark - Lighted,,,,,1,Clear,0,No,0000000,Not Applicable,21,9:00pm-9:59pm,35,35,21,9:00pm-9:59pm,43,43,88,"Not Applicable (Not Transported) ",88,Not Applicable (Not Transported),,,,,,,1,
2021,34,340437,New Jersey,3,3,0,0,0,4,4,7,CAMDEN (7),3694,WINSLOW,5,5,8,August,2021,5,Thursday,20,8:00pm-8:59pm,18,18,0,This section IS NOT on the NHS,2,Urban,5,Major Collector,2,County Highway Agency,4,County Road,CR-706 ERIAL RD,DUCHESS DR,39,39,39.74891944,39.74891944,-74.982877780,-74.982877780,0,No Special Jurisdiction,12,Motor Vehicle In-Transport,6,Angle,0,No,2,Intersection,2,Four-Way Intersection,0,None,,,1,On Roadway,1,Daylight,,,,,1,Clear,0,No,0000000,Not Applicable,20,8:00pm-8:59pm,20,20,20,8:00pm-8:59pm,31,31,20,8:00pm-8:59pm,56,56,,,,,,,1,
2021,34,340438,New Jersey,2,2,0,0,0,2,2,13,ESSEX (13),2130,NEWARK,24,24,8,August,2021,3,Tuesday,2,2:00am-2:59am,54,54,1,This section IS ON the NHS,2,Urban,3,Principal Arterial - Other,1,State Highway Agency,2,U.S. Highway,US-1 TRUCK,,99999,Unknown,77.77770000,77.77770000,777.777700000,777.777700000,0,No Special Jurisdiction,12,Motor Vehicle In-Transport,1,Front-to-Rear,0,No,1,Non-Junction,1,Not an Intersection,0,None,,,1,On Roadway,3,Dark - Lighted,,,,,1,Clear,0,No,0000000,Not Applicable,99,Unknown,99,Unknown,99,Unknown EMS Scene Arrival Hour,99,Unknown EMS Scene Arrival Minutes,88,"Not Applicable (Not Transported) ",88,Not Applicable (Not Transported),,,,,,,1,
2021,34,340439,New Jersey,1,1,0,0,0,1,1,35,SOMERSET (35),425,BRIDGEWATER,7,7,9,September,2021,3,Tuesday,1,1:00am-1:59am,4,4,1,This section IS ON the NHS,2,Urban,1,Interstate,1,State Highway Agency,1,Interstate,I-287,,208,208,40.63706944,40.63706944,-74.643966670,-74.643966670,0,No Special Jurisdiction,24,Guardrail Face,0,The First Harmful Event was Not a Collision with a Motor Vehicle in Transport,0,No,1,Non-Junction,1,Not an Intersection,0,None,,,3,On Median,3,Dark - Lighted,,,,,1,Clear,0,No,0000000,Not Applicable,1,1:00am-1:59am,12,12,1,1:00am-1:59am,28,28,88,"Not Applicable (Not Transported) ",88,Not Applicable (Not Transported),,,,,,,1,
2021,34,340440,New Jersey,1,1,0,0,0,1,1,35,SOMERSET (35),214,BEDMINSTER,2,2,9,September,2021,5,Thursday,4,4:00am-4:59am,5,5,1,This section IS ON the NHS,2,Urban,1,Interstate,1,State Highway Agency,1,Interstate,I-287,,226,226,40.66249167,40.66249167,-74.641833330,-74.641833330,0,No Special Jurisdiction,24,Guardrail Face,0,The First Harmful Event was Not a Collision with a Motor Vehicle in Transport,0,No,1,Non-Junction,1,Not an Intersection,0,None,,,4,On Roadside,2,Dark - Not Lighted,,,,,2,Rain,0,No,0000000,Not Applicable,99,Unknown,99,Unknown,99,Unknown EMS Scene Arrival Hour,99,Unknown EMS Scene Arrival Minutes,99,Unknown,99,Unknown EMS Hospital Arrival Time,,,,,,,1,
2021,34,340441,New Jersey,1,1,0,0,0,2,2,13,ESSEX (13),2130,NEWARK,18,18,9,September,2021,7,Saturday,16,4:00pm-4:59pm,18,18,1,This section IS ON the NHS,2,Urban,1,Interstate,1,State Highway Agency,1,Interstate,I-78,,553,553,40.71637222,40.71637222,-74.215997220,-74.215997220,0,No Special Jurisdiction,33,Curb,0,The First Harmful Event was Not a Collision with a Motor Vehicle in Transport,0,No,1,Non-Junction,1,Not an Intersection,0,None,,,3,On Median,1,Daylight,,,,,1,Clear,0,No,0000000,Not Applicable,16,4:00pm-4:59pm,31,31,16,4:00pm-4:59pm,45,45,17,5:00pm-5:59pm,1,1,,,,,,,1,
2021,34,340442,New Jersey,1,1,0,0,0,1,1,7,CAMDEN (7),598,CHERRY HILL,11,11,4,April,2021,1,Sunday,22,10:00pm-10:59pm,6,6,0,This section IS NOT on the NHS,2,Urban,7,Local,4,City or Municipal Highway Agency,6,Local Street - Municipality,"FRONTAGE RD ",PARK RD,0,None,39.91718611,39.91718611,-74.981366670,-74.981366670,0,No Special Jurisdiction,42,Tree (Standing Only),0,The First Harmful Event was Not a Collision with a Motor Vehicle in Transport,0,No,3,Intersection-Related,10,L-Intersection,0,None,,,4,On Roadside,6,Dark - Unknown Lighting,,,,,10,Cloudy,0,No,0000000,Not Applicable,22,10:00pm-10:59pm,8,8,22,10:00pm-10:59pm,13,13,88,"Not Applicable (Not Transported) ",88,Not Applicable (Not Transported),,,,,,,1,
2021,34,340443,New Jersey,2,2,0,0,0,2,2,7,CAMDEN (7),3694,WINSLOW,7,7,8,August,2021,7,Saturday,23,11:00pm-11:59pm,16,16,0,This section IS NOT on the NHS,2,Urban,4,Minor Arterial,2,County Highway Agency,4,County Road,CR-705 SICKLERVILLE RD,,24,24,39.72275833,39.72275833,-74.978686110,-74.978686110,0,No Special Jurisdiction,12,Motor Vehicle In-Transport,2,Front-to-Front,0,No,1,Non-Junction,1,Not an Intersection,0,None,,,1,On Roadway,2,Dark - Not Lighted,,,,,2,Rain,0,No,0000000,Not Applicable,23,11:00pm-11:59pm,19,19,23,11:00pm-11:59pm,25,25,0,0:00am-0:59am,24,24,,,,,,,1,
2021,34,340445,New Jersey,5,5,0,0,0,5,5,13,ESSEX (13),800,EAST ORANGE,14,14,9,September,2021,3,Tuesday,15,3:00pm-3:59pm,33,33,1,This section IS ON the NHS,2,Urban,1,Interstate,1,State Highway Agency,1,Interstate,I-280,,126,126,40.75567778,40.75567778,-74.199400000,-74.199400000,0,No Special Jurisdiction,12,Motor Vehicle In-Transport,1,Front-to-Rear,0,No,1,Non-Junction,1,Not an Intersection,0,None,,,1,On Roadway,1,Daylight,,,,,1,Clear,0,No,0000000,Not Applicable,15,3:00pm-3:59pm,54,54,16,4:00pm-4:59pm,10,10,16,4:00pm-4:59pm,23,23,,,,,,,1,
2021,34,340447,New Jersey,1,1,0,1,1,1,1,13,ESSEX (13),2130,NEWARK,13,13,10,October,2021,4,Wednesday,15,3:00pm-3:59pm,18,18,1,This section IS ON the NHS,2,Urban,3,Principal Arterial - Other,2,County Highway Agency,4,County Road,CR-508 CENTRAL AVE,MORRIS AVE,102,102,40.74684444,40.74684444,-74.187188890,-74.187188890,0,No Special Jurisdiction,9,Pedalcyclist,0,The First Harmful Event was Not a Collision with a Motor Vehicle in Transport,0,No,3,Intersection-Related,2,Four-Way Intersection,0,None,,,1,On Roadway,1,Daylight,,,,,1,Clear,0,No,0000000,Not Applicable,15,3:00pm-3:59pm,27,27,15,3:00pm-3:59pm,31,31,15,3:00pm-3:59pm,45,45,,,,,,,1,
2021,34,340448,New Jersey,1,1,0,1,1,1,1,1,ATLANTIC (1),1264,HAMILTON,12,12,10,October,2021,3,Tuesday,6,6:00am-6:59am,32,32,1,This section IS ON the NHS,2,Urban,3,Principal Arterial - Other,1,State Highway Agency,2,U.S. Highway,US-40,CANTILLON BLVD,482,482,39.44594167,39.44594167,-74.702769440,-74.702769440,0,No Special Jurisdiction,8,Pedestrian,0,The First Harmful Event was Not a Collision with a Motor Vehicle in Transport,0,No,3,Intersection-Related,2,Four-Way Intersection,0,None,,,1,On Roadway,6,Dark - Unknown Lighting,,,,,2,Rain,0,No,0000000,Not Applicable,6,6:00am-6:59am,36,36,6,6:00am-6:59am,45,45,7,7:00am-7:59am,27,27,,,,,,,1,
2021,34,340450,New Jersey,2,2,0,2,2,2,2,13,ESSEX (13),2130,NEWARK,22,22,8,August,2021,1,Sunday,2,2:00am-2:59am,23,23,1,This section IS ON the NHS,2,Urban,1,Interstate,1,State Highway Agency,1,Interstate,"I-78 ",,552,552,40.71670278,40.71670278,-74.214800000,-74.214800000,0,No Special Jurisdiction,12,Motor Vehicle In-Transport,6,Angle,0,No,1,Non-Junction,1,Not an Intersection,0,None,,,1,On Roadway,6,Dark - Unknown Lighting,,,,,2,Rain,0,No,0000000,Not Applicable,2,2:00am-2:59am,29,29,2,2:00am-2:59am,37,37,2,2:00am-2:59am,55,55,,,,,,,1,
2021,34,340451,New Jersey,1,1,0,0,0,1,1,29,OCEAN (29),0,NOT APPLICABLE,14,14,10,October,2021,5,Thursday,15,3:00pm-3:59pm,23,23,0,This section IS NOT on the NHS,1,Rural,5,Major Collector,2,County Highway Agency,4,County Road,CR-614 LACEY RD,,78,78,39.87683889,39.87683889,-74.261458330,-74.261458330,0,No Special Jurisdiction,42,Tree (Standing Only),0,The First Harmful Event was Not a Collision with a Motor Vehicle in Transport,0,No,1,Non-Junction,1,Not an Intersection,0,None,,,5,Outside Trafficway,1,Daylight,,,,,1,Clear,0,No,0000000,Not Applicable,15,3:00pm-3:59pm,39,39,15,3:00pm-3:59pm,48,48,16,4:00pm-4:59pm,28,28,,,,,,,1,
2021,34,340452,New Jersey,1,1,0,0,0,2,2,21,MERCER (21),3380,TRENTON,5,5,10,October,2021,3,Tuesday,1,1:00am-1:59am,33,33,1,This section IS ON the NHS,2,Urban,2,Principal Arterial - Other Freeways and Expressways,1,State Highway Agency,2,U.S. Highway,US-1,,14,14,40.22351667,40.22351667,-74.758477780,-74.758477780,0,No Special Jurisdiction,33,Curb,0,The First Harmful Event was Not a Collision with a Motor Vehicle in Transport,1,Yes,5,Entrance/Exit Ramp Related,1,Not an Intersection,0,None,,,4,On Roadside,3,Dark - Lighted,,,,,1,Clear,0,No,0000000,Not Applicable,1,1:00am-1:59am,36,36,1,1:00am-1:59am,38,38,2,2:00am-2:59am,9,9,,,,,,,1,
2021,34,340453,New Jersey,1,1,0,0,0,3,3,35,SOMERSET (35),398,BRANCHBURG PARK,8,8,10,October,2021,6,Friday,20,8:00pm-8:59pm,21,21,0,This section IS NOT on the NHS,9,Unknown,7,Local,4,City or Municipal Highway Agency,6,Local Street - Municipality,FAIRVIEW DR,,0,None,40.51763333,40.51763333,-74.755216670,-74.755216670,0,No Special Jurisdiction,30,Utility Pole/Light Support,0,The First Harmful Event was Not a Collision with a Motor Vehicle in Transport,0,No,1,Non-Junction,1,Not an Intersection,0,None,,,4,On Roadside,2,Dark - Not Lighted,,,,,1,Clear,0,No,0000000,Not Applicable,20,8:00pm-8:59pm,34,34,20,8:00pm-8:59pm,55,55,99,Unknown,99,Unknown EMS Hospital Arrival Time,,,,,,,1,
2021,34,340454,New Jersey,2,1,1,0,0,1,1,31,PASSAIC (31),3370,TOTOWA,3,3,10,October,2021,1,Sunday,19,7:00pm-7:59pm,20,20,0,This section IS NOT on the NHS,2,Urban,7,Local,4,City or Municipal Highway Agency,6,Local Street - Municipality,SHEPHARDS LANE,,0,None,40.91271667,40.91271667,-74.204311110,-74.204311110,0,No Special Jurisdiction,14,Parked Motor Vehicle,0,The First Harmful Event was Not a Collision with a Motor Vehicle in Transport,0,No,1,Non-Junction,1,Not an Intersection,0,None,,,7,In Parking Lane/Zone,3,Dark - Lighted,,,,,1,Clear,0,No,0000000,Not Applicable,99,Unknown,99,Unknown,99,Unknown EMS Scene Arrival Hour,99,Unknown EMS Scene Arrival Minutes,88,"Not Applicable (Not Transported) ",88,Not Applicable (Not Transported),,,,,,,1,
2021,34,340455,New Jersey,2,2,0,0,0,4,4,17,HUDSON (17),2205,NORTH BERGEN,30,30,10,October,2021,7,Saturday,2,2:00am-2:59am,2,2,1,This section IS ON the NHS,2,Urban,3,Principal Arterial - Other,1,State Highway Agency,2,U.S. Highway,US-1 TONNELLE AVE,,575,575,40.77672778,40.77672778,-74.039855560,-74.039855560,0,No Special Jurisdiction,12,Motor Vehicle In-Transport,6,Angle,0,No,1,Non-Junction,1,Not an Intersection,0,None,,,1,On Roadway,3,Dark - Lighted,,,,,2,Rain,0,No,0000000,Not Applicable,2,2:00am-2:59am,6,6,2,2:00am-2:59am,11,11,2,2:00am-2:59am,38,38,,,,,,,1,
2021,34,340456,New Jersey,2,2,0,0,0,3,3,37,SUSSEX (37),3501,WANTAGE TOWNSHIP,29,29,8,August,2021,1,Sunday,13,1:00pm-1:59pm,18,18,1,This section IS ON the NHS,1,Rural,3,Principal Arterial - Other,1,State Highway Agency,3,State Highway,SR-23,,480,480,41.30270278,41.30270278,-74.664666670,-74.664666670,0,No Special Jurisdiction,12,Motor Vehicle In-Transport,2,Front-to-Front,0,No,1,Non-Junction,1,Not an Intersection,0,None,,,1,On Roadway,1,Daylight,,,,,1,Clear,0,No,0000000,Not Applicable,13,1:00pm-1:59pm,29,29,13,1:00pm-1:59pm,37,37,14,2:00pm-2:59pm,49,49,,,,,,,1,
2021,34,340457,New Jersey,2,2,0,0,0,2,2,15,GLOUCESTER (15),0,NOT APPLICABLE,23,23,10,October,2021,7,Saturday,14,2:00pm-2:59pm,11,11,0,This section IS NOT on the NHS,1,Rural,5,Major Collector,2,County Highway Agency,4,County Road,CR-581 COMMISSIONERS RD,CR-694 MONROEVILLE RD,136,136,39.67393889,39.67393889,-75.239838890,-75.239838890,0,No Special Jurisdiction,12,Motor Vehicle In-Transport,6,Angle,0,No,2,Intersection,2,Four-Way Intersection,0,None,,,1,On Roadway,1,Daylight,,,,,1,Clear,0,No,0000000,Not Applicable,14,2:00pm-2:59pm,16,16,14,2:00pm-2:59pm,19,19,15,3:00pm-3:59pm,0,0,,,,,,,1,
2021,34,340458,New Jersey,4,1,3,0,0,4,4,13,ESSEX (13),1480,TOWNSHIP OF IRVINGTON,17,17,10,October,2021,1,Sunday,21,9:00pm-9:59pm,32,32,0,This section IS NOT on the NHS,2,Urban,7,Local,4,City or Municipal Highway Agency,6,Local Street - Municipality,COIT ST,,0,None,40.71900278,40.71900278,-74.225450000,-74.225450000,0,No Special Jurisdiction,14,Parked Motor Vehicle,0,The First Harmful Event was Not a Collision with a Motor Vehicle in Transport,0,No,1,Non-Junction,1,Not an Intersection,0,None,,,2,On Shoulder,3,Dark - Lighted,,,,,1,Clear,0,No,0000000,Not Applicable,21,9:00pm-9:59pm,36,36,21,9:00pm-9:59pm,40,40,22,10:00pm-10:59pm,5,5,,,,,,,1,
2021,34,340459,New Jersey,4,4,0,0,0,4,4,7,CAMDEN (7),3694,WINSLOW,12,12,9,September,2021,1,Sunday,22,10:00pm-10:59pm,15,15,0,This section IS NOT on the NHS,2,Urban,4,Minor Arterial,2,County Highway Agency,4,County Road,CR-705 SICKLERVILLE RD,,40,40,39.73621944,39.73621944,-75.000263890,-75.000263890,0,No Special Jurisdiction,12,Motor Vehicle In-Transport,7,Sideswipe - Same Direction,0,No,1,Non-Junction,1,Not an Intersection,0,None,,,1,On Roadway,6,Dark - Unknown Lighting,,,,,1,Clear,0,No,0000000,Not Applicable,22,10:00pm-10:59pm,17,17,22,10:00pm-10:59pm,24,24,22,10:00pm-10:59pm,50,50,,,,,,,1,
2021,34,340460,New Jersey,1,1,0,0,0,1,1,29,OCEAN (29),1801,MANCHESTER TOWNSHIP,14,14,10,October,2021,5,Thursday,21,9:00pm-9:59pm,13,13,1,This section IS ON the NHS,2,Urban,3,Principal Arterial - Other,1,State Highway Agency,3,State Highway,SR-70,,395,395,39.97141389,39.97141389,-74.376130560,-74.376130560,0,No Special Jurisdiction,1,Rollover/Overturn,0,The First Harmful Event was Not a Collision with a Motor Vehicle in Transport,0,No,1,Non-Junction,1,Not an Intersection,0,None,,,1,On Roadway,2,Dark - Not Lighted,,,,,1,Clear,0,No,0000000,Not Applicable,20,8:00pm-8:59pm,16,16,20,8:00pm-8:59pm,17,17,21,9:00pm-9:59pm,20,20,,,,,,,1,
2021,34,340461,New Jersey,2,2,0,0,0,2,2,7,CAMDEN (7),520,CAMDEN,29,29,9,September,2021,4,Wednesday,23,11:00pm-11:59pm,15,15,1,This section IS ON the NHS,2,Urban,3,Principal Arterial - Other,2,County Highway Agency,4,County Road,CR-605 MT EPHRIAM AVE,DAYTON ST,2,2,39.92213056,39.92213056,-75.103919440,-75.103919440,0,No Special Jurisdiction,12,Motor Vehicle In-Transport,6,Angle,0,No,2,Intersection,3,T-Intersection,0,None,,,1,On Roadway,3,Dark - Lighted,,,,,1,Clear,0,No,0000000,Not Applicable,23,11:00pm-11:59pm,14,14,23,11:00pm-11:59pm,18,18,23,11:00pm-11:59pm,40,40,,,,,,,1,
2021,34,340462,New Jersey,1,1,0,0,0,1,1,39,UNION (39),2730,RAHWAY,8,8,11,November,2021,2,Monday,3,3:00am-3:59am,57,57,1,This section IS ON the NHS,2,Urban,3,Principal Arterial - Other,1,State Highway Agency,3,State Highway,SR-27 LINCOLN HIGHWAY,SR-35 ST GEORGES AVE,272,272,40.59431944,40.59431944,-74.290652780,-74.290652780,0,No Special Jurisdiction,21,Bridge Pier or Support,0,The First Harmful Event was Not a Collision with a Motor Vehicle in Transport,0,No,3,Intersection-Related,7,"Five Point, or More",0,None,,,4,On Roadside,3,Dark - Lighted,,,,,1,Clear,0,No,0000000,Not Applicable,99,Unknown,99,Unknown,99,Unknown EMS Scene Arrival Hour,99,Unknown EMS Scene Arrival Minutes,88,"Not Applicable (Not Transported) ",88,Not Applicable (Not Transported),,,,,,,1,
2021,34,340463,New Jersey,2,2,0,0,0,5,5,33,SALEM (33),567,CARNEYS POINT,19,19,9,September,2021,1,Sunday,12,12:00pm-12:59pm,2,2,0,This section IS NOT on the NHS,2,Urban,4,Minor Arterial,1,State Highway Agency,3,State Highway,"SR-130 DEEPWATER SLAPESCORNER ",,0,None,39.68499167,39.68499167,-75.483930560,-75.483930560,0,No Special Jurisdiction,12,Motor Vehicle In-Transport,6,Angle,0,No,8,Driveway Access Related,1,Not an Intersection,0,None,,,1,On Roadway,1,Daylight,,,,,1,Clear,0,No,0000000,Not Applicable,12,12:00pm-12:59pm,4,4,12,12:00pm-12:59pm,7,7,12,12:00pm-12:59pm,43,43,,,,,,,1,
2021,34,340464,New Jersey,1,1,0,0,0,1,1,35,SOMERSET (35),3504,WARREN,1,1,10,October,2021,6,Friday,11,11:00am-11:59am,9,9,1,This section IS ON the NHS,2,Urban,1,Interstate,1,State Highway Agency,1,Interstate,I-78,,312,312,40.64720556,40.64720556,-74.536866670,-74.536866670,0,No Special Jurisdiction,42,Tree (Standing Only),0,The First Harmful Event was Not a Collision with a Motor Vehicle in Transport,0,No,1,Non-Junction,1,Not an Intersection,0,None,,,4,On Roadside,1,Daylight,,,,,1,Clear,0,No,0000000,Not Applicable,11,11:00am-11:59am,13,13,11,11:00am-11:59am,31,31,12,12:00pm-12:59pm,0,0,,,,,,,1,