caseyear,state,st_case,statename,ve_total,ve_forms,pvh_invl,peds,pernotmvit,permvit,persons,county,countyname,city,cityname,day,dayname,month,monthname,year,day_week,day_weekname,hour,hourname,minute,minutename,nhs,nhsname,rur_urb,rur_urbname,func_sys,func_sysname,rd_owner,rd_ownername,route,routename,tway_id,tway_id2,milept,mileptname,latitude,latitudename,longitud,longitudname,sp_jur,sp_jurname,harm_ev,harm_evname,man_coll,man_collname,reljct1,reljct1name,reljct2,reljct2name,typ_int,typ_intname,wrk_zone,wrk_zonename,road_fnc,road_fncname,rel_road,rel_roadname,lgt_cond,lgt_condname,weather1,weather1name,weather2,weather2name,weather,weathername,sch_bus,sch_busname,rail,railname,not_hour,not_hourname,not_min,not_minname,arr_hour,arr_hourname,arr_min,arr_minname,hosp_hr,hosp_hrname,hosp_mn,hosp_mnname,cf1,cf1name,cf2,cf2name,cf3,cf3name,fatals,drunk_dr
2021,34,340502,New Jersey,1,1,0,0,0,1,1,37,SUSSEX (37),3448,VERNON,30,30,10,October,2021,7,Saturday,13,1:00pm-1:59pm,20,20,0,This section IS NOT on the NHS,2,Urban,5,Major Collector,2,County Highway Agency,4,County Road,CR-565,,158,158,41.24085278,41.24085278,-74.510416670,-74.510416670,0,No Special Jurisdiction,43,Other Fixed Object,0,The First Harmful Event was Not a Collision with a Motor Vehicle in Transport,0,No,1,Non-Junction,1,Not an Intersection,0,None,,,5,Outside Trafficway,1,Daylight,,,,,10,Cloudy,0,No,0000000,Not Applicable,14,2:00pm-2:59pm,20,20,14,2:00pm-2:59pm,25,25,88,"Not Applicable (Not Transported) ",88,Not Applicable (Not Transported),,,,,,,1,
2021,34,340503,New Jersey,1,1,0,1,1,1,1,17,HUDSON (17),3590,WEST NEW YORK,16,16,10,October,2021,7,Saturday,20,8:00pm-8:59pm,11,11,0,This section IS NOT on the NHS,2,Urban,5,Major Collector,2,County Highway Agency,4,County Road,CR-505 JF KENNEDY BLVD E,,18,18,40.78415278,40.78415278,-74.009580560,-74.009580560,0,No Special Jurisdiction,8,Pedestrian,0,The First Harmful Event was Not a Collision with a Motor Vehicle in Transport,0,No,1,Non-Junction,1,Not an Intersection,0,None,,,1,On Roadway,3,Dark - Lighted,,,,,1,Clear,0,No,0000000,Not Applicable,99,Unknown,99,Unknown,99,Unknown EMS Scene Arrival Hour,99,Unknown EMS Scene Arrival Minutes,99,Unknown,99,Unknown EMS Hospital Arrival Time,,,,,,,1,
2021,34,340504,New Jersey,1,1,0,0,0,2,2,1,ATLANTIC (1),90,ATLANTIC CITY,30,30,10,October,2021,7,Saturday,20,8:00pm-8:59pm,10,10,0,This section IS NOT on the NHS,2,Urban,5,Major Collector,4,City or Municipal Highway Agency,6,Local Street - Municipality,DELAWARE AVE,US-30 ABSECON BLVD,5,5,39.36939444,39.36939444,-74.423319440,-74.423319440,0,No Special Jurisdiction,33,Curb,0,The First Harmful Event was Not a Collision with a Motor Vehicle in Transport,0,No,3,Intersection-Related,4,Y-Intersection,0,None,,,4,On Roadside,3,Dark - Lighted,,,,,1,Clear,0,No,0000000,Not Applicable,20,8:00pm-8:59pm,18,18,20,8:00pm-8:59pm,22,22,20,8:00pm-8:59pm,41,41,,,,,,,1,
2021,34,340505,New Jersey,3,3,0,1,1,3,3,13,ESSEX (13),2130,NEWARK,28,28,10,October,2021,5,Thursday,19,7:00pm-7:59pm,11,11,1,This section IS ON the NHS,2,Urban,3,Principal Arterial - Other,4,City or Municipal Highway Agency,4,County Road,CR-510 SPRINGFIELD AVE,,288,288,40.73624722,40.73624722,-74.180266670,-74.180266670,0,No Special Jurisdiction,8,Pedestrian,0,The First Harmful Event was Not a Collision with a Motor Vehicle in Transport,0,No,1,Non-Junction,1,Not an Intersection,0,None,,,1,On Roadway,3,Dark - Lighted,,,,,1,Clear,0,No,0000000,Not Applicable,99,Unknown,99,Unknown,99,Unknown EMS Scene Arrival Hour,99,Unknown EMS Scene Arrival Minutes,99,Unknown,99,Unknown EMS Hospital Arrival Time,,,,,,,1,
2021,34,340506,New Jersey,1,1,0,1,1,1,1,27,MORRIS (27),0,NOT APPLICABLE,29,29,10,October,2021,6,Friday,21,9:00pm-9:59pm,44,44,1,This section IS ON the NHS,2,Urban,3,Principal Arterial - Other,1,State Highway Agency,3,State Highway,SR-10,,99998,Not Reported,40.84267222,40.84267222,-74.461341670,-74.461341670,0,No Special Jurisdiction,8,Pedestrian,0,The First Harmful Event was Not a Collision with a Motor Vehicle in Transport,0,No,1,Non-Junction,1,Not an Intersection,0,None,,,1,On Roadway,2,Dark - Not Lighted,,,,,2,Rain,0,No,0000000,Not Applicable,21,9:00pm-9:59pm,45,45,21,9:00pm-9:59pm,50,50,22,10:00pm-10:59pm,21,21,,,,,,,1,
2021,34,340507,New Jersey,1,1,0,0,0,1,1,35,SOMERSET (35),0,NOT APPLICABLE,19,19,10,October,2021,3,Tuesday,18,6:00pm-6:59pm,53,53,0,This section IS NOT on the NHS,2,Urban,4,Minor Arterial,2,County Highway Agency,4,County Road,CR-518 GEORGETOWN AND FRANKLIN,,159,159,40.40572778,40.40572778,-74.662436110,-74.662436110,0,No Special Jurisdiction,11,Live Animal,0,The First Harmful Event was Not a Collision with a Motor Vehicle in Transport,0,No,1,Non-Junction,1,Not an Intersection,0,None,,,1,On Roadway,2,Dark - Not Lighted,,,,,1,Clear,0,No,0000000,Not Applicable,99,Unknown,99,Unknown,99,Unknown EMS Scene Arrival Hour,99,Unknown EMS Scene Arrival Minutes,99,Unknown,99,Unknown EMS Hospital Arrival Time,,,,,,,1,
2021,34,340508,New Jersey,2,2,0,0,0,4,4,7,CAMDEN (7),600,CHESILHURST,24,24,10,October,2021,1,Sunday,16,4:00pm-4:59pm,7,7,1,This section IS ON the NHS,2,Urban,3,Principal Arterial - Other,1,State Highway Agency,2,U.S. Highway,US-30 WHITE HORSE PIKE,CR-686 GIBBSBORO RD,5,5,39.81238889,39.81238889,-74.985172220,-74.985172220,0,No Special Jurisdiction,12,Motor Vehicle In-Transport,6,Angle,0,No,2,Intersection,2,Four-Way Intersection,0,None,,,1,On Roadway,1,Daylight,,,,,1,Clear,0,No,0000000,Not Applicable,16,4:00pm-4:59pm,8,8,16,4:00pm-4:59pm,14,14,16,4:00pm-4:59pm,49,49,,,,,,,1,
2021,34,340509,New Jersey,1,1,0,1,1,2,2,37,SUSSEX (37),3448,VERNON,30,30,10,October,2021,7,Saturday,17,5:00pm-5:59pm,14,14,0,This section IS NOT on the NHS,1,Rural,5,Major Collector,2,County Highway Agency,4,County Road,CR-515 PRICES SWITCH RD,,107,107,41.22050556,41.22050556,-74.454947220,-74.454947220,0,No Special Jurisdiction,8,Pedestrian,0,The First Harmful Event was Not a Collision with a Motor Vehicle in Transport,0,No,1,Non-Junction,1,Not an Intersection,0,None,,,1,On Roadway,5,Dusk,,,,,5,"Fog, Smog, Smoke",0,No,0000000,Not Applicable,17,5:00pm-5:59pm,13,13,17,5:00pm-5:59pm,36,36,17,5:00pm-5:59pm,57,57,,,,,,,1,
2021,34,340510,New Jersey,2,2,0,0,0,2,2,11,CUMBERLAND (11),0,NOT APPLICABLE,3,3,9,September,2021,6,Friday,17,5:00pm-5:59pm,39,39,0,This section IS NOT on the NHS,1,Rural,5,Major Collector,2,County Highway Agency,4,County Road,"CR-698 ",,30,30,39.38919167,39.38919167,-75.168913890,-75.168913890,0,No Special Jurisdiction,12,Motor Vehicle In-Transport,6,Angle,0,No,1,Non-Junction,1,Not an Intersection,0,None,,,1,On Roadway,1,Daylight,,,,,1,Clear,0,No,0000000,Not Applicable,17,5:00pm-5:59pm,37,37,17,5:00pm-5:59pm,46,46,88,"Not Applicable (Not Transported) ",88,Not Applicable (Not Transported),,,,,,,1,
2021,34,340511,New Jersey,1,1,0,1,1,1,1,7,CAMDEN (7),3742,WOOD-LYNNE,9,9,6,June,2021,4,Wednesday,22,10:00pm-10:59pm,57,57,1,This section IS ON the NHS,2,Urban,3,Principal Arterial - Other,1,State Highway Agency,3,State Highway,SR-1658 MT EPHRIAM AVE,WOODLYNNE AVE,106,106,39.91689167,39.91689167,-75.101397220,-75.101397220,0,No Special Jurisdiction,8,Pedestrian,0,The First Harmful Event was Not a Collision with a Motor Vehicle in Transport,0,No,3,Intersection-Related,3,T-Intersection,0,None,,,1,On Roadway,3,Dark - Lighted,,,,,10,Cloudy,0,No,0000000,Not Applicable,99,Unknown,99,Unknown,99,Unknown EMS Scene Arrival Hour,99,Unknown EMS Scene Arrival Minutes,88,"Not Applicable (Not Transported) ",88,Not Applicable (Not Transported),,,,,,,1,
2021,34,340512,New Jersey,1,1,0,1,1,1,1,17,HUDSON (17),1520,JERSEY CITY,26,26,8,August,2021,5,Thursday,21,9:00pm-9:59pm,21,21,0,This section IS NOT on the NHS,2,Urban,7,Local,4,City or Municipal Highway Agency,6,Local Street - Municipality,BRAMHALL AVE,SACKETT ST,0,None,40.71620556,40.71620556,-74.076513890,-74.076513890,0,No Special Jurisdiction,8,Pedestrian,0,The First Harmful Event was Not a Collision with a Motor Vehicle in Transport,0,No,3,Intersection-Related,2,Four-Way Intersection,0,None,,,1,On Roadway,2,Dark - Not Lighted,,,,,2,Rain,0,No,0000000,Not Applicable,0,0:00am-0:59am,28,28,0,0:00am-0:59am,28,28,1,1:00am-1:59am,4,4,,,,,,,1,
2021,34,340513,New Jersey,1,1,0,0,0,1,1,5,BURLINGTON (5),370,BORDENTOWN,3,3,10,October,2021,1,Sunday,7,7:00am-7:59am,39,39,1,This section IS ON the NHS,2,Urban,1,Interstate,1,State Highway Agency,1,Interstate,I-95,,536,536,40.12492222,40.12492222,-74.698986110,-74.698986110,0,No Special Jurisdiction,1,Rollover/Overturn,0,The First Harmful Event was Not a Collision with a Motor Vehicle in Transport,0,No,1,Non-Junction,1,Not an Intersection,0,None,,,8,Gore,6,Dark - Unknown Lighting,,,,,5,"Fog, Smog, Smoke",0,No,0000000,Not Applicable,7,7:00am-7:59am,41,41,8,8:00am-8:59am,11,11,88,"Not Applicable (Not Transported) ",88,Not Applicable (Not Transported),,,,,,,1,
2021,34,340514,New Jersey,1,1,0,1,1,2,2,31,PASSAIC (31),2510,PATERSON,15,15,9,September,2021,4,Wednesday,20,8:00pm-8:59pm,3,3,0,This section IS NOT on the NHS,2,Urban,4,Minor Arterial,2,County Highway Agency,4,County Road,CR-647 STRAIGHT ST,,20,20,40.91576389,40.91576389,-74.166277780,-74.166277780,0,No Special Jurisdiction,8,Pedestrian,0,The First Harmful Event was Not a Collision with a Motor Vehicle in Transport,0,No,1,Non-Junction,1,Not an Intersection,0,None,,,1,On Roadway,3,Dark - Lighted,,,,,1,Clear,0,No,0000000,Not Applicable,20,8:00pm-8:59pm,7,7,20,8:00pm-8:59pm,11,11,20,8:00pm-8:59pm,29,29,,,,,,,1,
2021,34,340515,New Jersey,1,1,0,0,0,1,1,5,BURLINGTON (5),3325,TABERNACLE,12,12,9,September,2021,1,Sunday,16,4:00pm-4:59pm,3,3,0,This section IS NOT on the NHS,1,Rural,5,Major Collector,2,County Highway Agency,4,County Road,CR-532 CHATSWORTH RD,,72,72,39.83899167,39.83899167,-74.664766670,-74.664766670,0,No Special Jurisdiction,31,"Post, Pole or Other Supports",0,The First Harmful Event was Not a Collision with a Motor Vehicle in Transport,0,No,1,Non-Junction,1,Not an Intersection,0,None,,,4,On Roadside,1,Daylight,,,,,1,Clear,0,No,0000000,Not Applicable,16,4:00pm-4:59pm,3,3,16,4:00pm-4:59pm,9,9,16,4:00pm-4:59pm,28,28,,,,,,,1,
2021,34,340516,New Jersey,1,1,0,1,1,1,1,7,CAMDEN (7),598,CHERRY HILL,25,25,11,November,2021,5,Thursday,19,7:00pm-7:59pm,10,10,1,This section IS ON the NHS,2,Urban,3,Principal Arterial - Other,1,State Highway Agency,3,State Highway,SR-70,,20,20,39.92092500,39.92092500,-75.037383330,-75.037383330,0,No Special Jurisdiction,8,Pedestrian,0,The First Harmful Event was Not a Collision with a Motor Vehicle in Transport,0,No,1,Non-Junction,1,Not an Intersection,0,None,,,1,On Roadway,6,Dark - Unknown Lighting,,,,,2,Rain,0,No,0000000,Not Applicable,11,11:00am-11:59am,37,37,11,11:00am-11:59am,43,43,88,"Not Applicable (Not Transported) ",88,Not Applicable (Not Transported),,,,,,,1,
2021,34,340517,New Jersey,1,1,0,0,0,2,2,29,OCEAN (29),145,BARNEGAT,25,25,9,September,2021,7,Saturday,14,2:00pm-2:59pm,46,46,1,This section IS ON the NHS,2,Urban,2,Principal Arterial - Other Freeways and Expressways,31,State Toll Road,8,Other,GSP 444,,672,672,39.75135278,39.75135278,-74.254186110,-74.254186110,0,No Special Jurisdiction,31,"Post, Pole or Other Supports",0,The First Harmful Event was Not a Collision with a Motor Vehicle in Transport,0,No,1,Non-Junction,1,Not an Intersection,0,None,,,4,On Roadside,1,Daylight,,,,,1,Clear,0,No,0000000,Not Applicable,14,2:00pm-2:59pm,31,31,14,2:00pm-2:59pm,50,50,15,3:00pm-3:59pm,20,20,,,,,,,1,
2021,34,340521,New Jersey,1,1,0,1,1,1,1,15,GLOUCESTER (15),1814,MANTUA,27,27,9,September,2021,2,Monday,16,4:00pm-4:59pm,2,2,0,This section IS NOT on the NHS,2,Urban,4,Minor Arterial,2,County Highway Agency,4,County Road,CR-678 MT ROYAL RD,,63,63,39.76788889,39.76788889,-75.166408330,-75.166408330,0,No Special Jurisdiction,8,Pedestrian,0,The First Harmful Event was Not a Collision with a Motor Vehicle in Transport,0,No,1,Non-Junction,1,Not an Intersection,0,None,,,1,On Roadway,1,Daylight,,,,,1,Clear,0,No,0000000,Not Applicable,16,4:00pm-4:59pm,7,7,16,4:00pm-4:59pm,9,9,88,"Not Applicable (Not Transported) ",88,Not Applicable (Not Transported),,,,,,,1,
2021,34,340522,New Jersey,2,2,0,0,0,3,3,15,GLOUCESTER (15),1814,MANTUA,10,10,10,October,2021,1,Sunday,12,12:00pm-12:59pm,23,23,0,This section IS NOT on the NHS,2,Urban,6,Minor Collector,2,County Highway Agency,4,County Road,CR-609 BARNSBORO RD,HEILIG RD,60,60,39.73461944,39.73461944,-75.164247220,-75.164247220,0,No Special Jurisdiction,12,Motor Vehicle In-Transport,6,Angle,0,No,2,Intersection,3,T-Intersection,0,None,,,1,On Roadway,1,Daylight,,,,,1,Clear,0,No,0000000,Not Applicable,12,12:00pm-12:59pm,26,26,12,12:00pm-12:59pm,29,29,13,1:00pm-1:59pm,0,0,,,,,,,1,
2021,34,340523,New Jersey,2,2,0,0,0,3,3,21,MERCER (21),3380,TRENTON,7,7,9,September,2021,3,Tuesday,0,0:00am-0:59am,37,37,0,This section IS NOT on the NHS,2,Urban,7,Local,4,City or Municipal Highway Agency,6,Local Street - Municipality,PASSAIC ST,,0,None,40.22329722,40.22329722,-74.770005560,-74.770005560,0,No Special Jurisdiction,12,Motor Vehicle In-Transport,7,Sideswipe - Same Direction,0,No,1,Non-Junction,1,Not an Intersection,0,None,,,1,On Roadway,3,Dark - Lighted,,,,,1,Clear,0,No,0000000,Not Applicable,0,0:00am-0:59am,39,39,0,0:00am-0:59am,41,41,0,0:00am-0:59am,50,50,,,,,,,2,
2021,34,340524,New Jersey,1,1,0,1,1,2,2,27,MORRIS (27),750,DOVER,23,23,10,October,2021,7,Saturday,18,6:00pm-6:59pm,55,55,0,This section IS NOT on the NHS,2,Urban,4,Minor Arterial,2,County Highway Agency,4,County Road,CR-513 E BLACKWELL ST,S SALEM ST,419,419,40.88530833,40.88530833,-74.547052780,-74.547052780,0,No Special Jurisdiction,8,Pedestrian,0,The First Harmful Event was Not a Collision with a Motor Vehicle in Transport,0,No,3,Intersection-Related,3,T-Intersection,0,None,,,1,On Roadway,2,Dark - Not Lighted,,,,,1,Clear,0,No,0000000,Not Applicable,19,7:00pm-7:59pm,2,2,19,7:00pm-7:59pm,9,9,19,7:00pm-7:59pm,40,40,,,,,,,1,
2021,34,340525,New Jersey,1,1,0,1,1,1,1,3,BERGEN (3),3350,TETERBORO,16,16,11,November,2021,3,Tuesday,17,5:00pm-5:59pm,21,21,1,This section IS ON the NHS,2,Urban,3,Principal Arterial - Other,1,State Highway Agency,2,U.S. Highway,US-46,,689,689,40.85787778,40.85787778,-74.052177780,-74.052177780,0,No Special Jurisdiction,8,Pedestrian,0,The First Harmful Event was Not a Collision with a Motor Vehicle in Transport,0,No,1,Non-Junction,1,Not an Intersection,0,None,,,1,On Roadway,2,Dark - Not Lighted,,,,,1,Clear,0,No,0000000,Not Applicable,17,5:00pm-5:59pm,24,24,17,5:00pm-5:59pm,29,29,17,5:00pm-5:59pm,51,51,,,,,,,1,
2021,34,340526,New Jersey,2,2,0,0,0,2,2,5,BURLINGTON (5),3149,SOUTHAMPTON,30,30,9,September,2021,5,Thursday,9,9:00am-9:59am,0,0,0,This section IS NOT on the NHS,1,Rural,4,Minor Arterial,2,County Highway Agency,4,County Road,CR-644 MAGNOLIA RD,,12,12,39.90338333,39.90338333,-74.605488890,-74.605488890,0,No Special Jurisdiction,12,Motor Vehicle In-Transport,2,Front-to-Front,0,No,1,Non-Junction,1,Not an Intersection,0,None,,,1,On Roadway,1,Daylight,,,,,1,Clear,0,No,0000000,Not Applicable,8,8:00am-8:59am,45,45,8,8:00am-8:59am,50,50,9,9:00am-9:59am,32,32,,,,,,,1,
2021,34,340527,New Jersey,1,1,0,1,1,1,1,3,BERGEN (3),3350,TETERBORO,29,29,11,November,2021,2,Monday,15,3:00pm-3:59pm,32,32,1,This section IS ON the NHS,2,Urban,3,Principal Arterial - Other,1,State Highway Agency,2,U.S. Highway,US-46,,685,685,40.86243611,40.86243611,-74.059822220,-74.059822220,0,No Special Jurisdiction,8,Pedestrian,0,The First Harmful Event was Not a Collision with a Motor Vehicle in Transport,0,No,1,Non-Junction,1,Not an Intersection,0,None,,,1,On Roadway,1,Daylight,,,,,1,Clear,0,No,0000000,Not Applicable,15,3:00pm-3:59pm,35,35,15,3:00pm-3:59pm,44,44,88,"Not Applicable (Not Transported) ",88,Not Applicable (Not Transported),,,,,,,1,
2021,34,340528,New Jersey,1,1,0,1,1,1,1,25,MONMOUTH (25),3475,WALL TOWNSHIP,26,26,11,November,2021,6,Friday,19,7:00pm-7:59pm,9,9,1,This section IS ON the NHS,2,Urban,1,Interstate,1,State Highway Agency,1,Interstate,I-195,,334,334,40.17008611,40.17008611,-74.121186110,-74.121186110,0,No Special Jurisdiction,8,Pedestrian,0,The First Harmful Event was Not a Collision with a Motor Vehicle in Transport,0,No,1,Non-Junction,1,Not an Intersection,0,None,,,1,On Roadway,2,Dark - Not Lighted,,,,,1,Clear,0,No,0000000,Not Applicable,19,7:00pm-7:59pm,14,14,19,7:00pm-7:59pm,23,23,88,"Not Applicable (Not Transported) ",88,Not Applicable (Not Transported),,,,,,,1,
2021,34,340529,New Jersey,2,2,0,0,0,3,3,25,MONMOUTH (25),1925,MIDDLETOWN,29,29,6,June,2021,3,Tuesday,13,1:00pm-1:59pm,27,27,0,This section IS NOT on the NHS,2,Urban,7,Local,4,City or Municipal Highway Agency,6,Local Street - Municipality,CENTER AVE,THOMPSON AVE,0,None,40.41875833,40.41875833,-74.058802780,-74.058802780,0,No Special Jurisdiction,12,Motor Vehicle In-Transport,6,Angle,0,No,2,Intersection,2,Four-Way Intersection,0,None,,,1,On Roadway,1,Daylight,,,,,1,Clear,0,No,0000000,Not Applicable,13,1:00pm-1:59pm,29,29,13,1:00pm-1:59pm,47,47,14,2:00pm-2:59pm,15,15,,,,,,,1,
2021,34,340530,New Jersey,1,1,0,1,1,1,1,15,GLOUCESTER (15),0,NOT APPLICABLE,28,28,11,November,2021,1,Sunday,22,10:00pm-10:59pm,32,32,1,This section IS ON the NHS,2,Urban,3,Principal Arterial - Other,1,State Highway Agency,3,State Highway,SR-42 BLACK HORSE PIKE,CR-639 GANTTOWN RD,53,53,39.75284722,39.75284722,-75.046363890,-75.046363890,0,No Special Jurisdiction,8,Pedestrian,0,The First Harmful Event was Not a Collision with a Motor Vehicle in Transport,0,No,3,Intersection-Related,2,Four-Way Intersection,0,None,,,1,On Roadway,2,Dark - Not Lighted,,,,,1,Clear,0,No,0000000,Not Applicable,22,10:00pm-10:59pm,33,33,22,10:00pm-10:59pm,40,40,88,"Not Applicable (Not Transported) ",88,Not Applicable (Not Transported),,,,,,,1,
2021,34,340531,New Jersey,1,1,0,1,1,1,1,17,HUDSON (17),1520,JERSEY CITY,17,17,11,November,2021,4,Wednesday,19,7:00pm-7:59pm,26,26,1,This section IS ON the NHS,2,Urban,3,Principal Arterial - Other,2,County Highway Agency,4,County Road,CR-501 JOHN F KENNEDY BLVD,,294,294,40.72046944,40.72046944,-74.076986110,-74.076986110,0,No Special Jurisdiction,8,Pedestrian,0,The First Harmful Event was Not a Collision with a Motor Vehicle in Transport,0,No,1,Non-Junction,1,Not an Intersection,0,None,,,1,On Roadway,3,Dark - Lighted,,,,,1,Clear,0,No,0000000,Not Applicable,19,7:00pm-7:59pm,24,24,19,7:00pm-7:59pm,26,26,19,7:00pm-7:59pm,50,50,,,,,,,1,
2021,34,340532,New Jersey,1,1,0,1,1,1,1,3,BERGEN (3),890,ENGLEWOOD,23,23,11,November,2021,3,Tuesday,11,11:00am-11:59am,48,48,0,This section IS NOT on the NHS,2,Urban,7,Local,4,City or Municipal Highway Agency,5,Local Street - Township,NATHANIEL PLACE,WEST PALISADE AVE,0,None,40.89495556,40.89495556,-73.976038890,-73.976038890,0,No Special Jurisdiction,8,Pedestrian,0,The First Harmful Event was Not a Collision with a Motor Vehicle in Transport,0,No,3,Intersection-Related,3,T-Intersection,0,None,,,1,On Roadway,1,Daylight,,,,,1,Clear,0,No,0000000,Not Applicable,11,11:00am-11:59am,50,50,11,11:00am-11:59am,50,50,12,12:00pm-12:59pm,14,14,,,,,,,1,
2021,34,340533,New Jersey,1,1,0,1,1,2,2,23,MIDDLESEX (23),3144,SOUTH BRUNSWICK,8,8,11,November,2021,2,Monday,8,8:00am-8:59am,11,11,0,This section IS NOT on the NHS,2,Urban,4,Minor Arterial,4,City or Municipal Highway Agency,6,Local Street - Municipality,NEW RD,,0,None,40.40640000,40.40640000,-74.567825000,-74.567825000,0,No Special Jurisdiction,8,Pedestrian,0,The First Harmful Event was Not a Collision with a Motor Vehicle in Transport,0,No,1,Non-Junction,1,Not an Intersection,0,None,,,1,On Roadway,1,Daylight,,,,,1,Clear,0,No,0000000,Not Applicable,8,8:00am-8:59am,11,11,8,8:00am-8:59am,14,14,8,8:00am-8:59am,54,54,,,,,,,1,
2021,34,340534,New Jersey,2,2,0,1,1,2,2,5,BURLINGTON (5),3691,WILLINGBORO,26,26,11,November,2021,6,Friday,20,8:00pm-8:59pm,29,29,1,This section IS ON the NHS,2,Urban,3,Principal Arterial - Other,1,State Highway Agency,2,U.S. Highway,US-130,PENNYPACKER DRIVE,427,427,40.04382778,40.04382778,-74.907675000,-74.907675000,0,No Special Jurisdiction,12,Motor Vehicle In-Transport,1,Front-to-Rear,0,No,3,Intersection-Related,3,T-Intersection,0,None,,,1,On Roadway,6,Dark - Unknown Lighting,,,,,1,Clear,0,No,0000000,Not Applicable,99,Unknown,99,Unknown,99,Unknown EMS Scene Arrival Hour,99,Unknown EMS Scene Arrival Minutes,88,"Not Applicable (Not Transported) ",88,Not Applicable (Not Transported),,,,,,,1,
2021,34,340535,New Jersey,1,1,0,0,0,1,1,29,OCEAN (29),1505,CASSVILLE,6,6,11,November,2021,7,Saturday,18,6:00pm-6:59pm,12,12,0,This section IS NOT on the NHS,2,Urban,5,Major Collector,2,County Highway Agency,4,County Road,CR-638 JACKSON MILLS RD,,59,59,40.15712778,40.15712778,-74.307897220,-74.307897220,0,No Special Jurisdiction,24,Guardrail Face,0,The First Harmful Event was Not a Collision with a Motor Vehicle in Transport,0,No,1,Non-Junction,1,Not an Intersection,0,None,,,4,On Roadside,3,Dark - Lighted,,,,,1,Clear,0,No,0000000,Not Applicable,19,7:00pm-7:59pm,15,15,19,7:00pm-7:59pm,21,21,20,8:00pm-8:59pm,24,24,,,,,,,1,
2021,34,340536,New Jersey,1,1,0,1,1,1,1,7,CAMDEN (7),1190,GLOUCESTER CITY,19,19,11,November,2021,6,Friday,16,4:00pm-4:59pm,14,14,0,This section IS NOT on the NHS,2,Urban,5,Major Collector,4,City or Municipal Highway Agency,6,Local Street - Municipality,JOHNSON BLVD,SOMERSET ST,0,None,39.89286667,39.89286667,-75.114755560,-75.114755560,0,No Special Jurisdiction,8,Pedestrian,0,The First Harmful Event was Not a Collision with a Motor Vehicle in Transport,0,No,2,Intersection,4,Y-Intersection,0,None,,,1,On Roadway,1,Daylight,,,,,1,Clear,0,No,0000000,Not Applicable,7,7:00am-7:59am,27,27,7,7:00am-7:59am,31,31,7,7:00am-7:59am,52,52,,,,,,,1,
2021,34,340537,New Jersey,2,1,1,0,1,2,3,7,CAMDEN (7),0,NOT APPLICABLE,8,8,9,September,2021,4,Wednesday,13,1:00pm-1:59pm,46,46,1,This section IS ON the NHS,2,Urban,3,Principal Arterial - Other,2,County Highway Agency,4,County Road,CR-689 BERLIN CROSSKEYS RD,,35,35,39.76251111,39.76251111,-74.973858330,-74.973858330,0,No Special Jurisdiction,45,"Working Motor Vehicle ",0,The First Harmful Event was Not a Collision with a Motor Vehicle in Transport,0,No,1,Non-Junction,1,Not an Intersection,1,Construction,,,4,On Roadside,1,Daylight,,,,,1,Clear,0,No,0000000,Not Applicable,99,Unknown,99,Unknown,99,Unknown EMS Scene Arrival Hour,99,Unknown EMS Scene Arrival Minutes,99,Unknown,99,Unknown EMS Hospital Arrival Time,,,,,,,2,
2021,34,340538,New Jersey,1,1,0,1,1,2,2,3,BERGEN (3),960,FAIRVIEW,29,29,11,November,2021,2,Monday,17,5:00pm-5:59pm,11,11,1,This section IS ON the NHS,2,Urban,3,Principal Arterial - Other,1,State Highway Agency,2,U.S. Highway,US-1 BROAD AVE,FAIRVIEW AVE,610,610,40.82074167,40.82074167,-74.008113890,-74.008113890,0,No Special Jurisdiction,8,Pedestrian,0,The First Harmful Event was Not a Collision with a Motor Vehicle in Transport,0,No,3,Intersection-Related,2,Four-Way Intersection,0,None,,,1,On Roadway,3,Dark - Lighted,,,,,1,Clear,0,No,0000000,Not Applicable,17,5:00pm-5:59pm,16,16,17,5:00pm-5:59pm,34,34,17,5:00pm-5:59pm,52,52,,,,,,,1,
2021,34,340539,New Jersey,1,1,0,1,1,1,1,27,MORRIS (27),360,BOONTON,9,9,11,November,2021,3,Tuesday,12,12:00pm-12:59pm,40,40,0,This section IS NOT on the NHS,2,Urban,5,Major Collector,4,City or Municipal Highway Agency,6,Local Street - Municipality,FANNY RD,CR-618 BOULEVARD,0,None,40.90390556,40.90390556,-74.425536110,-74.425536110,0,No Special Jurisdiction,9,Pedalcyclist,0,The First Harmful Event was Not a Collision with a Motor Vehicle in Transport,0,No,2,Intersection,7,"Five Point, or More",0,None,,,1,On Roadway,1,Daylight,,,,,1,Clear,0,No,0000000,Not Applicable,12,12:00pm-12:59pm,41,41,12,12:00pm-12:59pm,52,52,13,1:00pm-1:59pm,31,31,,,,,,,1,