caseyear,state,st_case,statename,ve_total,ve_forms,pvh_invl,peds,pernotmvit,permvit,persons,county,countyname,city,cityname,day,dayname,month,monthname,year,day_week,day_weekname,hour,hourname,minute,minutename,nhs,nhsname,rur_urb,rur_urbname,func_sys,func_sysname,rd_owner,rd_ownername,route,routename,tway_id,tway_id2,milept,mileptname,latitude,latitudename,longitud,longitudname,sp_jur,sp_jurname,harm_ev,harm_evname,man_coll,man_collname,reljct1,reljct1name,reljct2,reljct2name,typ_int,typ_intname,wrk_zone,wrk_zonename,road_fnc,road_fncname,rel_road,rel_roadname,lgt_cond,lgt_condname,weather1,weather1name,weather2,weather2name,weather,weathername,sch_bus,sch_busname,rail,railname,not_hour,not_hourname,not_min,not_minname,arr_hour,arr_hourname,arr_min,arr_minname,hosp_hr,hosp_hrname,hosp_mn,hosp_mnname,cf1,cf1name,cf2,cf2name,cf3,cf3name,fatals,drunk_dr
2021,34,340540,New Jersey,2,2,0,0,0,2,2,25,MONMOUTH (25),1465,HOWELL,19,19,9,September,2021,1,Sunday,11,11:00am-11:59am,3,3,0,This section IS NOT on the NHS,2,Urban,5,Major Collector,2,County Highway Agency,4,County Road,CR-547 ASBURY RD,,182,182,40.20344444,40.20344444,-74.161013890,-74.161013890,0,No Special Jurisdiction,12,Motor Vehicle In-Transport,6,Angle,0,No,8,Driveway Access Related,1,Not an Intersection,0,None,,,1,On Roadway,1,Daylight,,,,,1,Clear,0,No,0000000,Not Applicable,11,11:00am-11:59am,7,7,11,11:00am-11:59am,18,18,11,11:00am-11:59am,56,56,,,,,,,1,
2021,34,340541,New Jersey,1,1,0,1,1,1,1,9,CAPE MAY (9),2370,OCEAN CITY,13,13,11,November,2021,7,Saturday,10,10:00am-10:59am,55,55,0,This section IS NOT on the NHS,2,Urban,7,Local,4,City or Municipal Highway Agency,6,Local Street - Municipality,WEST INLET RD,,0,None,39.29126111,39.29126111,-74.562275000,-74.562275000,0,No Special Jurisdiction,9,Pedalcyclist,0,The First Harmful Event was Not a Collision with a Motor Vehicle in Transport,0,No,4,Driveway Access,1,Not an Intersection,0,None,,,1,On Roadway,1,Daylight,,,,,10,Cloudy,0,No,0000000,Not Applicable,10,10:00am-10:59am,58,58,10,10:00am-10:59am,59,59,11,11:00am-11:59am,24,24,,,,,,,1,
2021,34,340542,New Jersey,2,2,0,0,0,3,3,3,BERGEN (3),840,EDGEWATER,8,8,9,September,2021,4,Wednesday,13,1:00pm-1:59pm,54,54,1,This section IS ON the NHS,2,Urban,3,Principal Arterial - Other,2,County Highway Agency,4,County Road,CR-505 RIVER RD,INDEPENDENCE WAY,41,41,40.81058611,40.81058611,-73.988463890,-73.988463890,0,No Special Jurisdiction,12,Motor Vehicle In-Transport,6,Angle,0,No,2,Intersection,3,T-Intersection,0,None,,,1,On Roadway,1,Daylight,,,,,1,Clear,0,No,0000000,Not Applicable,13,1:00pm-1:59pm,58,58,14,2:00pm-2:59pm,8,8,14,2:00pm-2:59pm,34,34,,,,,,,1,
2021,34,340543,New Jersey,1,1,0,1,1,2,2,37,SUSSEX (37),1260,HAMBURG,29,29,11,November,2021,2,Monday,6,6:00am-6:59am,18,18,1,This section IS ON the NHS,2,Urban,3,Principal Arterial - Other,1,State Highway Agency,3,State Highway,"SR-23 ",,346,346,41.14188333,41.14188333,-74.572230560,-74.572230560,0,No Special Jurisdiction,8,Pedestrian,0,The First Harmful Event was Not a Collision with a Motor Vehicle in Transport,0,No,1,Non-Junction,1,Not an Intersection,0,None,,,1,On Roadway,3,Dark - Lighted,,,,,1,Clear,0,No,0000000,Not Applicable,6,6:00am-6:59am,22,22,6,6:00am-6:59am,32,32,7,7:00am-7:59am,35,35,,,,,,,1,
2021,34,340544,New Jersey,1,1,0,1,1,1,1,23,MIDDLESEX (23),3144,SOUTH BRUNSWICK,11,11,11,November,2021,5,Thursday,5,5:00am-5:59am,55,55,1,This section IS ON the NHS,2,Urban,3,Principal Arterial - Other,1,State Highway Agency,2,U.S. Highway,US-1,,158,158,40.37946944,40.37946944,-74.579766670,-74.579766670,0,No Special Jurisdiction,8,Pedestrian,0,The First Harmful Event was Not a Collision with a Motor Vehicle in Transport,0,No,1,Non-Junction,1,Not an Intersection,0,None,,,1,On Roadway,6,Dark - Unknown Lighting,,,,,1,Clear,0,No,0000000,Not Applicable,6,6:00am-6:59am,4,4,6,6:00am-6:59am,9,9,88,"Not Applicable (Not Transported) ",88,Not Applicable (Not Transported),,,,,,,1,
2021,34,340545,New Jersey,1,1,0,1,1,1,1,1,ATLANTIC (1),2230,NORTHFIELD,1,1,11,November,2021,2,Monday,21,9:00pm-9:59pm,8,8,1,This section IS ON the NHS,2,Urban,3,Principal Arterial - Other,1,State Highway Agency,2,U.S. Highway,US-9,,381,381,39.37378611,39.37378611,-74.554916670,-74.554916670,0,No Special Jurisdiction,8,Pedestrian,0,The First Harmful Event was Not a Collision with a Motor Vehicle in Transport,0,No,1,Non-Junction,1,Not an Intersection,0,None,,,1,On Roadway,6,Dark - Unknown Lighting,,,,,1,Clear,0,No,0000000,Not Applicable,99,Unknown,99,Unknown,99,Unknown EMS Scene Arrival Hour,99,Unknown EMS Scene Arrival Minutes,88,"Not Applicable (Not Transported) ",88,Not Applicable (Not Transported),,,,,,,1,
2021,34,340546,New Jersey,1,1,0,1,1,2,2,1,ATLANTIC (1),2640,PLEASANTVILLE,7,7,11,November,2021,1,Sunday,19,7:00pm-7:59pm,54,54,1,This section IS ON the NHS,2,Urban,3,Principal Arterial - Other,1,State Highway Agency,2,U.S. Highway,US-40,,585,585,39.39474722,39.39474722,-74.542294440,-74.542294440,0,No Special Jurisdiction,8,Pedestrian,0,The First Harmful Event was Not a Collision with a Motor Vehicle in Transport,0,No,1,Non-Junction,1,Not an Intersection,0,None,,,1,On Roadway,3,Dark - Lighted,,,,,1,Clear,0,No,0000000,Not Applicable,19,7:00pm-7:59pm,55,55,19,7:00pm-7:59pm,59,59,20,8:00pm-8:59pm,26,26,,,,,,,1,
2021,34,340547,New Jersey,2,2,0,0,0,7,7,23,MIDDLESEX (23),2208,NORTH BRUNSWICK,10,10,9,September,2021,6,Friday,22,10:00pm-10:59pm,50,50,0,This section IS NOT on the NHS,2,Urban,4,Minor Arterial,1,State Highway Agency,3,State Highway,SR-171,LAUREL PLACE,3,3,40.46823889,40.46823889,-74.452852780,-74.452852780,0,No Special Jurisdiction,12,Motor Vehicle In-Transport,6,Angle,0,No,2,Intersection,3,T-Intersection,0,None,,,1,On Roadway,6,Dark - Unknown Lighting,,,,,1,Clear,0,No,0000000,Not Applicable,22,10:00pm-10:59pm,59,59,23,11:00pm-11:59pm,13,13,23,11:00pm-11:59pm,33,33,,,,,,,1,
2021,34,340548,New Jersey,2,2,0,0,0,4,4,23,MIDDLESEX (23),2140,NEW BRUNSWICK,19,19,9,September,2021,1,Sunday,6,6:00am-6:59am,33,33,0,This section IS NOT on the NHS,2,Urban,4,Minor Arterial,1,State Highway Agency,3,State Highway,SR-91,TRIANGLE RD,18,18,40.47465000,40.47465000,-74.474286110,-74.474286110,0,No Special Jurisdiction,12,Motor Vehicle In-Transport,6,Angle,0,No,2,Intersection,3,T-Intersection,0,None,,,1,On Roadway,1,Daylight,,,,,1,Clear,0,No,0000000,Not Applicable,6,6:00am-6:59am,37,37,6,6:00am-6:59am,44,44,7,7:00am-7:59am,10,10,,,,,,,1,
2021,34,340549,New Jersey,2,2,0,0,0,2,2,25,MONMOUTH (25),1352,HAZLET TOWNSHIP,22,22,9,September,2021,4,Wednesday,16,4:00pm-4:59pm,17,17,0,This section IS NOT on the NHS,2,Urban,98,Not Reported,1,State Highway Agency,8,Other,RAMP,,0,None,40.43711389,40.43711389,-74.139547220,-74.139547220,0,No Special Jurisdiction,12,Motor Vehicle In-Transport,7,Sideswipe - Same Direction,0,No,1,Non-Junction,1,Not an Intersection,0,None,,,1,On Roadway,1,Daylight,,,,,1,Clear,0,No,0000000,Not Applicable,99,Unknown,99,Unknown,99,Unknown EMS Scene Arrival Hour,99,Unknown EMS Scene Arrival Minutes,99,Unknown,99,Unknown EMS Hospital Arrival Time,,,,,,,1,
2021,34,340550,New Jersey,3,3,0,0,0,3,3,3,BERGEN (3),3335,TEANECK,1,1,11,November,2021,2,Monday,5,5:00am-5:59am,19,19,1,This section IS ON the NHS,2,Urban,2,Principal Arterial - Other Freeways and Expressways,1,State Highway Agency,3,State Highway,SR-4,,73,73,40.89203611,40.89203611,-74.008177780,-74.008177780,0,No Special Jurisdiction,11,Live Animal,0,The First Harmful Event was Not a Collision with a Motor Vehicle in Transport,0,No,1,Non-Junction,1,Not an Intersection,0,None,,,1,On Roadway,3,Dark - Lighted,,,,,1,Clear,0,No,0000000,Not Applicable,5,5:00am-5:59am,38,38,5,5:00am-5:59am,48,48,99,Unknown,99,Unknown EMS Hospital Arrival Time,,,,,,,1,
2021,34,340551,New Jersey,1,1,0,1,1,2,2,13,ESSEX (13),320,BLOOMFIELD,1,1,11,November,2021,2,Monday,4,4:00am-4:59am,24,24,1,This section IS ON the NHS,2,Urban,2,Principal Arterial - Other Freeways and Expressways,31,State Toll Road,8,Other,444-GARDEN STATE PKWY,,1511,1511,40.81002500,40.81002500,-74.180686110,-74.180686110,0,No Special Jurisdiction,8,Pedestrian,0,The First Harmful Event was Not a Collision with a Motor Vehicle in Transport,0,No,1,Non-Junction,1,Not an Intersection,0,None,,,2,On Shoulder,2,Dark - Not Lighted,,,,,1,Clear,0,No,0000000,Not Applicable,4,4:00am-4:59am,56,56,5,5:00am-5:59am,6,6,88,"Not Applicable (Not Transported) ",88,Not Applicable (Not Transported),,,,,,,1,
2021,34,340552,New Jersey,2,2,0,0,0,2,2,5,BURLINGTON (5),2081,MT LAUREL,2,2,11,November,2021,3,Tuesday,1,1:00am-1:59am,3,3,1,This section IS ON the NHS,2,Urban,2,Principal Arterial - Other Freeways and Expressways,31,State Toll Road,1,Interstate,I-95,,126,126,39.97826944,39.97826944,-74.895347220,-74.895347220,0,No Special Jurisdiction,12,Motor Vehicle In-Transport,1,Front-to-Rear,0,No,1,Non-Junction,1,Not an Intersection,0,None,,,1,On Roadway,2,Dark - Not Lighted,,,,,1,Clear,0,No,0000000,Not Applicable,0,0:00am-0:59am,49,49,1,1:00am-1:59am,4,4,1,1:00am-1:59am,53,53,,,,,,,1,
2021,34,340553,New Jersey,1,1,0,1,1,1,1,17,HUDSON (17),1520,JERSEY CITY,3,3,11,November,2021,4,Wednesday,21,9:00pm-9:59pm,36,36,1,This section IS ON the NHS,2,Urban,3,Principal Arterial - Other,1,State Highway Agency,3,State Highway,SR-440,,260,260,40.72263333,40.72263333,-74.091261110,-74.091261110,0,No Special Jurisdiction,8,Pedestrian,0,The First Harmful Event was Not a Collision with a Motor Vehicle in Transport,0,No,1,Non-Junction,1,Not an Intersection,0,None,,,1,On Roadway,3,Dark - Lighted,,,,,1,Clear,0,No,0000000,Not Applicable,21,9:00pm-9:59pm,38,38,21,9:00pm-9:59pm,45,45,22,10:00pm-10:59pm,9,9,,,,,,,1,
2021,34,340554,New Jersey,2,2,0,0,0,2,2,39,UNION (39),860,ELIZABETH,2,2,11,November,2021,3,Tuesday,16,4:00pm-4:59pm,44,44,0,This section IS NOT on the NHS,2,Urban,4,Minor Arterial,4,City or Municipal Highway Agency,6,Local Street - Municipality,TRUMBULL ST,,17,17,40.65661667,40.65661667,-74.181894440,-74.181894440,0,No Special Jurisdiction,12,Motor Vehicle In-Transport,6,Angle,0,No,1,Non-Junction,1,Not an Intersection,0,None,,,1,On Roadway,1,Daylight,,,,,4,Snow,0,No,0000000,Not Applicable,16,4:00pm-4:59pm,48,48,16,4:00pm-4:59pm,50,50,17,5:00pm-5:59pm,14,14,,,,,,,1,
2021,34,340555,New Jersey,1,1,0,0,0,1,1,1,ATLANTIC (1),2700,PORT REPUBLIC,6,6,11,November,2021,7,Saturday,0,0:00am-0:59am,38,38,1,This section IS ON the NHS,1,Rural,2,Principal Arterial - Other Freeways and Expressways,31,State Toll Road,8,Other,444- GARDEN STATE PKWY,,458,458,39.52598611,39.52598611,-74.504872220,-74.504872220,0,No Special Jurisdiction,59,"Traffic Sign Support ",0,The First Harmful Event was Not a Collision with a Motor Vehicle in Transport,0,No,1,Non-Junction,1,Not an Intersection,0,None,,,4,On Roadside,2,Dark - Not Lighted,,,,,1,Clear,0,No,0000000,Not Applicable,99,Unknown,99,Unknown,99,Unknown EMS Scene Arrival Hour,99,Unknown EMS Scene Arrival Minutes,88,"Not Applicable (Not Transported) ",88,Not Applicable (Not Transported),,,,,,,1,
2021,34,340556,New Jersey,2,2,0,0,0,3,3,23,MIDDLESEX (23),3705,WOODBRIDGE,6,6,11,November,2021,7,Saturday,15,3:00pm-3:59pm,10,10,1,This section IS ON the NHS,2,Urban,2,Principal Arterial - Other Freeways and Expressways,31,State Toll Road,8,Other,444-GARDEN STATE PKWY,,1318,1318,40.56860000,40.56860000,-74.326450000,-74.326450000,0,No Special Jurisdiction,12,Motor Vehicle In-Transport,7,Sideswipe - Same Direction,1,Yes,18,Through Roadway,1,Not an Intersection,0,None,,,1,On Roadway,1,Daylight,,,,,1,Clear,0,No,0000000,Not Applicable,15,3:00pm-3:59pm,13,13,15,3:00pm-3:59pm,22,22,16,4:00pm-4:59pm,17,17,,,,,,,1,
2021,34,340557,New Jersey,2,2,0,0,0,2,2,23,MIDDLESEX (23),3144,SOUTH BRUNSWICK,24,24,9,September,2021,6,Friday,19,7:00pm-7:59pm,16,16,1,This section IS ON the NHS,2,Urban,3,Principal Arterial - Other,1,State Highway Agency,2,U.S. Highway,US-130,DEANS RHODE HALL RD,780,780,40.40150278,40.40150278,-74.508383330,-74.508383330,0,No Special Jurisdiction,12,Motor Vehicle In-Transport,1,Front-to-Rear,0,No,3,Intersection-Related,2,Four-Way Intersection,0,None,,,1,On Roadway,5,Dusk,,,,,1,Clear,0,No,0000000,Not Applicable,99,Unknown,99,Unknown,99,Unknown EMS Scene Arrival Hour,99,Unknown EMS Scene Arrival Minutes,88,"Not Applicable (Not Transported) ",88,Not Applicable (Not Transported),,,,,,,1,
2021,34,340558,New Jersey,2,2,0,0,0,3,3,21,MERCER (21),2710,PRINCETON,7,7,11,November,2021,1,Sunday,13,1:00pm-1:59pm,9,9,1,This section IS ON the NHS,2,Urban,3,Principal Arterial - Other,1,State Highway Agency,3,State Highway,SR-27 PRINCETON KINGSTON RD,,19,19,40.36106944,40.36106944,-74.631572220,-74.631572220,0,No Special Jurisdiction,12,Motor Vehicle In-Transport,2,Front-to-Front,0,No,1,Non-Junction,1,Not an Intersection,0,None,,,1,On Roadway,1,Daylight,,,,,1,Clear,0,No,0000000,Not Applicable,13,1:00pm-1:59pm,13,13,13,1:00pm-1:59pm,15,15,13,1:00pm-1:59pm,43,43,,,,,,,2,
2021,34,340559,New Jersey,2,2,0,0,0,2,2,5,BURLINGTON (5),1805,MANSFIELD,9,9,11,November,2021,3,Tuesday,16,4:00pm-4:59pm,17,17,1,This section IS ON the NHS,2,Urban,3,Principal Arterial - Other,1,State Highway Agency,2,U.S. Highway,US-206,,323,323,40.09676944,40.09676944,-74.712166670,-74.712166670,0,No Special Jurisdiction,12,Motor Vehicle In-Transport,8,Sideswipe - Opposite Direction,0,No,1,Non-Junction,1,Not an Intersection,0,None,,,1,On Roadway,1,Daylight,,,,,1,Clear,0,No,0000000,Not Applicable,16,4:00pm-4:59pm,18,18,16,4:00pm-4:59pm,23,23,88,"Not Applicable (Not Transported) ",88,Not Applicable (Not Transported),,,,,,,1,
2021,34,340560,New Jersey,2,2,0,0,0,2,2,15,GLOUCESTER (15),1814,MANTUA,10,10,11,November,2021,4,Wednesday,8,8:00am-8:59am,34,34,1,This section IS ON the NHS,2,Urban,2,Principal Arterial - Other Freeways and Expressways,1,State Highway Agency,3,State Highway,SR-55,,538,538,39.75951667,39.75951667,-75.124802780,-75.124802780,0,No Special Jurisdiction,12,Motor Vehicle In-Transport,7,Sideswipe - Same Direction,0,No,1,Non-Junction,1,Not an Intersection,0,None,,,1,On Roadway,1,Daylight,,,,,1,Clear,0,No,0000000,Not Applicable,8,8:00am-8:59am,34,34,8,8:00am-8:59am,36,36,88,"Not Applicable (Not Transported) ",88,Not Applicable (Not Transported),,,,,,,1,
2021,34,340561,New Jersey,2,2,0,0,0,5,5,13,ESSEX (13),2130,NEWARK,9,9,11,November,2021,3,Tuesday,4,4:00am-4:59am,18,18,1,This section IS ON the NHS,2,Urban,3,Principal Arterial - Other,2,County Highway Agency,4,County Road,CR-508 CENTRAL AVE,1ST ST,101,101,40.74713889,40.74713889,-74.188752780,-74.188752780,0,No Special Jurisdiction,12,Motor Vehicle In-Transport,6,Angle,0,No,2,Intersection,2,Four-Way Intersection,0,None,,,1,On Roadway,3,Dark - Lighted,,,,,1,Clear,0,No,0000000,Not Applicable,4,4:00am-4:59am,21,21,4,4:00am-4:59am,23,23,4,4:00am-4:59am,41,41,,,,,,,1,
2021,34,340562,New Jersey,4,4,0,0,0,4,4,23,MIDDLESEX (23),844,EDISON,8,8,11,November,2021,2,Monday,9,9:00am-9:59am,45,45,1,This section IS ON the NHS,2,Urban,3,Principal Arterial - Other,1,State Highway Agency,2,U.S. Highway,US-1,PARSONAGE RD,313,313,40.54505556,40.54505556,-74.331108330,-74.331108330,0,No Special Jurisdiction,12,Motor Vehicle In-Transport,6,Angle,0,No,2,Intersection,2,Four-Way Intersection,0,None,,,1,On Roadway,1,Daylight,,,,,1,Clear,0,No,0000000,Not Applicable,9,9:00am-9:59am,47,47,9,9:00am-9:59am,51,51,10,10:00am-10:59am,47,47,,,,,,,1,
2021,34,340563,New Jersey,2,2,0,0,0,3,3,7,CAMDEN (7),3694,WINSLOW,13,13,11,November,2021,7,Saturday,7,7:00am-7:59am,28,28,0,This section IS NOT on the NHS,2,Urban,5,Major Collector,2,County Highway Agency,4,County Road,CR-726 HAY RD,CR-723 FLEMING PIKE,3,3,39.66225000,39.66225000,-74.863633330,-74.863633330,0,No Special Jurisdiction,12,Motor Vehicle In-Transport,6,Angle,0,No,2,Intersection,2,Four-Way Intersection,0,None,,,1,On Roadway,1,Daylight,,,,,1,Clear,0,No,0000000,Not Applicable,7,7:00am-7:59am,30,30,7,7:00am-7:59am,37,37,8,8:00am-8:59am,27,27,,,,,,,1,
2021,34,340564,New Jersey,2,2,0,1,1,4,4,15,GLOUCESTER (15),0,NOT APPLICABLE,12,12,11,November,2021,6,Friday,20,8:00pm-8:59pm,29,29,1,This section IS ON the NHS,2,Urban,3,Principal Arterial - Other,1,State Highway Agency,2,U.S. Highway,US-322 MULLICA HILL RD,,154,154,39.71760556,39.71760556,-75.148266670,-75.148266670,0,No Special Jurisdiction,8,Pedestrian,0,The First Harmful Event was Not a Collision with a Motor Vehicle in Transport,0,No,1,Non-Junction,1,Not an Intersection,0,None,,,1,On Roadway,2,Dark - Not Lighted,,,,,10,Cloudy,0,No,0000000,Not Applicable,20,8:00pm-8:59pm,31,31,20,8:00pm-8:59pm,39,39,88,"Not Applicable (Not Transported) ",88,Not Applicable (Not Transported),,,,,,,1,
2021,34,340565,New Jersey,4,4,0,0,0,5,5,25,MONMOUTH (25),1925,MIDDLETOWN,12,12,11,November,2021,6,Friday,5,5:00am-5:59am,35,35,1,This section IS ON the NHS,2,Urban,3,Principal Arterial - Other,1,State Highway Agency,3,State Highway,SR-36,,168,168,40.41656944,40.41656944,-74.069938890,-74.069938890,0,No Special Jurisdiction,12,Motor Vehicle In-Transport,1,Front-to-Rear,0,No,1,Non-Junction,1,Not an Intersection,0,None,,,1,On Roadway,3,Dark - Lighted,,,,,1,Clear,0,No,0000000,Not Applicable,99,Unknown,99,Unknown,99,Unknown EMS Scene Arrival Hour,99,Unknown EMS Scene Arrival Minutes,99,Unknown,99,Unknown EMS Hospital Arrival Time,,,,,,,1,
2021,34,340566,New Jersey,5,2,3,3,3,2,2,13,ESSEX (13),2130,NEWARK,17,17,11,November,2021,4,Wednesday,8,8:00am-8:59am,34,34,0,This section IS NOT on the NHS,2,Urban,5,Major Collector,4,City or Municipal Highway Agency,6,Local Street - Municipality,SUSSEX AVE,JAY ST,6,6,40.74767222,40.74767222,-74.182866670,-74.182866670,0,No Special Jurisdiction,12,Motor Vehicle In-Transport,6,Angle,0,No,2,Intersection,2,Four-Way Intersection,0,None,,,1,On Roadway,1,Daylight,,,,,1,Clear,0,No,0000000,Not Applicable,8,8:00am-8:59am,44,44,8,8:00am-8:59am,49,49,9,9:00am-9:59am,10,10,,,,,,,1,
2021,34,340567,New Jersey,1,1,0,1,1,1,1,13,ESSEX (13),2130,NEWARK,5,5,11,November,2021,6,Friday,10,10:00am-10:59am,29,29,0,This section IS NOT on the NHS,2,Urban,5,Major Collector,4,City or Municipal Highway Agency,6,Local Street - Municipality,WASHINGTON ST,MARKET ST,7,7,40.73650278,40.73650278,-74.174877780,-74.174877780,0,No Special Jurisdiction,15,Non-Motorist on Personal Conveyance,0,The First Harmful Event was Not a Collision with a Motor Vehicle in Transport,0,No,3,Intersection-Related,2,Four-Way Intersection,0,None,,,1,On Roadway,1,Daylight,,,,,1,Clear,0,No,0000000,Not Applicable,10,10:00am-10:59am,32,32,10,10:00am-10:59am,40,40,11,11:00am-11:59am,2,2,,,,,,,1,
2021,34,340568,New Jersey,1,1,0,1,1,1,1,7,CAMDEN (7),0,NOT APPLICABLE,18,18,11,November,2021,5,Thursday,15,3:00pm-3:59pm,24,24,1,This section IS ON the NHS,2,Urban,3,Principal Arterial - Other,2,County Highway Agency,4,County Road,CR-544 E EVESHAM RD,,77,77,39.86044444,39.86044444,-74.981630560,-74.981630560,0,No Special Jurisdiction,9,Pedalcyclist,0,The First Harmful Event was Not a Collision with a Motor Vehicle in Transport,0,No,1,Non-Junction,1,Not an Intersection,0,None,,,1,On Roadway,1,Daylight,,,,,1,Clear,0,No,0000000,Not Applicable,15,3:00pm-3:59pm,25,25,15,3:00pm-3:59pm,31,31,16,4:00pm-4:59pm,7,7,,,,,,,1,
2021,34,340569,New Jersey,1,1,0,0,0,3,3,29,OCEAN (29),1590,LAKEWOOD,20,20,11,November,2021,7,Saturday,22,10:00pm-10:59pm,17,17,1,This section IS ON the NHS,2,Urban,2,Principal Arterial - Other Freeways and Expressways,31,State Toll Road,8,Other,GARDEN STATE PKWY RAMP,,99998,Not Reported,40.05403056,40.05403056,-74.171069440,-74.171069440,0,No Special Jurisdiction,1,Rollover/Overturn,0,The First Harmful Event was Not a Collision with a Motor Vehicle in Transport,1,Yes,5,Entrance/Exit Ramp Related,1,Not an Intersection,0,None,,,4,On Roadside,2,Dark - Not Lighted,,,,,1,Clear,0,No,0000000,Not Applicable,22,10:00pm-10:59pm,18,18,22,10:00pm-10:59pm,19,19,22,10:00pm-10:59pm,30,30,,,,,,,1,
2021,34,340570,New Jersey,2,2,0,0,0,2,2,33,SALEM (33),0,NOT APPLICABLE,22,22,11,November,2021,2,Monday,6,6:00am-6:59am,22,22,0,This section IS NOT on the NHS,2,Urban,5,Major Collector,2,County Highway Agency,4,County Road,CR-602 PEDRICKTOWN WOODSTOWN R,CR-551 PENNSVILLE AUBURN RD,52,52,39.71071944,39.71071944,-75.372388890,-75.372388890,0,No Special Jurisdiction,12,Motor Vehicle In-Transport,6,Angle,0,No,2,Intersection,2,Four-Way Intersection,0,None,,,1,On Roadway,4,Dawn,,,,,2,Rain,0,No,0000000,Not Applicable,6,6:00am-6:59am,44,44,6,6:00am-6:59am,54,54,88,"Not Applicable (Not Transported) ",88,Not Applicable (Not Transported),,,,,,,1,
2021,34,340571,New Jersey,2,1,1,0,2,1,3,17,HUDSON (17),1540,KEARNY,22,22,11,November,2021,2,Monday,13,1:00pm-1:59pm,54,54,1,This section IS ON the NHS,2,Urban,1,Interstate,31,State Toll Road,1,Interstate,I-95,,25,25,40.74526111,40.74526111,-74.121722220,-74.121722220,0,No Special Jurisdiction,25,Concrete Traffic Barrier,0,The First Harmful Event was Not a Collision with a Motor Vehicle in Transport,0,No,1,Non-Junction,1,Not an Intersection,0,None,,,4,On Roadside,1,Daylight,,,,,1,Clear,0,No,0000000,Not Applicable,99,Unknown,99,Unknown,99,Unknown EMS Scene Arrival Hour,99,Unknown EMS Scene Arrival Minutes,88,"Not Applicable (Not Transported) ",88,Not Applicable (Not Transported),,,,,,,1,
2021,34,340573,New Jersey,1,1,0,0,0,1,1,41,WARREN (41),1455,HOPE,23,23,11,November,2021,3,Tuesday,7,7:00am-7:59am,0,0,1,This section IS ON the NHS,1,Rural,1,Interstate,1,State Highway Agency,1,Interstate,I-80,,104,104,40.93180278,40.93180278,-74.988752780,-74.988752780,0,No Special Jurisdiction,24,Guardrail Face,0,The First Harmful Event was Not a Collision with a Motor Vehicle in Transport,0,No,1,Non-Junction,1,Not an Intersection,0,None,,,3,On Median,2,Dark - Not Lighted,,,,,1,Clear,0,No,0000000,Not Applicable,7,7:00am-7:59am,1,1,7,7:00am-7:59am,21,21,88,"Not Applicable (Not Transported) ",88,Not Applicable (Not Transported),,,,,,,1,
2021,34,340574,New Jersey,2,2,0,0,0,6,6,23,MIDDLESEX (23),2208,NORTH BRUNSWICK,25,25,11,November,2021,5,Thursday,23,11:00pm-11:59pm,53,53,1,This section IS ON the NHS,2,Urban,3,Principal Arterial - Other,1,State Highway Agency,2,U.S. Highway,US-1 RAMP,,246,246,40.46368611,40.46368611,-74.453327780,-74.453327780,0,No Special Jurisdiction,12,Motor Vehicle In-Transport,2,Front-to-Front,1,Yes,20,Entrance/Exit Ramp,1,Not an Intersection,0,None,,,1,On Roadway,3,Dark - Lighted,,,,,2,Rain,0,No,0000000,Not Applicable,23,11:00pm-11:59pm,54,54,0,0:00am-0:59am,1,1,0,0:00am-0:59am,24,24,,,,,,,2,
2021,34,340575,New Jersey,1,1,0,0,0,1,1,5,BURLINGTON (5),0,NOT APPLICABLE,25,25,11,November,2021,5,Thursday,23,11:00pm-11:59pm,18,18,0,This section IS NOT on the NHS,1,Rural,4,Minor Arterial,1,State Highway Agency,2,U.S. Highway,US-9,,597,597,39.59509444,39.59509444,-74.394133330,-74.394133330,0,No Special Jurisdiction,31,"Post, Pole or Other Supports",0,The First Harmful Event was Not a Collision with a Motor Vehicle in Transport,0,No,1,Non-Junction,1,Not an Intersection,0,None,,,4,On Roadside,2,Dark - Not Lighted,,,,,2,Rain,0,No,0000000,Not Applicable,99,Unknown,99,Unknown,99,Unknown EMS Scene Arrival Hour,99,Unknown EMS Scene Arrival Minutes,88,"Not Applicable (Not Transported) ",88,Not Applicable (Not Transported),,,,,,,1,
2021,34,340576,New Jersey,1,1,0,0,0,1,1,5,BURLINGTON (5),0,NOT APPLICABLE,26,26,11,November,2021,6,Friday,7,7:00am-7:59am,5,5,0,This section IS NOT on the NHS,1,Rural,5,Major Collector,2,County Highway Agency,4,County Road,CR-532 CHATSWORTH BARNEGAT RD,,167,167,39.82794722,39.82794722,-74.513736110,-74.513736110,0,No Special Jurisdiction,42,Tree (Standing Only),0,The First Harmful Event was Not a Collision with a Motor Vehicle in Transport,0,No,1,Non-Junction,1,Not an Intersection,0,None,,,4,On Roadside,2,Dark - Not Lighted,,,,,2,Rain,0,No,0000000,Not Applicable,99,Unknown,99,Unknown,99,Unknown EMS Scene Arrival Hour,99,Unknown EMS Scene Arrival Minutes,88,"Not Applicable (Not Transported) ",88,Not Applicable (Not Transported),,,,,,,1,
2021,34,340577,New Jersey,1,1,0,0,0,1,1,3,BERGEN (3),2942,SADDLE BROOK,27,27,11,November,2021,7,Saturday,3,3:00am-3:59am,27,27,1,This section IS ON the NHS,2,Urban,2,Principal Arterial - Other Freeways and Expressways,31,State Toll Road,8,Other,GARDEN STATE PKWY TOLL RD,,1604,1604,40.90833611,40.90833611,-74.097547220,-74.097547220,0,No Special Jurisdiction,33,Curb,0,The First Harmful Event was Not a Collision with a Motor Vehicle in Transport,0,No,1,Non-Junction,1,Not an Intersection,0,None,,,10,Separator,3,Dark - Lighted,,,,,1,Clear,0,No,0000000,Not Applicable,99,Unknown,99,Unknown,99,Unknown EMS Scene Arrival Hour,99,Unknown EMS Scene Arrival Minutes,88,"Not Applicable (Not Transported) ",88,Not Applicable (Not Transported),,,,,,,1,