caseyear,state,st_case,statename,ve_total,ve_forms,pvh_invl,peds,pernotmvit,permvit,persons,county,countyname,city,cityname,day,dayname,month,monthname,year,day_week,day_weekname,hour,hourname,minute,minutename,nhs,nhsname,rur_urb,rur_urbname,func_sys,func_sysname,rd_owner,rd_ownername,route,routename,tway_id,tway_id2,milept,mileptname,latitude,latitudename,longitud,longitudname,sp_jur,sp_jurname,harm_ev,harm_evname,man_coll,man_collname,reljct1,reljct1name,reljct2,reljct2name,typ_int,typ_intname,wrk_zone,wrk_zonename,road_fnc,road_fncname,rel_road,rel_roadname,lgt_cond,lgt_condname,weather1,weather1name,weather2,weather2name,weather,weathername,sch_bus,sch_busname,rail,railname,not_hour,not_hourname,not_min,not_minname,arr_hour,arr_hourname,arr_min,arr_minname,hosp_hr,hosp_hrname,hosp_mn,hosp_mnname,cf1,cf1name,cf2,cf2name,cf3,cf3name,fatals,drunk_dr
2021,34,340578,New Jersey,2,2,0,0,0,4,4,1,ATLANTIC (1),1270,HAMMONTON,28,28,11,November,2021,1,Sunday,17,5:00pm-5:59pm,19,19,1,This section IS ON the NHS,2,Urban,3,Principal Arterial - Other,1,State Highway Agency,2,U.S. Highway,US-30 SOUTH WHITE HORSE PIKE,NONE,299,299,39.64581944,39.64581944,-74.786108330,-74.786108330,0,No Special Jurisdiction,12,Motor Vehicle In-Transport,6,Angle,0,No,2,Intersection,2,Four-Way Intersection,0,None,,,1,On Roadway,3,Dark - Lighted,,,,,1,Clear,0,No,0000000,Not Applicable,17,5:00pm-5:59pm,22,22,17,5:00pm-5:59pm,23,23,18,6:00pm-6:59pm,9,9,,,,,,,1,
2021,34,340579,New Jersey,2,2,0,0,0,5,5,23,MIDDLESEX (23),2570,PERTH AMBOY,26,26,11,November,2021,6,Friday,16,4:00pm-4:59pm,1,1,0,This section IS NOT on the NHS,2,Urban,7,Local,4,City or Municipal Highway Agency,6,Local Street - Municipality,RIVERVIEW DR,,0,None,40.50665278,40.50665278,-74.283111110,-74.283111110,0,No Special Jurisdiction,25,Concrete Traffic Barrier,0,The First Harmful Event was Not a Collision with a Motor Vehicle in Transport,0,No,1,Non-Junction,1,Not an Intersection,0,None,,,4,On Roadside,1,Daylight,,,,,1,Clear,0,No,0000000,Not Applicable,16,4:00pm-4:59pm,3,3,16,4:00pm-4:59pm,7,7,16,4:00pm-4:59pm,37,37,,,,,,,2,
2021,34,340580,New Jersey,1,1,0,1,1,1,1,35,SOMERSET (35),425,BRIDGEWATER,12,12,11,November,2021,6,Friday,14,2:00pm-2:59pm,8,8,0,This section IS NOT on the NHS,2,Urban,7,Local,4,City or Municipal Highway Agency,6,Local Street - Municipality,TRACI RD,WAUGH CT,0,None,40.59491111,40.59491111,-74.673205560,-74.673205560,0,No Special Jurisdiction,8,Pedestrian,0,The First Harmful Event was Not a Collision with a Motor Vehicle in Transport,0,No,3,Intersection-Related,2,Four-Way Intersection,0,None,,,1,On Roadway,1,Daylight,,,,,1,Clear,0,No,0000000,Not Applicable,14,2:00pm-2:59pm,11,11,14,2:00pm-2:59pm,23,23,15,3:00pm-3:59pm,12,12,,,,,,,1,
2021,34,340581,New Jersey,2,2,0,0,0,2,2,5,BURLINGTON (5),370,BORDENTOWN,29,29,11,November,2021,2,Monday,20,8:00pm-8:59pm,8,8,1,This section IS ON the NHS,2,Urban,3,Principal Arterial - Other,1,State Highway Agency,2,U.S. Highway,US-130,TACONIC RD,538,538,40.12816667,40.12816667,-74.733636110,-74.733636110,0,No Special Jurisdiction,12,Motor Vehicle In-Transport,6,Angle,0,No,2,Intersection,3,T-Intersection,0,None,,,1,On Roadway,2,Dark - Not Lighted,,,,,1,Clear,0,No,0000000,Not Applicable,20,8:00pm-8:59pm,12,12,20,8:00pm-8:59pm,19,19,88,"Not Applicable (Not Transported) ",88,Not Applicable (Not Transported),,,,,,,1,
2021,34,340582,New Jersey,2,2,0,0,0,3,3,23,MIDDLESEX (23),844,EDISON,10,10,11,November,2021,4,Wednesday,14,2:00pm-2:59pm,37,37,0,This section IS NOT on the NHS,2,Urban,4,Minor Arterial,4,City or Municipal Highway Agency,6,Local Street - Municipality,TALMADGE RD,NEWBURGH DR,24,24,40.55691389,40.55691389,-74.396069440,-74.396069440,0,No Special Jurisdiction,12,Motor Vehicle In-Transport,6,Angle,0,No,2,Intersection,2,Four-Way Intersection,0,None,,,1,On Roadway,1,Daylight,,,,,1,Clear,0,No,0000000,Not Applicable,14,2:00pm-2:59pm,40,40,14,2:00pm-2:59pm,46,46,15,3:00pm-3:59pm,18,18,,,,,,,1,
2021,34,340583,New Jersey,1,1,0,0,0,1,1,15,GLOUCESTER (15),1814,MANTUA,25,25,12,December,2021,7,Saturday,23,11:00pm-11:59pm,46,46,0,This section IS NOT on the NHS,2,Urban,4,Minor Arterial,2,County Highway Agency,4,County Road,CR-676 MANTUA BLVD,WARWICK CT,22,22,39.78498056,39.78498056,-75.161044440,-75.161044440,0,No Special Jurisdiction,35,Embankment,0,The First Harmful Event was Not a Collision with a Motor Vehicle in Transport,0,No,3,Intersection-Related,3,T-Intersection,0,None,,,4,On Roadside,6,Dark - Unknown Lighting,,,,,10,Cloudy,0,No,0000000,Not Applicable,23,11:00pm-11:59pm,49,49,23,11:00pm-11:59pm,53,53,88,"Not Applicable (Not Transported) ",88,Not Applicable (Not Transported),,,,,,,1,
2021,34,340584,New Jersey,2,1,1,0,0,1,1,31,PASSAIC (31),2510,PATERSON,31,31,12,December,2021,6,Friday,15,3:00pm-3:59pm,13,13,0,This section IS NOT on the NHS,2,Urban,5,Major Collector,4,City or Municipal Highway Agency,6,Local Street - Municipality,TEMPLE ST,NORTH 4TH ST,3,3,40.92620833,40.92620833,-74.176672220,-74.176672220,0,No Special Jurisdiction,14,Parked Motor Vehicle,0,The First Harmful Event was Not a Collision with a Motor Vehicle in Transport,0,No,3,Intersection-Related,2,Four-Way Intersection,0,None,,,7,In Parking Lane/Zone,1,Daylight,,,,,1,Clear,0,No,0000000,Not Applicable,99,Unknown,99,Unknown,99,Unknown EMS Scene Arrival Hour,99,Unknown EMS Scene Arrival Minutes,99,Unknown,99,Unknown EMS Hospital Arrival Time,,,,,,,1,
2021,34,340585,New Jersey,1,1,0,1,1,1,1,25,MONMOUTH (25),1925,MIDDLETOWN,27,27,10,October,2021,4,Wednesday,19,7:00pm-7:59pm,26,26,1,This section IS ON the NHS,2,Urban,3,Principal Arterial - Other,1,State Highway Agency,3,State Highway,SR-35,KINGS HIGHWAY,386,386,40.40275833,40.40275833,-74.124644440,-74.124644440,0,No Special Jurisdiction,15,Non-Motorist on Personal Conveyance,0,The First Harmful Event was Not a Collision with a Motor Vehicle in Transport,0,No,3,Intersection-Related,2,Four-Way Intersection,0,None,,,1,On Roadway,2,Dark - Not Lighted,,,,,1,Clear,0,No,0000000,Not Applicable,19,7:00pm-7:59pm,36,36,19,7:00pm-7:59pm,40,40,19,7:00pm-7:59pm,57,57,,,,,,,1,
2021,34,340586,New Jersey,1,1,0,0,0,1,1,3,BERGEN (3),1080,FRANKLIN LAKES,31,31,10,October,2021,1,Sunday,14,2:00pm-2:59pm,10,10,1,This section IS ON the NHS,2,Urban,1,Interstate,1,State Highway Agency,1,Interstate,I-287 NORTH RAMP,,94,94,41.01928056,41.01928056,-74.220469440,-74.220469440,0,No Special Jurisdiction,33,Curb,0,The First Harmful Event was Not a Collision with a Motor Vehicle in Transport,1,Yes,5,Entrance/Exit Ramp Related,1,Not an Intersection,0,None,,,8,Gore,1,Daylight,,,,,1,Clear,0,No,0000000,Not Applicable,14,2:00pm-2:59pm,11,11,14,2:00pm-2:59pm,19,19,14,2:00pm-2:59pm,48,48,,,,,,,1,
2021,34,340587,New Jersey,1,1,0,1,1,1,1,17,HUDSON (17),190,BAYONNE,30,30,10,October,2021,7,Saturday,14,2:00pm-2:59pm,24,24,0,This section IS NOT on the NHS,2,Urban,4,Minor Arterial,4,City or Municipal Highway Agency,6,Local Street - Municipality,53RD STREET,BROADWAY,1,1,40.68452222,40.68452222,-74.100697220,-74.100697220,0,No Special Jurisdiction,8,Pedestrian,0,The First Harmful Event was Not a Collision with a Motor Vehicle in Transport,0,No,3,Intersection-Related,2,Four-Way Intersection,0,None,,,1,On Roadway,1,Daylight,,,,,1,Clear,0,No,0000000,Not Applicable,14,2:00pm-2:59pm,24,24,14,2:00pm-2:59pm,29,29,14,2:00pm-2:59pm,59,59,,,,,,,1,
2021,34,340588,New Jersey,1,1,0,0,0,3,3,27,MORRIS (27),0,NOT APPLICABLE,3,3,12,December,2021,6,Friday,2,2:00am-2:59am,1,1,1,This section IS ON the NHS,2,Urban,3,Principal Arterial - Other,1,State Highway Agency,3,State Highway,SR-10,,101,101,40.85562500,40.85562500,-74.482958330,-74.482958330,0,No Special Jurisdiction,33,Curb,0,The First Harmful Event was Not a Collision with a Motor Vehicle in Transport,0,No,1,Non-Junction,1,Not an Intersection,0,None,,,4,On Roadside,2,Dark - Not Lighted,,,,,1,Clear,0,No,0000000,Not Applicable,2,2:00am-2:59am,10,10,2,2:00am-2:59am,40,40,88,"Not Applicable (Not Transported) ",88,Not Applicable (Not Transported),,,,,,,1,
2021,34,340589,New Jersey,1,1,0,1,1,1,1,7,CAMDEN (7),3080,SOMERDALE,3,3,12,December,2021,6,Friday,19,7:00pm-7:59pm,50,50,1,This section IS ON the NHS,2,Urban,3,Principal Arterial - Other,1,State Highway Agency,2,U.S. Highway,US-30 WHITE HORSE PIKE,EVERGREEN AVE,101,101,39.85088056,39.85088056,-75.023697220,-75.023697220,0,No Special Jurisdiction,8,Pedestrian,0,The First Harmful Event was Not a Collision with a Motor Vehicle in Transport,0,No,3,Intersection-Related,2,Four-Way Intersection,0,None,,,1,On Roadway,6,Dark - Unknown Lighting,,,,,1,Clear,0,No,0000000,Not Applicable,19,7:00pm-7:59pm,52,52,19,7:00pm-7:59pm,53,53,20,8:00pm-8:59pm,7,7,,,,,,,1,
2021,34,340590,New Jersey,1,1,0,1,1,2,2,27,MORRIS (27),0,NOT APPLICABLE,4,4,12,December,2021,7,Saturday,19,7:00pm-7:59pm,5,5,1,This section IS ON the NHS,2,Urban,3,Principal Arterial - Other,1,State Highway Agency,2,U.S. Highway,US-46,,498,498,40.85882778,40.85882778,-74.357791670,-74.357791670,0,No Special Jurisdiction,8,Pedestrian,0,The First Harmful Event was Not a Collision with a Motor Vehicle in Transport,0,No,1,Non-Junction,1,Not an Intersection,0,None,,,1,On Roadway,2,Dark - Not Lighted,,,,,1,Clear,0,No,0000000,Not Applicable,19,7:00pm-7:59pm,7,7,19,7:00pm-7:59pm,11,11,20,8:00pm-8:59pm,0,0,,,,,,,1,
2021,34,340591,New Jersey,1,1,0,0,0,1,1,11,CUMBERLAND (11),0,NOT APPLICABLE,5,5,12,December,2021,1,Sunday,9,9:00am-9:59am,20,20,0,This section IS NOT on the NHS,2,Urban,4,Minor Arterial,1,State Highway Agency,3,State Highway,SR-50 LANDIS AVE,,5,5,39.46571389,39.46571389,-75.200236110,-75.200236110,0,No Special Jurisdiction,42,Tree (Standing Only),0,The First Harmful Event was Not a Collision with a Motor Vehicle in Transport,0,No,1,Non-Junction,1,Not an Intersection,0,None,,,4,On Roadside,1,Daylight,,,,,1,Clear,0,No,0000000,Not Applicable,9,9:00am-9:59am,18,18,9,9:00am-9:59am,20,20,88,"Not Applicable (Not Transported) ",88,Not Applicable (Not Transported),,,,,,,1,
2021,34,340592,New Jersey,1,1,0,1,1,1,1,3,BERGEN (3),2780,RIDGEFIELD PARK,3,3,12,December,2021,6,Friday,9,9:00am-9:59am,34,34,0,This section IS NOT on the NHS,2,Urban,4,Minor Arterial,2,County Highway Agency,4,County Road,CR-41 MT VERNON ST,MAIN ST,3,3,40.85660833,40.85660833,-74.025058330,-74.025058330,0,No Special Jurisdiction,8,Pedestrian,0,The First Harmful Event was Not a Collision with a Motor Vehicle in Transport,0,No,3,Intersection-Related,2,Four-Way Intersection,0,None,,,1,On Roadway,1,Daylight,,,,,1,Clear,0,No,0000000,Not Applicable,9,9:00am-9:59am,35,35,9,9:00am-9:59am,38,38,9,9:00am-9:59am,59,59,,,,,,,1,
2021,34,340593,New Jersey,5,3,2,0,0,3,3,33,SALEM (33),2565,PENNSVILLE,4,4,12,December,2021,7,Saturday,17,5:00pm-5:59pm,56,56,1,This section IS ON the NHS,2,Urban,3,Principal Arterial - Other,1,State Highway Agency,3,State Highway,SR-49 S BROADWAY,,39,39,39.63303889,39.63303889,-75.512875000,-75.512875000,0,No Special Jurisdiction,12,Motor Vehicle In-Transport,6,Angle,0,No,8,Driveway Access Related,1,Not an Intersection,0,None,,,1,On Roadway,3,Dark - Lighted,,,,,1,Clear,0,No,0000000,Not Applicable,17,5:00pm-5:59pm,57,57,17,5:00pm-5:59pm,59,59,88,"Not Applicable (Not Transported) ",88,Not Applicable (Not Transported),,,,,,,1,
2021,34,340594,New Jersey,1,1,0,0,0,2,2,15,GLOUCESTER (15),1075,FRANKLIN,7,7,12,December,2021,3,Tuesday,23,11:00pm-11:59pm,45,45,1,This section IS ON the NHS,2,Urban,3,Principal Arterial - Other,1,State Highway Agency,2,U.S. Highway,US-40 HARDING HWY,,278,278,39.56772500,39.56772500,-75.040305560,-75.040305560,0,No Special Jurisdiction,30,Utility Pole/Light Support,0,The First Harmful Event was Not a Collision with a Motor Vehicle in Transport,0,No,1,Non-Junction,1,Not an Intersection,0,None,,,4,On Roadside,3,Dark - Lighted,,,,,1,Clear,0,No,0000000,Not Applicable,23,11:00pm-11:59pm,47,47,23,11:00pm-11:59pm,48,48,88,"Not Applicable (Not Transported) ",88,Not Applicable (Not Transported),,,,,,,2,
2021,34,340595,New Jersey,1,1,0,0,0,1,1,15,GLOUCESTER (15),1075,FRANKLIN,8,8,12,December,2021,4,Wednesday,8,8:00am-8:59am,13,13,1,This section IS ON the NHS,2,Urban,2,Principal Arterial - Other Freeways and Expressways,1,State Highway Agency,3,State Highway,SR-55,,408,408,39.60143611,39.60143611,-75.077100000,-75.077100000,0,No Special Jurisdiction,24,Guardrail Face,0,The First Harmful Event was Not a Collision with a Motor Vehicle in Transport,0,No,1,Non-Junction,1,Not an Intersection,0,None,,,3,On Median,1,Daylight,,,,,1,Clear,0,No,0000000,Not Applicable,8,8:00am-8:59am,15,15,8,8:00am-8:59am,22,22,88,"Not Applicable (Not Transported) ",88,Not Applicable (Not Transported),,,,,,,1,
2021,34,340596,New Jersey,1,1,0,0,0,1,1,35,SOMERSET (35),1194,GREEN BROOK,8,8,12,December,2021,4,Wednesday,5,5:00am-5:59am,51,51,1,This section IS ON the NHS,2,Urban,3,Principal Arterial - Other,1,State Highway Agency,2,U.S. Highway,US-22,,423,423,40.60495833,40.60495833,-74.472633330,-74.472633330,0,No Special Jurisdiction,33,Curb,0,The First Harmful Event was Not a Collision with a Motor Vehicle in Transport,0,No,1,Non-Junction,1,Not an Intersection,0,None,,,4,On Roadside,3,Dark - Lighted,,,,,10,Cloudy,0,No,0000000,Not Applicable,5,5:00am-5:59am,55,55,6,6:00am-6:59am,5,5,88,"Not Applicable (Not Transported) ",88,Not Applicable (Not Transported),,,,,,,1,
2021,34,340597,New Jersey,1,1,0,0,0,1,1,19,HUNTERDON (19),0,NOT APPLICABLE,5,5,12,December,2021,1,Sunday,20,8:00pm-8:59pm,3,3,0,This section IS NOT on the NHS,1,Rural,5,Major Collector,2,County Highway Agency,4,County Road,CR-579,,301,301,40.60792500,40.60792500,-74.984819440,-74.984819440,0,No Special Jurisdiction,59,"Traffic Sign Support ",0,The First Harmful Event was Not a Collision with a Motor Vehicle in Transport,0,No,1,Non-Junction,1,Not an Intersection,0,None,,,4,On Roadside,2,Dark - Not Lighted,,,,,10,Cloudy,0,No,0000000,Not Applicable,20,8:00pm-8:59pm,2,2,20,8:00pm-8:59pm,5,5,88,"Not Applicable (Not Transported) ",88,Not Applicable (Not Transported),,,,,,,1,
2021,34,340598,New Jersey,2,2,0,0,0,2,2,19,HUNTERDON (19),0,NOT APPLICABLE,8,8,12,December,2021,4,Wednesday,12,12:00pm-12:59pm,39,39,1,This section IS ON the NHS,1,Rural,3,Principal Arterial - Other,1,State Highway Agency,3,State Highway,SR-31,,151,151,40.40783889,40.40783889,-74.860466670,-74.860466670,0,No Special Jurisdiction,12,Motor Vehicle In-Transport,2,Front-to-Front,0,No,1,Non-Junction,1,Not an Intersection,0,None,,,1,On Roadway,1,Daylight,,,,,1,Clear,0,No,0000000,Not Applicable,12,12:00pm-12:59pm,39,39,12,12:00pm-12:59pm,54,54,88,"Not Applicable (Not Transported) ",88,Not Applicable (Not Transported),,,,,,,1,
2021,34,340599,New Jersey,2,2,0,0,0,4,4,27,MORRIS (27),0,NOT APPLICABLE,11,11,12,December,2021,7,Saturday,10,10:00am-10:59am,48,48,0,This section IS NOT on the NHS,2,Urban,5,Major Collector,4,City or Municipal Highway Agency,6,Local Street - Municipality,RIDGE RD,,0,None,41.03670000,41.03670000,-74.509708330,-74.509708330,0,No Special Jurisdiction,12,Motor Vehicle In-Transport,2,Front-to-Front,0,No,1,Non-Junction,1,Not an Intersection,0,None,,,1,On Roadway,1,Daylight,,,,,2,Rain,0,No,0000000,Not Applicable,99,Unknown,99,Unknown,99,Unknown EMS Scene Arrival Hour,99,Unknown EMS Scene Arrival Minutes,99,Unknown,99,Unknown EMS Hospital Arrival Time,,,,,,,1,
2021,34,340600,New Jersey,1,1,0,0,0,1,1,11,CUMBERLAND (11),3460,VINELAND,11,11,12,December,2021,7,Saturday,23,11:00pm-11:59pm,59,59,0,This section IS NOT on the NHS,2,Urban,4,Minor Arterial,4,City or Municipal Highway Agency,3,State Highway,SR-56 W LANDIS AVE,,81,81,39.48799444,39.48799444,-75.062977780,-75.062977780,0,No Special Jurisdiction,33,Curb,0,The First Harmful Event was Not a Collision with a Motor Vehicle in Transport,0,No,1,Non-Junction,1,Not an Intersection,0,None,,,4,On Roadside,3,Dark - Lighted,,,,,2,Rain,0,No,0000000,Not Applicable,0,0:00am-0:59am,2,2,0,0:00am-0:59am,6,6,88,"Not Applicable (Not Transported) ",88,Not Applicable (Not Transported),,,,,,,1,
2021,34,340601,New Jersey,1,1,0,0,0,1,1,7,CAMDEN (7),110,AUDUBON,7,7,12,December,2021,3,Tuesday,4,4:00am-4:59am,4,4,1,This section IS ON the NHS,2,Urban,3,Principal Arterial - Other,1,State Highway Agency,2,U.S. Highway,US-30 S WHITE HORSE PIKE,,61,61,39.89590000,39.89590000,-75.070763890,-75.070763890,0,No Special Jurisdiction,30,Utility Pole/Light Support,0,The First Harmful Event was Not a Collision with a Motor Vehicle in Transport,0,No,1,Non-Junction,1,Not an Intersection,0,None,,,4,On Roadside,3,Dark - Lighted,,,,,1,Clear,0,No,0000000,Not Applicable,4,4:00am-4:59am,6,6,4,4:00am-4:59am,8,8,4,4:00am-4:59am,54,54,,,,,,,1,
2021,34,340602,New Jersey,1,1,0,1,1,1,1,17,HUDSON (17),3590,WEST NEW YORK,7,7,12,December,2021,3,Tuesday,5,5:00am-5:59am,11,11,0,This section IS NOT on the NHS,2,Urban,7,Local,4,City or Municipal Highway Agency,6,Local Street - Municipality,PALISADE AVE,58TH ST,0,None,40.78662778,40.78662778,-74.015125000,-74.015125000,0,No Special Jurisdiction,9,Pedalcyclist,0,The First Harmful Event was Not a Collision with a Motor Vehicle in Transport,0,No,2,Intersection,2,Four-Way Intersection,0,None,,,1,On Roadway,4,Dawn,,,,,1,Clear,0,No,0000000,Not Applicable,5,5:00am-5:59am,12,12,5,5:00am-5:59am,21,21,5,5:00am-5:59am,52,52,,,,,,,1,
2021,34,340603,New Jersey,2,2,0,0,0,2,2,11,CUMBERLAND (11),1970,MILLVILLE,16,16,12,December,2021,5,Thursday,21,9:00pm-9:59pm,32,32,1,This section IS ON the NHS,2,Urban,2,Principal Arterial - Other Freeways and Expressways,1,State Highway Agency,3,State Highway,SR-55,,249,249,39.39810833,39.39810833,-75.012002780,-75.012002780,0,No Special Jurisdiction,12,Motor Vehicle In-Transport,1,Front-to-Rear,0,No,1,Non-Junction,1,Not an Intersection,0,None,,,1,On Roadway,2,Dark - Not Lighted,,,,,1,Clear,0,No,0000000,Not Applicable,21,9:00pm-9:59pm,27,27,21,9:00pm-9:59pm,40,40,21,9:00pm-9:59pm,59,59,,,,,,,1,
2021,34,340604,New Jersey,1,1,0,0,0,2,2,29,OCEAN (29),3360,TOMS RIVER,17,17,12,December,2021,6,Friday,4,4:00am-4:59am,30,30,1,This section IS ON the NHS,2,Urban,2,Principal Arterial - Other Freeways and Expressways,31,State Toll Road,3,State Highway,SR-444 GARDEN STATE PKWY,,874,874,40.02975000,40.02975000,-74.183741670,-74.183741670,0,No Special Jurisdiction,24,Guardrail Face,0,The First Harmful Event was Not a Collision with a Motor Vehicle in Transport,0,No,1,Non-Junction,1,Not an Intersection,0,None,,,4,On Roadside,2,Dark - Not Lighted,,,,,1,Clear,0,No,0000000,Not Applicable,4,4:00am-4:59am,42,42,4,4:00am-4:59am,45,45,99,Unknown,99,Unknown EMS Hospital Arrival Time,,,,,,,1,
2021,34,340605,New Jersey,1,1,0,1,1,1,1,23,MIDDLESEX (23),3705,WOODBRIDGE,17,17,12,December,2021,6,Friday,23,11:00pm-11:59pm,16,16,1,This section IS ON the NHS,2,Urban,3,Principal Arterial - Other,1,State Highway Agency,2,U.S. Highway,US-1,,401,401,40.57746389,40.57746389,-74.287191670,-74.287191670,0,No Special Jurisdiction,8,Pedestrian,0,The First Harmful Event was Not a Collision with a Motor Vehicle in Transport,0,No,1,Non-Junction,1,Not an Intersection,0,None,,,1,On Roadway,3,Dark - Lighted,,,,,1,Clear,0,No,0000000,Not Applicable,23,11:00pm-11:59pm,19,19,23,11:00pm-11:59pm,28,28,0,0:00am-0:59am,3,3,,,,,,,1,
2021,34,340606,New Jersey,1,1,0,1,1,2,2,15,GLOUCESTER (15),0,NOT APPLICABLE,18,18,12,December,2021,7,Saturday,17,5:00pm-5:59pm,38,38,1,This section IS ON the NHS,2,Urban,3,Principal Arterial - Other,1,State Highway Agency,2,U.S. Highway,US-322 S BLACK HORSE PIKE,CLUB DR,284,284,39.64378889,39.64378889,-74.942036110,-74.942036110,0,No Special Jurisdiction,15,Non-Motorist on Personal Conveyance,0,The First Harmful Event was Not a Collision with a Motor Vehicle in Transport,0,No,2,Intersection,3,T-Intersection,0,None,,,1,On Roadway,2,Dark - Not Lighted,,,,,2,Rain,0,No,0000000,Not Applicable,17,5:00pm-5:59pm,40,40,17,5:00pm-5:59pm,46,46,88,"Not Applicable (Not Transported) ",88,Not Applicable (Not Transported),,,,,,,1,
2021,34,340607,New Jersey,2,2,0,2,2,1,1,23,MIDDLESEX (23),704,CRANBURY,18,18,12,December,2021,7,Saturday,7,7:00am-7:59am,0,0,1,This section IS ON the NHS,2,Urban,1,Interstate,31,State Toll Road,1,Interstate,I-95 NEW JERSEY TURNPIKE,,267,267,40.32680000,40.32680000,-74.484150000,-74.484150000,0,No Special Jurisdiction,12,Motor Vehicle In-Transport,6,Angle,0,No,1,Non-Junction,1,Not an Intersection,0,None,,,1,On Roadway,4,Dawn,,,,,10,Cloudy,0,No,0000000,Not Applicable,7,7:00am-7:59am,5,5,7,7:00am-7:59am,22,22,8,8:00am-8:59am,4,4,,,,,,,1,
2021,34,340608,New Jersey,1,1,0,0,0,1,1,25,MONMOUTH (25),3357,TINTON FALLS,18,18,12,December,2021,7,Saturday,23,11:00pm-11:59pm,43,43,1,This section IS ON the NHS,2,Urban,2,Principal Arterial - Other Freeways and Expressways,31,State Toll Road,8,Other,444-GARDEN STATE PARKWAY,,635,635,40.31876667,40.31876667,-74.098336110,-74.098336110,0,No Special Jurisdiction,24,Guardrail Face,0,The First Harmful Event was Not a Collision with a Motor Vehicle in Transport,0,No,1,Non-Junction,1,Not an Intersection,0,None,,,3,On Median,2,Dark - Not Lighted,,,,,1,Clear,0,No,0000000,Not Applicable,99,Unknown,99,Unknown,99,Unknown EMS Scene Arrival Hour,99,Unknown EMS Scene Arrival Minutes,88,"Not Applicable (Not Transported) ",88,Not Applicable (Not Transported),,,,,,,1,
2021,34,340609,New Jersey,1,1,0,1,1,1,1,17,HUDSON (17),1540,KEARNY,19,19,12,December,2021,1,Sunday,19,7:00pm-7:59pm,50,50,1,This section IS ON the NHS,2,Urban,2,Principal Arterial - Other Freeways and Expressways,1,State Highway Agency,2,U.S. Highway,US-1/9,,122,122,40.73464722,40.73464722,-74.101394440,-74.101394440,0,No Special Jurisdiction,8,Pedestrian,0,The First Harmful Event was Not a Collision with a Motor Vehicle in Transport,0,No,1,Non-Junction,1,Not an Intersection,0,None,,,1,On Roadway,6,Dark - Unknown Lighting,,,,,1,Clear,0,No,0000000,Not Applicable,19,7:00pm-7:59pm,42,42,20,8:00pm-8:59pm,5,5,99,Unknown,99,Unknown EMS Hospital Arrival Time,,,,,,,1,
2021,34,340610,New Jersey,1,1,0,0,0,1,1,3,BERGEN (3),2770,RIDGEFIELD,13,13,12,December,2021,2,Monday,17,5:00pm-5:59pm,15,15,0,This section IS NOT on the NHS,2,Urban,7,Local,4,City or Municipal Highway Agency,6,Local Street - Municipality,LINDEN AVE,,0,None,40.84343056,40.84343056,-74.007208330,-74.007208330,0,No Special Jurisdiction,18,Other Object (not fixed),0,The First Harmful Event was Not a Collision with a Motor Vehicle in Transport,0,No,1,Non-Junction,1,Not an Intersection,0,None,,,1,On Roadway,3,Dark - Lighted,,,,,1,Clear,0,No,0000000,Not Applicable,99,Unknown,99,Unknown,99,Unknown EMS Scene Arrival Hour,99,Unknown EMS Scene Arrival Minutes,99,Unknown,99,Unknown EMS Hospital Arrival Time,,,,,,,1,
2021,34,340611,New Jersey,1,1,0,1,1,1,1,7,CAMDEN (7),2545,PENNSAUKEN,17,17,12,December,2021,6,Friday,17,5:00pm-5:59pm,21,21,0,This section IS NOT on the NHS,2,Urban,4,Minor Arterial,2,County Highway Agency,4,County Road,CR-610 WESTFIELD AVE,,21,21,39.96433056,39.96433056,-75.056308330,-75.056308330,0,No Special Jurisdiction,8,Pedestrian,0,The First Harmful Event was Not a Collision with a Motor Vehicle in Transport,0,No,1,Non-Junction,1,Not an Intersection,0,None,,,1,On Roadway,3,Dark - Lighted,,,,,1,Clear,0,No,0000000,Not Applicable,17,5:00pm-5:59pm,24,24,17,5:00pm-5:59pm,27,27,17,5:00pm-5:59pm,53,53,,,,,,,1,
2021,34,340612,New Jersey,1,1,0,0,0,1,1,21,MERCER (21),0,NOT APPLICABLE,21,21,12,December,2021,3,Tuesday,13,1:00pm-1:59pm,42,42,1,This section IS ON the NHS,2,Urban,1,Interstate,1,State Highway Agency,1,Interstate,I-295,,716,716,40.29257500,40.29257500,-74.773436110,-74.773436110,0,No Special Jurisdiction,42,Tree (Standing Only),0,The First Harmful Event was Not a Collision with a Motor Vehicle in Transport,0,No,1,Non-Junction,1,Not an Intersection,0,None,,,3,On Median,1,Daylight,,,,,99,Reported as Unknown,0,No,0000000,Not Applicable,14,2:00pm-2:59pm,7,7,14,2:00pm-2:59pm,10,10,88,"Not Applicable (Not Transported) ",88,Not Applicable (Not Transported),,,,,,,1,