caseyear,state,st_case,statename,ve_total,ve_forms,pvh_invl,peds,pernotmvit,permvit,persons,county,countyname,city,cityname,day,dayname,month,monthname,year,day_week,day_weekname,hour,hourname,minute,minutename,nhs,nhsname,rur_urb,rur_urbname,func_sys,func_sysname,rd_owner,rd_ownername,route,routename,tway_id,tway_id2,milept,mileptname,latitude,latitudename,longitud,longitudname,sp_jur,sp_jurname,harm_ev,harm_evname,man_coll,man_collname,reljct1,reljct1name,reljct2,reljct2name,typ_int,typ_intname,wrk_zone,wrk_zonename,road_fnc,road_fncname,rel_road,rel_roadname,lgt_cond,lgt_condname,weather1,weather1name,weather2,weather2name,weather,weathername,sch_bus,sch_busname,rail,railname,not_hour,not_hourname,not_min,not_minname,arr_hour,arr_hourname,arr_min,arr_minname,hosp_hr,hosp_hrname,hosp_mn,hosp_mnname,cf1,cf1name,cf2,cf2name,cf3,cf3name,fatals,drunk_dr
2022,34,340080,New Jersey,1,1,0,0,0,2,2,31,PASSAIC (31),660,CLIFTON,19,19,5,May,2022,5,Thursday,15,3:00pm-3:59pm,28,28,1,This section IS ON the NHS,2,Urban,2,Principal Arterial - Other Freeways and Expressways,1,State Highway Agency,3,State Highway,SR-3,,10,10,40.85864167,40.85864167,-74.180369440,-74.18036944,0,No Special Jurisdiction,59,"Traffic Sign Support ",0,The First Harmful Event was Not a Collision with a Motor Vehicle in Transport,0,No,1,Non-Junction,1,Not an Intersection,0,None,,,4,On Roadside,1,Daylight,,,,,1,Clear,0,No,0000000,Not Applicable,15,3:00pm-3:59pm,29,29,15,3:00pm-3:59pm,37,37,16,4:00pm-4:59pm,18,18,,,,,,,1,
2022,34,340081,New Jersey,1,1,0,1,1,1,1,31,PASSAIC (31),660,CLIFTON,22,22,3,March,2022,3,Tuesday,7,7:00am-7:59am,36,36,1,This section IS ON the NHS,2,Urban,3,Principal Arterial - Other,2,County Highway Agency,4,County Road,CR-601 MAIN AVE,WEST 1ST ST,51,51,40.88903889,40.88903889,-74.153916670,-74.15391667,0,No Special Jurisdiction,8,Pedestrian,0,The First Harmful Event was Not a Collision with a Motor Vehicle in Transport,0,No,3,Intersection-Related,2,Four-Way Intersection,0,None,,,1,On Roadway,1,Daylight,,,,,1,Clear,0,No,0000000,Not Applicable,7,7:00am-7:59am,38,38,7,7:00am-7:59am,42,42,8,8:00am-8:59am,1,1,,,,,,,1,
2022,34,340082,New Jersey,2,2,0,0,0,3,3,5,BURLINGTON (5),777,EASTAMPTON TOWNSHIP,7,7,4,April,2022,5,Thursday,18,6:00pm-6:59pm,4,4,0,This section IS NOT on the NHS,2,Urban,4,Minor Arterial,2,County Highway Agency,4,County Road,CR-537 MONMOUTH RD,,205,205,40.00672222,40.00672222,-74.761580560,-74.76158056,0,No Special Jurisdiction,12,Motor Vehicle In-Transport,6,Angle,0,No,1,Non-Junction,1,Not an Intersection,0,None,,,1,On Roadway,1,Daylight,,,,,2,Rain,0,No,0000000,Not Applicable,18,6:00pm-6:59pm,9,9,18,6:00pm-6:59pm,12,12,19,7:00pm-7:59pm,2,2,,,,,,,1,
2022,34,340083,New Jersey,2,2,0,0,0,2,2,9,CAPE MAY (9),0,NOT APPLICABLE,29,29,5,May,2022,1,Sunday,16,4:00pm-4:59pm,22,22,0,This section IS NOT on the NHS,1,Rural,4,Minor Arterial,1,State Highway Agency,3,State Highway,SR-47,,80,80,39.06500833,39.06500833,-74.898288890,-74.89828889,0,No Special Jurisdiction,1,Rollover/Overturn,0,The First Harmful Event was Not a Collision with a Motor Vehicle in Transport,0,No,8,Driveway Access Related,1,Not an Intersection,0,None,,,1,On Roadway,1,Daylight,,,,,1,Clear,0,No,0000000,Not Applicable,16,4:00pm-4:59pm,23,23,16,4:00pm-4:59pm,30,30,16,4:00pm-4:59pm,58,58,,,,,,,1,
2022,34,340084,New Jersey,4,4,0,1,1,5,5,15,GLOUCESTER (15),0,NOT APPLICABLE,1,1,3,March,2022,3,Tuesday,21,9:00pm-9:59pm,7,7,1,This section IS ON the NHS,2,Urban,3,Principal Arterial - Other,1,State Highway Agency,3,State Highway,SR-42,,43,43,39.73246944,39.73246944,-75.035733330,-75.03573333,0,No Special Jurisdiction,8,Pedestrian,0,The First Harmful Event was Not a Collision with a Motor Vehicle in Transport,0,No,1,Non-Junction,1,Not an Intersection,0,None,,,1,On Roadway,2,Dark - Not Lighted,,,,,1,Clear,0,No,0000000,Not Applicable,21,9:00pm-9:59pm,8,8,21,9:00pm-9:59pm,12,12,21,9:00pm-9:59pm,30,30,,,,,,,1,
2022,34,340085,New Jersey,1,1,0,1,1,1,1,25,MONMOUTH (25),2109,NEPTUNE CITY,28,28,4,April,2022,5,Thursday,21,9:00pm-9:59pm,33,33,0,This section IS NOT on the NHS,2,Urban,4,Minor Arterial,1,State Highway Agency,3,State Highway,SR-33,,414,414,40.20968889,40.20968889,-74.025630560,-74.02563056,0,No Special Jurisdiction,8,Pedestrian,0,The First Harmful Event was Not a Collision with a Motor Vehicle in Transport,0,No,1,Non-Junction,1,Not an Intersection,0,None,,,1,On Roadway,6,Dark - Unknown Lighting,,,,,1,Clear,0,No,0000000,Not Applicable,21,9:00pm-9:59pm,35,35,21,9:00pm-9:59pm,41,41,22,10:00pm-10:59pm,1,1,,,,,,,1,
2022,34,340086,New Jersey,2,2,0,0,0,2,2,31,PASSAIC (31),2510,PATERSON,21,21,5,May,2022,7,Saturday,16,4:00pm-4:59pm,38,38,0,This section IS NOT on the NHS,2,Urban,5,Major Collector,4,City or Municipal Highway Agency,6,Local Street - Municipality,ROSA PARKS BLVD,,0,None,40.92645278,40.92645278,-74.158688890,-74.15868889,0,No Special Jurisdiction,12,Motor Vehicle In-Transport,2,Front-to-Front,0,No,1,Non-Junction,1,Not an Intersection,0,None,,,1,On Roadway,1,Daylight,,,,,1,Clear,0,No,0000000,Not Applicable,99,Unknown,99,Unknown,99,Unknown EMS Scene Arrival Hour,99,Unknown EMS Scene Arrival Minutes,99,Unknown,99,Unknown EMS Hospital Arrival Time,,,,,,,1,
2022,34,340087,New Jersey,2,2,0,0,0,2,2,7,CAMDEN (7),690,COLLINGSWOOD,10,10,3,March,2022,5,Thursday,1,1:00am-1:59am,26,26,1,This section IS ON the NHS,2,Urban,3,Principal Arterial - Other,1,State Highway Agency,2,U.S. Highway,US-130,US-30,295,295,39.91867778,39.91867778,-75.088644440,-75.08864444,0,No Special Jurisdiction,12,Motor Vehicle In-Transport,6,Angle,0,No,2,Intersection,2,Four-Way Intersection,0,None,,,1,On Roadway,3,Dark - Lighted,,,,,1,Clear,0,No,0000000,Not Applicable,1,1:00am-1:59am,26,26,1,1:00am-1:59am,32,32,88,"Not Applicable (Not Transported) ",88,Not Applicable (Not Transported),,,,,,,1,
2022,34,340088,New Jersey,1,1,0,1,1,1,1,23,MIDDLESEX (23),779,EAST BRUNSWICK,24,24,5,May,2022,3,Tuesday,5,5:00am-5:59am,49,49,0,This section IS NOT on the NHS,2,Urban,4,Minor Arterial,2,County Highway Agency,4,County Road,CR-527,MILLTOWN RD,409,409,40.44168889,40.44168889,-74.391083330,-74.39108333,0,No Special Jurisdiction,9,Pedalcyclist,0,The First Harmful Event was Not a Collision with a Motor Vehicle in Transport,0,No,2,Intersection,2,Four-Way Intersection,0,None,,,1,On Roadway,1,Daylight,,,,,1,Clear,0,No,0000000,Not Applicable,5,5:00am-5:59am,50,50,5,5:00am-5:59am,55,55,6,6:00am-6:59am,26,26,,,,,,,1,
2022,34,340089,New Jersey,4,4,0,0,0,6,6,25,MONMOUTH (25),2109,NEPTUNE CITY,21,21,3,March,2022,2,Monday,8,8:00am-8:59am,58,58,0,This section IS NOT on the NHS,2,Urban,5,Major Collector,2,County Highway Agency,4,County Road,CR-17II WEST BANGS AVE,,23,23,40.21830000,40.21830000,-74.045858330,-74.04585833,0,No Special Jurisdiction,12,Motor Vehicle In-Transport,7,Sideswipe - Same Direction,0,No,1,Non-Junction,1,Not an Intersection,0,None,,,1,On Roadway,1,Daylight,,,,,1,Clear,0,No,0000000,Not Applicable,99,Unknown,99,Unknown,99,Unknown EMS Scene Arrival Hour,99,Unknown EMS Scene Arrival Minutes,99,Unknown,99,Unknown EMS Hospital Arrival Time,,,,,,,1,
2022,34,340090,New Jersey,2,2,0,0,0,3,3,3,BERGEN (3),1795,MAHWAH,26,26,5,May,2022,5,Thursday,9,9:00am-9:59am,51,51,1,This section IS ON the NHS,2,Urban,2,Principal Arterial - Other Freeways and Expressways,1,State Highway Agency,3,State Highway,"SR-17 ",,255,255,41.09267778,41.09267778,-74.155230560,-74.15523056,0,No Special Jurisdiction,12,Motor Vehicle In-Transport,1,Front-to-Rear,0,No,1,Non-Junction,1,Not an Intersection,0,None,,,1,On Roadway,1,Daylight,,,,,1,Clear,0,No,0000000,Not Applicable,9,9:00am-9:59am,51,51,9,9:00am-9:59am,53,53,10,10:00am-10:59am,37,37,,,,,,,1,
2022,34,340091,New Jersey,1,1,0,0,0,1,1,17,HUDSON (17),190,BAYONNE,22,22,4,April,2022,6,Friday,2,2:00am-2:59am,23,23,0,This section IS NOT on the NHS,2,Urban,7,Local,4,City or Municipal Highway Agency,6,Local Street - Municipality,AVENUE E,12TH ST,0,None,40.65570278,40.65570278,-74.122108330,-74.12210833,0,No Special Jurisdiction,39,Wall,0,The First Harmful Event was Not a Collision with a Motor Vehicle in Transport,0,No,3,Intersection-Related,3,T-Intersection,0,None,,,4,On Roadside,3,Dark - Lighted,,,,,1,Clear,0,No,0000000,Not Applicable,2,2:00am-2:59am,26,26,2,2:00am-2:59am,31,31,3,3:00am-3:59am,21,21,,,,,,,1,
2022,34,340092,New Jersey,1,1,0,0,0,1,1,29,OCEAN (29),0,NOT APPLICABLE,24,24,4,April,2022,1,Sunday,5,5:00am-5:59am,56,56,0,This section IS NOT on the NHS,2,Urban,4,Minor Arterial,2,County Highway Agency,4,County Road,CR-530 PINEWALD KESWICK RD,,240,240,39.94457222,39.94457222,-74.313236110,-74.31323611,0,No Special Jurisdiction,42,Tree (Standing Only),0,The First Harmful Event was Not a Collision with a Motor Vehicle in Transport,0,No,1,Non-Junction,1,Not an Intersection,0,None,,,4,On Roadside,4,Dawn,,,,,1,Clear,0,No,0000000,Not Applicable,5,5:00am-5:59am,50,50,6,6:00am-6:59am,9,9,6,6:00am-6:59am,50,50,,,,,,,1,
2022,34,340093,New Jersey,1,1,0,0,0,1,1,1,ATLANTIC (1),851,EGG HARBOR TOWNSHIP,2,2,4,April,2022,7,Saturday,0,0:00am-0:59am,42,42,0,This section IS NOT on the NHS,2,Urban,4,Minor Arterial,2,County Highway Agency,4,County Road,CR-559A OCEAN HEIGHTS AVE,,35,35,39.36856667,39.36856667,-74.622602780,-74.62260278,0,No Special Jurisdiction,33,Curb,0,The First Harmful Event was Not a Collision with a Motor Vehicle in Transport,0,No,1,Non-Junction,1,Not an Intersection,0,None,,,4,On Roadside,3,Dark - Lighted,,,,,1,Clear,0,No,0000000,Not Applicable,99,Unknown,99,Unknown,99,Unknown EMS Scene Arrival Hour,99,Unknown EMS Scene Arrival Minutes,88,"Not Applicable (Not Transported) ",88,Not Applicable (Not Transported),,,,,,,1,
2022,34,340094,New Jersey,1,1,0,0,0,1,1,5,BURLINGTON (5),0,NOT APPLICABLE,30,30,4,April,2022,7,Saturday,14,2:00pm-2:59pm,55,55,0,This section IS NOT on the NHS,1,Rural,5,Major Collector,2,County Highway Agency,4,County Road,CR-542,,103,103,39.62665000,39.62665000,-74.625511110,-74.62551111,0,No Special Jurisdiction,24,Guardrail Face,0,The First Harmful Event was Not a Collision with a Motor Vehicle in Transport,0,No,1,Non-Junction,1,Not an Intersection,0,None,,,4,On Roadside,1,Daylight,,,,,1,Clear,0,No,0000000,Not Applicable,99,Unknown,99,Unknown,99,Unknown EMS Scene Arrival Hour,99,Unknown EMS Scene Arrival Minutes,88,"Not Applicable (Not Transported) ",88,Not Applicable (Not Transported),,,,,,,1,
2022,34,340095,New Jersey,1,1,0,0,0,1,1,37,SUSSEX (37),3448,VERNON,24,24,4,April,2022,1,Sunday,8,8:00am-8:59am,6,6,0,This section IS NOT on the NHS,1,Rural,5,Major Collector,4,City or Municipal Highway Agency,6,Local Street - Municipality,WARWICK TURNPIKE,,0,None,41.18518611,41.18518611,-74.389872220,-74.38987222,0,No Special Jurisdiction,42,Tree (Standing Only),0,The First Harmful Event was Not a Collision with a Motor Vehicle in Transport,0,No,1,Non-Junction,1,Not an Intersection,0,None,,,4,On Roadside,1,Daylight,,,,,1,Clear,0,No,0000000,Not Applicable,99,Unknown,99,Unknown,99,Unknown EMS Scene Arrival Hour,99,Unknown EMS Scene Arrival Minutes,88,"Not Applicable (Not Transported) ",88,Not Applicable (Not Transported),,,,,,,1,
2022,34,340096,New Jersey,1,1,0,0,0,1,1,1,ATLANTIC (1),1264,HAMILTON,18,18,4,April,2022,2,Monday,16,4:00pm-4:59pm,3,3,0,This section IS NOT on the NHS,1,Rural,4,Minor Arterial,1,State Highway Agency,2,U.S. Highway,US-322,,420,420,39.50914722,39.50914722,-74.771047220,-74.77104722,0,No Special Jurisdiction,30,Utility Pole/Light Support,0,The First Harmful Event was Not a Collision with a Motor Vehicle in Transport,0,No,1,Non-Junction,1,Not an Intersection,0,None,,,4,On Roadside,1,Daylight,,,,,1,Clear,0,No,0000000,Not Applicable,16,4:00pm-4:59pm,4,4,16,4:00pm-4:59pm,10,10,88,"Not Applicable (Not Transported) ",88,Not Applicable (Not Transported),,,,,,,1,
2022,34,340097,New Jersey,1,1,0,1,1,2,2,5,BURLINGTON (5),2081,MT LAUREL,13,13,4,April,2022,4,Wednesday,10,10:00am-10:59am,47,47,0,This section IS NOT on the NHS,2,Urban,4,Minor Arterial,2,County Highway Agency,4,County Road,CR-686 HARTFORD RD,,61,61,39.93271111,39.93271111,-74.863805560,-74.86380556,0,No Special Jurisdiction,9,Pedalcyclist,0,The First Harmful Event was Not a Collision with a Motor Vehicle in Transport,0,No,1,Non-Junction,1,Not an Intersection,0,None,,,1,On Roadway,1,Daylight,,,,,1,Clear,0,No,0000000,Not Applicable,10,10:00am-10:59am,53,53,10,10:00am-10:59am,58,58,11,11:00am-11:59am,30,30,,,,,,,1,
2022,34,340098,New Jersey,1,1,0,1,1,1,1,1,ATLANTIC (1),1720,LINWOOD,10,10,4,April,2022,1,Sunday,0,0:00am-0:59am,11,11,0,This section IS NOT on the NHS,2,Urban,5,Major Collector,2,County Highway Agency,4,County Road,CR-559A OCEAN HEIGHTS AVE,WABASH AVE,2,2,39.32943611,39.32943611,-74.587136110,-74.58713611,0,No Special Jurisdiction,9,Pedalcyclist,0,The First Harmful Event was Not a Collision with a Motor Vehicle in Transport,0,No,3,Intersection-Related,2,Four-Way Intersection,0,None,,,1,On Roadway,3,Dark - Lighted,,,,,1,Clear,0,No,0000000,Not Applicable,0,0:00am-0:59am,14,14,0,0:00am-0:59am,16,16,88,"Not Applicable (Not Transported) ",88,Not Applicable (Not Transported),,,,,,,1,
2022,34,340099,New Jersey,2,2,0,0,0,2,2,21,MERCER (21),2845,ROBBINSVILLE,10,10,5,May,2022,3,Tuesday,14,2:00pm-2:59pm,30,30,1,This section IS ON the NHS,2,Urban,1,Interstate,1,State Highway Agency,1,Interstate,I-95,,599,599,40.18725278,40.18725278,-74.612052780,-74.61205278,0,No Special Jurisdiction,12,Motor Vehicle In-Transport,1,Front-to-Rear,0,No,1,Non-Junction,1,Not an Intersection,0,None,,,1,On Roadway,1,Daylight,,,,,1,Clear,0,No,0000000,Not Applicable,14,2:00pm-2:59pm,37,37,14,2:00pm-2:59pm,45,45,99,Unknown,99,Unknown EMS Hospital Arrival Time,,,,,,,1,
2022,34,340100,New Jersey,2,2,0,0,0,2,2,3,BERGEN (3),2950,SADDLE RIVER,6,6,5,May,2022,6,Friday,11,11:00am-11:59am,34,34,1,This section IS ON the NHS,2,Urban,2,Principal Arterial - Other Freeways and Expressways,1,State Highway Agency,3,State Highway,SR-17,,202,202,41.02971944,41.02971944,-74.110725000,-74.11072500,0,No Special Jurisdiction,12,Motor Vehicle In-Transport,1,Front-to-Rear,0,No,1,Non-Junction,1,Not an Intersection,0,None,,,1,On Roadway,1,Daylight,,,,,2,Rain,0,No,0000000,Not Applicable,11,11:00am-11:59am,37,37,11,11:00am-11:59am,42,42,88,"Not Applicable (Not Transported) ",88,Not Applicable (Not Transported),,,,,,,1,
2022,34,340101,New Jersey,2,2,0,1,1,8,8,9,CAPE MAY (9),0,NOT APPLICABLE,29,29,5,May,2022,1,Sunday,19,7:00pm-7:59pm,38,38,0,This section IS NOT on the NHS,1,Rural,7,Local,4,City or Municipal Highway Agency,6,Local Street - Municipality,LINCOLN BLVD,,0,None,38.97429167,38.97429167,-74.960427780,-74.96042778,0,No Special Jurisdiction,12,Motor Vehicle In-Transport,1,Front-to-Rear,0,No,1,Non-Junction,1,Not an Intersection,0,None,,,1,On Roadway,1,Daylight,,,,,1,Clear,0,No,0000000,Not Applicable,19,7:00pm-7:59pm,44,44,19,7:00pm-7:59pm,56,56,20,8:00pm-8:59pm,57,57,,,,,,,1,
2022,34,340102,New Jersey,2,2,0,1,1,1,1,33,SALEM (33),567,CARNEYS POINT,18,18,4,April,2022,2,Monday,23,11:00pm-11:59pm,3,3,1,This section IS ON the NHS,2,Urban,2,Principal Arterial - Other Freeways and Expressways,31,State Toll Road,8,Other,700 NEW JERSEY TURNPIKE,,15,15,39.68253056,39.68253056,-75.463694440,-75.46369444,0,No Special Jurisdiction,12,Motor Vehicle In-Transport,7,Sideswipe - Same Direction,0,No,1,Non-Junction,1,Not an Intersection,0,None,,,1,On Roadway,2,Dark - Not Lighted,,,,,2,Rain,0,No,0000000,Not Applicable,23,11:00pm-11:59pm,14,14,23,11:00pm-11:59pm,23,23,88,"Not Applicable (Not Transported) ",88,Not Applicable (Not Transported),,,,,,,1,
2022,34,340103,New Jersey,1,1,0,1,1,1,1,33,SALEM (33),2617,PITTSGROVE TOWNSHIP,9,9,4,April,2022,7,Saturday,17,5:00pm-5:59pm,43,43,0,This section IS NOT on the NHS,2,Urban,7,Local,2,County Highway Agency,6,Local Street - Municipality,CR-621 LAWRENCE CORNER RD,,4,4,39.55584167,39.55584167,-75.137225000,-75.13722500,0,No Special Jurisdiction,9,Pedalcyclist,0,The First Harmful Event was Not a Collision with a Motor Vehicle in Transport,0,No,1,Non-Junction,1,Not an Intersection,0,None,,,1,On Roadway,1,Daylight,,,,,1,Clear,0,No,0000000,Not Applicable,17,5:00pm-5:59pm,47,47,17,5:00pm-5:59pm,48,48,18,6:00pm-6:59pm,14,14,,,,,,,1,
2022,34,340104,New Jersey,1,1,0,1,1,1,1,1,ATLANTIC (1),2640,PLEASANTVILLE,27,27,4,April,2022,4,Wednesday,16,4:00pm-4:59pm,24,24,0,This section IS NOT on the NHS,2,Urban,5,Major Collector,4,City or Municipal Highway Agency,6,Local Street - Municipality,N FRANKLIN BLVD,LORAINE AVE,0,None,39.39866944,39.39866944,-74.513486110,-74.51348611,0,No Special Jurisdiction,9,Pedalcyclist,0,The First Harmful Event was Not a Collision with a Motor Vehicle in Transport,0,No,2,Intersection,2,Four-Way Intersection,0,None,,,1,On Roadway,1,Daylight,,,,,1,Clear,0,No,0000000,Not Applicable,16,4:00pm-4:59pm,28,28,16,4:00pm-4:59pm,33,33,16,4:00pm-4:59pm,59,59,,,,,,,1,
2022,34,340105,New Jersey,1,1,0,1,1,1,1,29,OCEAN (29),1505,CASSVILLE,11,11,4,April,2022,2,Monday,21,9:00pm-9:59pm,29,29,0,This section IS NOT on the NHS,2,Urban,5,Major Collector,2,County Highway Agency,4,County Road,CR-638 JACKSON MILLS RD,HARMONY RD,58,58,40.15937500,40.15937500,-74.304169440,-74.30416944,0,No Special Jurisdiction,15,Non-Motorist on Personal Conveyance,0,The First Harmful Event was Not a Collision with a Motor Vehicle in Transport,0,No,3,Intersection-Related,2,Four-Way Intersection,0,None,,,1,On Roadway,2,Dark - Not Lighted,,,,,1,Clear,0,No,0000000,Not Applicable,21,9:00pm-9:59pm,30,30,21,9:00pm-9:59pm,38,38,88,"Not Applicable (Not Transported) ",88,Not Applicable (Not Transported),,,,,,,1,
2022,34,340106,New Jersey,2,2,0,0,0,3,3,9,CAPE MAY (9),0,NOT APPLICABLE,2,2,4,April,2022,7,Saturday,13,1:00pm-1:59pm,16,16,0,This section IS NOT on the NHS,2,Urban,5,Major Collector,2,County Highway Agency,4,County Road,CR-631 TUCKAHOE RD,,35,35,39.25771111,39.25771111,-74.675986110,-74.67598611,0,No Special Jurisdiction,12,Motor Vehicle In-Transport,6,Angle,0,No,1,Non-Junction,1,Not an Intersection,0,None,,,1,On Roadway,1,Daylight,,,,,1,Clear,0,No,0000000,Not Applicable,99,Unknown,99,Unknown,99,Unknown EMS Scene Arrival Hour,99,Unknown EMS Scene Arrival Minutes,99,Unknown,99,Unknown EMS Hospital Arrival Time,,,,,,,1,
2022,34,340107,New Jersey,2,2,0,0,0,3,3,29,OCEAN (29),1801,MANCHESTER TOWNSHIP,7,7,4,April,2022,5,Thursday,21,9:00pm-9:59pm,59,59,1,This section IS ON the NHS,2,Urban,3,Principal Arterial - Other,1,State Highway Agency,3,State Highway,SR-70,MANCHESTER BLVD,401,401,39.97718611,39.97718611,-74.367594440,-74.36759444,0,No Special Jurisdiction,12,Motor Vehicle In-Transport,6,Angle,0,No,2,Intersection,2,Four-Way Intersection,0,None,,,1,On Roadway,2,Dark - Not Lighted,,,,,2,Rain,0,No,0000000,Not Applicable,22,10:00pm-10:59pm,2,2,22,10:00pm-10:59pm,4,4,22,10:00pm-10:59pm,50,50,,,,,,,1,
2022,34,340108,New Jersey,2,2,0,0,0,2,2,29,OCEAN (29),1801,MANCHESTER TOWNSHIP,30,30,4,April,2022,7,Saturday,14,2:00pm-2:59pm,17,17,0,This section IS NOT on the NHS,1,Rural,7,Local,2,County Highway Agency,6,Local Street - Municipality,CR-18 PASADENA RD,,52,52,39.90193056,39.90193056,-74.418747220,-74.41874722,0,No Special Jurisdiction,12,Motor Vehicle In-Transport,7,Sideswipe - Same Direction,0,No,1,Non-Junction,1,Not an Intersection,0,None,,,1,On Roadway,1,Daylight,,,,,1,Clear,0,No,0000000,Not Applicable,14,2:00pm-2:59pm,22,22,14,2:00pm-2:59pm,41,41,88,"Not Applicable (Not Transported) ",88,Not Applicable (Not Transported),,,,,,,1,
2022,34,340109,New Jersey,2,2,0,0,0,2,2,7,CAMDEN (7),3694,WINSLOW,20,20,4,April,2022,4,Wednesday,12,12:00pm-12:59pm,30,30,1,This section IS ON the NHS,2,Urban,3,Principal Arterial - Other,1,State Highway Agency,2,U.S. Highway,US-30,,253,253,39.69463333,39.69463333,-74.841458330,-74.84145833,0,No Special Jurisdiction,12,Motor Vehicle In-Transport,2,Front-to-Front,0,No,1,Non-Junction,1,Not an Intersection,0,None,,,1,On Roadway,1,Daylight,,,,,1,Clear,0,No,0000000,Not Applicable,12,12:00pm-12:59pm,40,40,12,12:00pm-12:59pm,49,49,13,1:00pm-1:59pm,12,12,,,,,,,1,
2022,34,340110,New Jersey,2,2,0,0,0,2,2,15,GLOUCESTER (15),0,NOT APPLICABLE,13,13,4,April,2022,4,Wednesday,15,3:00pm-3:59pm,45,45,1,This section IS ON the NHS,2,Urban,3,Principal Arterial - Other,1,State Highway Agency,2,U.S. Highway,US-322,WASHINGTON AVE,248,248,39.68458889,39.68458889,-74.988280560,-74.98828056,0,No Special Jurisdiction,12,Motor Vehicle In-Transport,6,Angle,0,No,2,Intersection,2,Four-Way Intersection,0,None,,,1,On Roadway,1,Daylight,,,,,1,Clear,0,No,0000000,Not Applicable,15,3:00pm-3:59pm,46,46,15,3:00pm-3:59pm,53,53,16,4:00pm-4:59pm,31,31,,,,,,,1,
2022,34,340111,New Jersey,2,2,0,0,0,3,3,5,BURLINGTON (5),932,EVESHAM  TOWNSHIP,29,29,5,May,2022,1,Sunday,10,10:00am-10:59am,33,33,0,This section IS NOT on the NHS,2,Urban,4,Minor Arterial,4,City or Municipal Highway Agency,6,Local Street - Municipality,HOPEWELL RD,,22,22,39.81543611,39.81543611,-74.883480560,-74.88348056,0,No Special Jurisdiction,12,Motor Vehicle In-Transport,2,Front-to-Front,0,No,1,Non-Junction,1,Not an Intersection,0,None,,,1,On Roadway,1,Daylight,,,,,1,Clear,0,No,0000000,Not Applicable,10,10:00am-10:59am,37,37,10,10:00am-10:59am,47,47,11,11:00am-11:59am,14,14,,,,,,,1,
2022,34,340112,New Jersey,2,2,0,1,1,2,2,13,ESSEX (13),2130,NEWARK,10,10,3,March,2022,5,Thursday,4,4:00am-4:59am,45,45,1,This section IS ON the NHS,2,Urban,2,Principal Arterial - Other Freeways and Expressways,1,State Highway Agency,2,U.S. Highway,US-1 TRUCK,,474,474,40.70240556,40.70240556,-74.185113890,-74.18511389,0,No Special Jurisdiction,8,Pedestrian,0,The First Harmful Event was Not a Collision with a Motor Vehicle in Transport,0,No,1,Non-Junction,1,Not an Intersection,0,None,,,1,On Roadway,2,Dark - Not Lighted,,,,,1,Clear,0,No,0000000,Not Applicable,99,Unknown,99,Unknown,99,Unknown EMS Scene Arrival Hour,99,Unknown EMS Scene Arrival Minutes,88,"Not Applicable (Not Transported) ",88,Not Applicable (Not Transported),,,,,,,1,
2022,34,340113,New Jersey,1,1,0,0,0,1,1,31,PASSAIC (31),2510,PATERSON,16,16,4,April,2022,7,Saturday,7,7:00am-7:59am,39,39,1,This section IS ON the NHS,2,Urban,3,Principal Arterial - Other,1,State Highway Agency,3,State Highway,SR-20,,10,10,40.90715278,40.90715278,-74.134494440,-74.13449444,0,No Special Jurisdiction,25,Concrete Traffic Barrier,0,The First Harmful Event was Not a Collision with a Motor Vehicle in Transport,0,No,1,Non-Junction,1,Not an Intersection,0,None,,,3,On Median,1,Daylight,,,,,1,Clear,0,No,0000000,Not Applicable,99,Unknown,99,Unknown,99,Unknown EMS Scene Arrival Hour,99,Unknown EMS Scene Arrival Minutes,88,"Not Applicable (Not Transported) ",88,Not Applicable (Not Transported),,,,,,,1,
2022,34,340114,New Jersey,2,2,0,0,0,2,2,15,GLOUCESTER (15),1075,FRANKLIN,13,13,5,May,2022,6,Friday,5,5:00am-5:59am,44,44,0,This section IS NOT on the NHS,2,Urban,5,Major Collector,2,County Highway Agency,4,County Road,CR-615 WEST BLVD,,28,28,39.57145000,39.57145000,-75.052800000,-75.05280000,0,No Special Jurisdiction,12,Motor Vehicle In-Transport,11,"Other ",0,No,8,Driveway Access Related,1,Not an Intersection,0,None,,,1,On Roadway,1,Daylight,,,,,1,Clear,0,No,0000000,Not Applicable,5,5:00am-5:59am,46,46,5,5:00am-5:59am,52,52,88,"Not Applicable (Not Transported) ",88,Not Applicable (Not Transported),,,,,,,1,
2022,34,340115,New Jersey,1,1,0,0,0,1,1,9,CAPE MAY (9),0,NOT APPLICABLE,17,17,6,June,2022,6,Friday,13,1:00pm-1:59pm,42,42,0,This section IS NOT on the NHS,1,Rural,7,Local,2,County Highway Agency,4,County Road,CR-658 HAND AVE,,12,12,39.09367500,39.09367500,-74.854250000,-74.85425000,0,No Special Jurisdiction,42,Tree (Standing Only),0,The First Harmful Event was Not a Collision with a Motor Vehicle in Transport,0,No,1,Non-Junction,1,Not an Intersection,0,None,,,4,On Roadside,1,Daylight,,,,,10,Cloudy,0,No,0000000,Not Applicable,13,1:00pm-1:59pm,49,49,13,1:00pm-1:59pm,54,54,88,"Not Applicable (Not Transported) ",88,Not Applicable (Not Transported),,,,,,,1,
2022,34,340116,New Jersey,1,1,0,1,1,1,1,19,HUNTERDON (19),1020,FLEMINGTON,30,30,5,May,2022,2,Monday,2,2:00am-2:59am,14,14,1,This section IS ON the NHS,2,Urban,3,Principal Arterial - Other,1,State Highway Agency,2,U.S. Highway,US-202,REAVILLE AVE,112,112,40.50014722,40.50014722,-74.854991670,-74.85499167,0,No Special Jurisdiction,15,Non-Motorist on Personal Conveyance,0,The First Harmful Event was Not a Collision with a Motor Vehicle in Transport,0,No,2,Intersection,2,Four-Way Intersection,0,None,,,1,On Roadway,3,Dark - Lighted,,,,,1,Clear,0,No,0000000,Not Applicable,2,2:00am-2:59am,24,24,2,2:00am-2:59am,41,41,3,3:00am-3:59am,9,9,,,,,,,1,