caseyear,state,st_case,statename,ve_total,ve_forms,pvh_invl,peds,pernotmvit,permvit,persons,county,countyname,city,cityname,day,dayname,month,monthname,year,day_week,day_weekname,hour,hourname,minute,minutename,nhs,nhsname,rur_urb,rur_urbname,func_sys,func_sysname,rd_owner,rd_ownername,route,routename,tway_id,tway_id2,milept,mileptname,latitude,latitudename,longitud,longitudname,sp_jur,sp_jurname,harm_ev,harm_evname,man_coll,man_collname,reljct1,reljct1name,reljct2,reljct2name,typ_int,typ_intname,wrk_zone,wrk_zonename,road_fnc,road_fncname,rel_road,rel_roadname,lgt_cond,lgt_condname,weather1,weather1name,weather2,weather2name,weather,weathername,sch_bus,sch_busname,rail,railname,not_hour,not_hourname,not_min,not_minname,arr_hour,arr_hourname,arr_min,arr_minname,hosp_hr,hosp_hrname,hosp_mn,hosp_mnname,cf1,cf1name,cf2,cf2name,cf3,cf3name,fatals,drunk_dr
2022,34,340154,New Jersey,1,1,0,0,0,1,1,35,SOMERSET (35),425,BRIDGEWATER,8,8,4,April,2022,6,Friday,21,9:00pm-9:59pm,12,12,0,This section IS NOT on the NHS,2,Urban,7,Local,4,City or Municipal Highway Agency,6,Local Street - Municipality,TALAMINI RD,COUNTRY CLUB RD,0,None,40.60779444,40.60779444,-74.643186110,-74.64318611,0,No Special Jurisdiction,33,Curb,0,The First Harmful Event was Not a Collision with a Motor Vehicle in Transport,0,No,3,Intersection-Related,3,T-Intersection,0,None,,,4,On Roadside,2,Dark - Not Lighted,,,,,1,Clear,0,No,0000000,Not Applicable,99,Unknown,99,Unknown,99,Unknown EMS Scene Arrival Hour,99,Unknown EMS Scene Arrival Minutes,99,Unknown,99,Unknown EMS Hospital Arrival Time,,,,,,,1,
2022,34,340155,New Jersey,1,1,0,0,0,1,1,13,ESSEX (13),800,EAST ORANGE,9,9,4,April,2022,7,Saturday,3,3:00am-3:59am,25,25,1,This section IS ON the NHS,2,Urban,2,Principal Arterial - Other Freeways and Expressways,31,State Toll Road,8,Other,444,,1486,1486,40.77788056,40.77788056,-74.200866670,-74.20086667,0,No Special Jurisdiction,42,Tree (Standing Only),0,The First Harmful Event was Not a Collision with a Motor Vehicle in Transport,0,No,1,Non-Junction,1,Not an Intersection,0,None,,,5,Outside Trafficway,2,Dark - Not Lighted,,,,,1,Clear,0,No,0000000,Not Applicable,99,Unknown,99,Unknown,99,Unknown EMS Scene Arrival Hour,99,Unknown EMS Scene Arrival Minutes,99,Unknown,99,Unknown EMS Hospital Arrival Time,,,,,,,1,
2022,34,340156,New Jersey,3,3,0,2,2,2,2,7,CAMDEN (7),0,NOT APPLICABLE,25,25,1,January,2022,3,Tuesday,23,11:00pm-11:59pm,53,53,1,This section IS ON the NHS,2,Urban,2,Principal Arterial - Other Freeways and Expressways,1,State Highway Agency,3,State Highway,SR-42 RAMP,,90,90,39.80510278,39.80510278,-75.056677780,-75.05667778,0,No Special Jurisdiction,12,Motor Vehicle In-Transport,1,Front-to-Rear,1,Yes,20,Entrance/Exit Ramp,1,Not an Intersection,0,None,,,1,On Roadway,2,Dark - Not Lighted,,,,,1,Clear,0,No,0000000,Not Applicable,23,11:00pm-11:59pm,53,53,23,11:00pm-11:59pm,56,56,0,0:00am-0:59am,33,33,,,,,,,1,
2022,34,340157,New Jersey,1,1,0,0,0,1,1,29,OCEAN (29),416,BRICK TOWN,7,7,6,June,2022,3,Tuesday,0,0:00am-0:59am,9,9,0,This section IS NOT on the NHS,2,Urban,7,Local,4,City or Municipal Highway Agency,6,Local Street - Municipality,YORKETOWNE BLVD,,0,None,40.01955556,40.01955556,-74.146444440,-74.14644444,0,No Special Jurisdiction,33,Curb,0,The First Harmful Event was Not a Collision with a Motor Vehicle in Transport,0,No,1,Non-Junction,1,Not an Intersection,0,None,,,4,On Roadside,3,Dark - Lighted,,,,,1,Clear,0,No,0000000,Not Applicable,0,0:00am-0:59am,12,12,0,0:00am-0:59am,24,24,1,1:00am-1:59am,7,7,,,,,,,1,
2022,34,340158,New Jersey,1,1,0,1,1,2,2,1,ATLANTIC (1),90,ATLANTIC CITY,3,3,5,May,2022,3,Tuesday,22,10:00pm-10:59pm,50,50,0,This section IS NOT on the NHS,2,Urban,4,Minor Arterial,4,City or Municipal Highway Agency,6,Local Street - Municipality,ARCTIC AVE,CALIFORNIA AVE,6,6,39.35700278,39.35700278,-74.445555560,-74.44555556,0,No Special Jurisdiction,8,Pedestrian,0,The First Harmful Event was Not a Collision with a Motor Vehicle in Transport,0,No,3,Intersection-Related,2,Four-Way Intersection,0,None,,,1,On Roadway,3,Dark - Lighted,,,,,1,Clear,0,No,0000000,Not Applicable,22,10:00pm-10:59pm,52,52,22,10:00pm-10:59pm,54,54,23,11:00pm-11:59pm,12,12,,,,,,,1,
2022,34,340159,New Jersey,1,1,0,0,0,1,1,15,GLOUCESTER (15),747,DEPTFORD,30,30,5,May,2022,2,Monday,13,1:00pm-1:59pm,8,8,1,This section IS ON the NHS,2,Urban,2,Principal Arterial - Other Freeways and Expressways,1,State Highway Agency,3,State Highway,SR-42 RAMP,,120,120,39.83539167,39.83539167,-75.091708330,-75.09170833,0,No Special Jurisdiction,33,Curb,0,The First Harmful Event was Not a Collision with a Motor Vehicle in Transport,1,Yes,5,Entrance/Exit Ramp Related,1,Not an Intersection,0,None,,,4,On Roadside,1,Daylight,,,,,1,Clear,0,No,0000000,Not Applicable,99,Unknown,99,Unknown,99,Unknown EMS Scene Arrival Hour,99,Unknown EMS Scene Arrival Minutes,88,"Not Applicable (Not Transported) ",88,Not Applicable (Not Transported),,,,,,,1,
2022,34,340161,New Jersey,1,1,0,1,1,1,1,35,SOMERSET (35),425,BRIDGEWATER,2,2,4,April,2022,7,Saturday,18,6:00pm-6:59pm,8,8,0,This section IS NOT on the NHS,2,Urban,7,Local,4,City or Municipal Highway Agency,6,Local Street - Municipality,3RD ST,FULTON ST,0,None,40.56100833,40.56100833,-74.577672220,-74.57767222,0,No Special Jurisdiction,9,Pedalcyclist,0,The First Harmful Event was Not a Collision with a Motor Vehicle in Transport,0,No,2,Intersection,2,Four-Way Intersection,0,None,,,1,On Roadway,1,Daylight,,,,,1,Clear,0,No,0000000,Not Applicable,18,6:00pm-6:59pm,10,10,18,6:00pm-6:59pm,14,14,18,6:00pm-6:59pm,33,33,,,,,,,1,
2022,34,340162,New Jersey,1,1,0,1,1,1,1,35,SOMERSET (35),1081,FRANKLIN PARK,22,22,2,February,2022,3,Tuesday,20,8:00pm-8:59pm,29,29,1,This section IS ON the NHS,2,Urban,3,Principal Arterial - Other,1,State Highway Agency,3,State Highway,SR-27,,146,146,40.48535278,40.48535278,-74.473627780,-74.47362778,0,No Special Jurisdiction,8,Pedestrian,0,The First Harmful Event was Not a Collision with a Motor Vehicle in Transport,0,No,1,Non-Junction,1,Not an Intersection,0,None,,,1,On Roadway,3,Dark - Lighted,,,,,10,Cloudy,0,No,0000000,Not Applicable,20,8:00pm-8:59pm,26,26,20,8:00pm-8:59pm,34,34,88,"Not Applicable (Not Transported) ",88,Not Applicable (Not Transported),,,,,,,1,
2022,34,340163,New Jersey,2,1,1,1,1,1,1,15,GLOUCESTER (15),1082,FRANKLINVILLE,7,7,7,July,2022,5,Thursday,0,0:00am-0:59am,32,32,1,This section IS ON the NHS,2,Urban,2,Principal Arterial - Other Freeways and Expressways,1,State Highway Agency,3,State Highway,SR-55,,436,436,39.63826667,39.63826667,-75.097050000,-75.09705000,0,No Special Jurisdiction,8,Pedestrian,0,The First Harmful Event was Not a Collision with a Motor Vehicle in Transport,0,No,1,Non-Junction,1,Not an Intersection,0,None,,,2,On Shoulder,2,Dark - Not Lighted,,,,,1,Clear,0,No,0000000,Not Applicable,0,0:00am-0:59am,31,31,0,0:00am-0:59am,46,46,88,"Not Applicable (Not Transported) ",88,Not Applicable (Not Transported),,,,,,,1,
2022,34,340164,New Jersey,2,2,0,0,0,3,3,35,SOMERSET (35),1081,FRANKLIN PARK,6,6,6,June,2022,2,Monday,20,8:00pm-8:59pm,23,23,0,This section IS NOT on the NHS,8,Not Reported,7,Local,4,City or Municipal Highway Agency,6,Local Street - Municipality,CANAL RD,,0,None,40.50080833,40.50080833,-74.583927780,-74.58392778,0,No Special Jurisdiction,12,Motor Vehicle In-Transport,6,Angle,0,No,1,Non-Junction,1,Not an Intersection,0,None,,,1,On Roadway,5,Dusk,,,,,1,Clear,0,No,0000000,Not Applicable,20,8:00pm-8:59pm,25,25,20,8:00pm-8:59pm,29,29,21,9:00pm-9:59pm,34,34,,,,,,,1,
2022,34,340165,New Jersey,3,3,0,0,0,4,4,13,ESSEX (13),1480,TOWNSHIP OF IRVINGTON,19,19,7,July,2022,3,Tuesday,14,2:00pm-2:59pm,20,20,1,This section IS ON the NHS,2,Urban,2,Principal Arterial - Other Freeways and Expressways,31,State Toll Road,8,Other,444,,1438,1438,40.71776944,40.71776944,-74.238547220,-74.23854722,0,No Special Jurisdiction,12,Motor Vehicle In-Transport,1,Front-to-Rear,0,No,1,Non-Junction,1,Not an Intersection,0,None,,,1,On Roadway,1,Daylight,,,,,1,Clear,0,No,0000000,Not Applicable,14,2:00pm-2:59pm,24,24,14,2:00pm-2:59pm,32,32,15,3:00pm-3:59pm,1,1,,,,,,,1,
2022,34,340166,New Jersey,2,2,0,0,0,5,5,35,SOMERSET (35),1081,FRANKLIN PARK,9,9,1,January,2022,1,Sunday,18,6:00pm-6:59pm,14,14,0,This section IS NOT on the NHS,2,Urban,5,Major Collector,4,City or Municipal Highway Agency,6,Local Street - Municipality,DAVIDSON AVE,,0,None,40.54149444,40.54149444,-74.519408330,-74.51940833,0,No Special Jurisdiction,12,Motor Vehicle In-Transport,2,Front-to-Front,0,No,1,Non-Junction,1,Not an Intersection,0,None,,,1,On Roadway,3,Dark - Lighted,,,,,2,Rain,0,No,0000000,Not Applicable,17,5:00pm-5:59pm,57,57,18,6:00pm-6:59pm,1,1,19,7:00pm-7:59pm,3,3,,,,,,,1,
2022,34,340167,New Jersey,1,1,0,0,0,1,1,39,UNION (39),3395,UNION,13,13,7,July,2022,4,Wednesday,3,3:00am-3:59am,13,13,1,This section IS ON the NHS,2,Urban,3,Principal Arterial - Other,1,State Highway Agency,3,State Highway,SR-82 MORRIS AVE,,32,32,40.69147500,40.69147500,-74.252588890,-74.25258889,0,No Special Jurisdiction,33,Curb,0,The First Harmful Event was Not a Collision with a Motor Vehicle in Transport,0,No,1,Non-Junction,1,Not an Intersection,0,None,,,4,On Roadside,6,Dark - Unknown Lighting,,,,,1,Clear,0,No,0000000,Not Applicable,3,3:00am-3:59am,17,17,3,3:00am-3:59am,26,26,88,"Not Applicable (Not Transported) ",88,Not Applicable (Not Transported),,,,,,,1,
2022,34,340168,New Jersey,3,1,2,0,0,1,1,31,PASSAIC (31),2510,PATERSON,28,28,2,February,2022,2,Monday,19,7:00pm-7:59pm,36,36,0,This section IS NOT on the NHS,2,Urban,7,Local,4,City or Municipal Highway Agency,6,Local Street - Municipality,NORTH 3RD STREET,,0,None,40.92489167,40.92489167,-74.177105560,-74.17710556,0,No Special Jurisdiction,14,Parked Motor Vehicle,0,The First Harmful Event was Not a Collision with a Motor Vehicle in Transport,0,No,1,Non-Junction,1,Not an Intersection,0,None,,,7,In Parking Lane/Zone,3,Dark - Lighted,,,,,1,Clear,0,No,0000000,Not Applicable,19,7:00pm-7:59pm,58,58,20,8:00pm-8:59pm,6,6,88,"Not Applicable (Not Transported) ",88,Not Applicable (Not Transported),,,,,,,1,
2022,34,340169,New Jersey,1,1,0,0,0,4,4,23,MIDDLESEX (23),844,EDISON,8,8,2,February,2022,3,Tuesday,22,10:00pm-10:59pm,17,17,1,This section IS ON the NHS,2,Urban,3,Principal Arterial - Other,1,State Highway Agency,2,U.S. Highway,US-1,,322,322,40.53179444,40.53179444,-74.349955560,-74.34995556,0,No Special Jurisdiction,33,Curb,0,The First Harmful Event was Not a Collision with a Motor Vehicle in Transport,0,No,1,Non-Junction,1,Not an Intersection,0,None,,,4,On Roadside,3,Dark - Lighted,,,,,1,Clear,0,No,0000000,Not Applicable,22,10:00pm-10:59pm,22,22,22,10:00pm-10:59pm,27,27,23,11:00pm-11:59pm,0,0,,,,,,,2,
2022,34,340170,New Jersey,1,1,0,0,0,1,1,13,ESSEX (13),800,EAST ORANGE,13,13,5,May,2022,6,Friday,23,11:00pm-11:59pm,42,42,0,This section IS NOT on the NHS,2,Urban,6,Minor Collector,4,City or Municipal Highway Agency,6,Local Street - Municipality,AMPERE PLZ,NORTH 18TH STREET,99998,Not Reported,40.76620833,40.76620833,-74.194847220,-74.19484722,0,No Special Jurisdiction,1,Rollover/Overturn,0,The First Harmful Event was Not a Collision with a Motor Vehicle in Transport,0,No,2,Intersection,4,Y-Intersection,0,None,,,1,On Roadway,3,Dark - Lighted,,,,,1,Clear,0,No,0000000,Not Applicable,23,11:00pm-11:59pm,24,24,23,11:00pm-11:59pm,32,32,88,"Not Applicable (Not Transported) ",88,Not Applicable (Not Transported),,,,,,,1,
2022,34,340171,New Jersey,1,1,0,0,0,1,1,29,OCEAN (29),0,NOT APPLICABLE,2,2,7,July,2022,7,Saturday,7,7:00am-7:59am,41,41,0,This section IS NOT on the NHS,2,Urban,4,Minor Arterial,1,State Highway Agency,2,U.S. Highway,US-9,,683,683,39.66651667,39.66651667,-74.280858330,-74.28085833,0,No Special Jurisdiction,30,Utility Pole/Light Support,0,The First Harmful Event was Not a Collision with a Motor Vehicle in Transport,0,No,1,Non-Junction,1,Not an Intersection,0,None,,,4,On Roadside,1,Daylight,,,,,1,Clear,0,No,0000000,Not Applicable,7,7:00am-7:59am,40,40,7,7:00am-7:59am,50,50,88,"Not Applicable (Not Transported) ",88,Not Applicable (Not Transported),,,,,,,1,
2022,34,340172,New Jersey,1,1,0,0,0,1,1,11,CUMBERLAND (11),3460,VINELAND,19,19,7,July,2022,3,Tuesday,7,7:00am-7:59am,58,58,0,This section IS NOT on the NHS,2,Urban,4,Minor Arterial,2,County Highway Agency,4,County Road,CR-552 MAYS LANDING RD,,163,163,39.42161389,39.42161389,-74.957191670,-74.95719167,0,No Special Jurisdiction,30,Utility Pole/Light Support,0,The First Harmful Event was Not a Collision with a Motor Vehicle in Transport,0,No,1,Non-Junction,1,Not an Intersection,0,None,,,4,On Roadside,1,Daylight,,,,,1,Clear,0,No,0000000,Not Applicable,8,8:00am-8:59am,0,0,8,8:00am-8:59am,9,9,88,"Not Applicable (Not Transported) ",88,Not Applicable (Not Transported),,,,,,,1,
2022,34,340173,New Jersey,1,1,0,0,0,1,1,15,GLOUCESTER (15),0,NOT APPLICABLE,18,18,7,July,2022,2,Monday,8,8:00am-8:59am,44,44,1,This section IS ON the NHS,2,Urban,3,Principal Arterial - Other,2,County Highway Agency,4,County Road,CR-689 BERLIN CROSS KEYS RD,,52,52,39.72595000,39.72595000,-75.015925000,-75.01592500,0,No Special Jurisdiction,30,Utility Pole/Light Support,0,The First Harmful Event was Not a Collision with a Motor Vehicle in Transport,0,No,1,Non-Junction,1,Not an Intersection,0,None,,,4,On Roadside,1,Daylight,,,,,1,Clear,0,No,0000000,Not Applicable,99,Unknown,99,Unknown,99,Unknown EMS Scene Arrival Hour,99,Unknown EMS Scene Arrival Minutes,99,Unknown,99,Unknown EMS Hospital Arrival Time,,,,,,,1,
2022,34,340174,New Jersey,1,1,0,0,0,1,1,3,BERGEN (3),270,BERGENFIELD,17,17,7,July,2022,1,Sunday,3,3:00am-3:59am,53,53,1,This section IS ON the NHS,2,Urban,3,Principal Arterial - Other,2,County Highway Agency,4,County Road,CR-49 NEW BRIDGE RD,CR-S70 PROSPECT AVE,54,54,40.91410833,40.91410833,-74.010525000,-74.01052500,0,No Special Jurisdiction,33,Curb,0,The First Harmful Event was Not a Collision with a Motor Vehicle in Transport,0,No,3,Intersection-Related,3,T-Intersection,0,None,,,4,On Roadside,6,Dark - Unknown Lighting,,,,,2,Rain,0,No,0000000,Not Applicable,3,3:00am-3:59am,54,54,4,4:00am-4:59am,3,3,4,4:00am-4:59am,41,41,,,,,,,1,
2022,34,340175,New Jersey,1,1,0,0,0,4,4,3,BERGEN (3),2940,RUTHERFORD,8,8,7,July,2022,6,Friday,14,2:00pm-2:59pm,56,56,0,This section IS NOT on the NHS,2,Urban,5,Major Collector,4,City or Municipal Highway Agency,6,Local Street - Municipality,MARGINAL RD,,99998,Not Reported,40.81797222,40.81797222,-74.115116670,-74.11511667,0,No Special Jurisdiction,33,Curb,0,The First Harmful Event was Not a Collision with a Motor Vehicle in Transport,0,No,1,Non-Junction,1,Not an Intersection,0,None,,,4,On Roadside,1,Daylight,,,,,2,Rain,0,No,0000000,Not Applicable,15,3:00pm-3:59pm,7,7,15,3:00pm-3:59pm,11,11,15,3:00pm-3:59pm,55,55,,,,,,,1,
2022,34,340176,New Jersey,1,1,0,1,1,1,1,7,CAMDEN (7),2600,PINE HILL,13,13,5,May,2022,6,Friday,21,9:00pm-9:59pm,57,57,1,This section IS ON the NHS,2,Urban,3,Principal Arterial - Other,2,County Highway Agency,4,County Road,CR-534,,67,67,39.80471389,39.80471389,-75.013455560,-75.01345556,0,No Special Jurisdiction,8,Pedestrian,0,The First Harmful Event was Not a Collision with a Motor Vehicle in Transport,0,No,1,Non-Junction,1,Not an Intersection,0,None,,,2,On Shoulder,2,Dark - Not Lighted,,,,,1,Clear,0,No,0000000,Not Applicable,22,10:00pm-10:59pm,0,0,22,10:00pm-10:59pm,7,7,22,10:00pm-10:59pm,38,38,,,,,,,1,
2022,34,340177,New Jersey,2,2,0,0,0,7,7,5,BURLINGTON (5),0,NOT APPLICABLE,16,16,1,January,2022,1,Sunday,4,4:00am-4:59am,18,18,0,This section IS NOT on the NHS,1,Rural,5,Major Collector,2,County Highway Agency,4,County Road,"CR-628 JACKSONVILLE MT HOLLY ",,33,33,40.04623611,40.04623611,-74.765311110,-74.76531111,0,No Special Jurisdiction,12,Motor Vehicle In-Transport,6,Angle,0,No,8,Driveway Access Related,1,Not an Intersection,0,None,,,1,On Roadway,3,Dark - Lighted,,,,,1,Clear,0,No,0000000,Not Applicable,3,3:00am-3:59am,59,59,4,4:00am-4:59am,8,8,4,4:00am-4:59am,52,52,,,,,,,2,
2022,34,340178,New Jersey,1,1,0,1,1,1,1,39,UNION (39),3395,UNION,24,24,1,January,2022,2,Monday,17,5:00pm-5:59pm,32,32,1,This section IS ON the NHS,2,Urban,3,Principal Arterial - Other,1,State Highway Agency,3,State Highway,SR-439,,27,27,40.67486389,40.67486389,-74.228919440,-74.22891944,0,No Special Jurisdiction,8,Pedestrian,0,The First Harmful Event was Not a Collision with a Motor Vehicle in Transport,0,No,1,Non-Junction,1,Not an Intersection,0,None,,,1,On Roadway,3,Dark - Lighted,,,,,1,Clear,0,No,0000000,Not Applicable,17,5:00pm-5:59pm,37,37,17,5:00pm-5:59pm,40,40,18,6:00pm-6:59pm,0,0,,,,,,,1,
2022,34,340179,New Jersey,1,1,0,1,1,1,1,5,BURLINGTON (5),481,BURLINGTON TOWNSHIP,20,20,5,May,2022,6,Friday,1,1:00am-1:59am,13,13,0,This section IS NOT on the NHS,2,Urban,4,Minor Arterial,2,County Highway Agency,4,County Road,CR-634,SUNSET HEIGHTS APT,99998,Not Reported,40.04882222,40.04882222,-74.880600000,-74.88060000,0,No Special Jurisdiction,8,Pedestrian,0,The First Harmful Event was Not a Collision with a Motor Vehicle in Transport,0,No,2,Intersection,3,T-Intersection,0,None,,,1,On Roadway,6,Dark - Unknown Lighting,,,,,1,Clear,0,No,0000000,Not Applicable,1,1:00am-1:59am,18,18,1,1:00am-1:59am,23,23,88,"Not Applicable (Not Transported) ",88,Not Applicable (Not Transported),,,,,,,1,
2022,34,340180,New Jersey,1,1,0,1,1,3,3,39,UNION (39),3395,UNION,4,4,6,June,2022,7,Saturday,19,7:00pm-7:59pm,43,43,1,This section IS ON the NHS,2,Urban,3,Principal Arterial - Other,1,State Highway Agency,2,U.S. Highway,US-22,,532,532,40.68866389,40.68866389,-74.305244440,-74.30524444,0,No Special Jurisdiction,8,Pedestrian,0,The First Harmful Event was Not a Collision with a Motor Vehicle in Transport,0,No,1,Non-Junction,1,Not an Intersection,0,None,,,1,On Roadway,5,Dusk,,,,,1,Clear,0,No,0000000,Not Applicable,19,7:00pm-7:59pm,45,45,19,7:00pm-7:59pm,55,55,20,8:00pm-8:59pm,32,32,,,,,,,1,
2022,34,340181,New Jersey,1,1,0,0,0,1,1,25,MONMOUTH (25),1925,MIDDLETOWN,1,1,6,June,2022,4,Wednesday,12,12:00pm-12:59pm,19,19,1,This section IS ON the NHS,2,Urban,2,Principal Arterial - Other Freeways and Expressways,31,State Toll Road,8,Other,444,,1126,1126,40.35962222,40.35962222,-74.135133330,-74.13513333,0,No Special Jurisdiction,18,Other Object (not fixed),0,The First Harmful Event was Not a Collision with a Motor Vehicle in Transport,0,No,1,Non-Junction,1,Not an Intersection,0,None,,,2,On Shoulder,1,Daylight,,,,,1,Clear,0,No,0000000,Not Applicable,12,12:00pm-12:59pm,23,23,12,12:00pm-12:59pm,30,30,13,1:00pm-1:59pm,16,16,,,,,,,1,
2022,34,340182,New Jersey,2,2,0,0,0,5,5,7,CAMDEN (7),1790,MAGNOLIA,19,19,1,January,2022,4,Wednesday,9,9:00am-9:59am,52,52,1,This section IS ON the NHS,2,Urban,3,Principal Arterial - Other,1,State Highway Agency,2,U.S. Highway,US-30,WARWICK RD,92,92,39.86153333,39.86153333,-75.033550000,-75.03355000,0,No Special Jurisdiction,12,Motor Vehicle In-Transport,6,Angle,0,No,2,Intersection,2,Four-Way Intersection,0,None,,,1,On Roadway,1,Daylight,,,,,1,Clear,0,No,0000000,Not Applicable,9,9:00am-9:59am,55,55,10,10:00am-10:59am,3,3,10,10:00am-10:59am,36,36,,,,,,,2,
2022,34,340183,New Jersey,1,1,0,0,0,1,1,41,WARREN (41),2450,OXFORD,10,10,6,June,2022,6,Friday,18,6:00pm-6:59pm,58,58,0,This section IS NOT on the NHS,2,Urban,7,Local,4,City or Municipal Highway Agency,5,Local Street - Township,WASHINGTON AVE,,99998,Not Reported,40.80526389,40.80526389,-74.996361110,-74.99636111,0,No Special Jurisdiction,26,Other Traffic Barrier,0,The First Harmful Event was Not a Collision with a Motor Vehicle in Transport,0,No,1,Non-Junction,1,Not an Intersection,0,None,,,4,On Roadside,1,Daylight,,,,,1,Clear,0,No,0000000,Not Applicable,19,7:00pm-7:59pm,4,4,19,7:00pm-7:59pm,6,6,88,"Not Applicable (Not Transported) ",88,Not Applicable (Not Transported),,,,,,,1,
2022,34,340184,New Jersey,1,1,0,0,0,1,1,25,MONMOUTH (25),3357,TINTON FALLS,26,26,5,May,2022,5,Thursday,21,9:00pm-9:59pm,46,46,1,This section IS ON the NHS,2,Urban,2,Principal Arterial - Other Freeways and Expressways,31,State Toll Road,8,Other,444,,1080,1080,40.30708056,40.30708056,-74.093738890,-74.09373889,0,No Special Jurisdiction,59,"Traffic Sign Support ",0,The First Harmful Event was Not a Collision with a Motor Vehicle in Transport,0,No,1,Non-Junction,1,Not an Intersection,0,None,,,10,Separator,2,Dark - Not Lighted,,,,,1,Clear,0,No,0000000,Not Applicable,21,9:00pm-9:59pm,52,52,22,10:00pm-10:59pm,2,2,88,"Not Applicable (Not Transported) ",88,Not Applicable (Not Transported),,,,,,,1,
2022,34,340185,New Jersey,2,2,0,0,0,2,2,5,BURLINGTON (5),1805,MANSFIELD,8,8,6,June,2022,4,Wednesday,13,1:00pm-1:59pm,45,45,1,This section IS ON the NHS,2,Urban,3,Principal Arterial - Other,1,State Highway Agency,2,U.S. Highway,US-130,CR-678 KINKORA RD,526,526,40.11884722,40.11884722,-74.752291670,-74.75229167,0,No Special Jurisdiction,12,Motor Vehicle In-Transport,6,Angle,0,No,2,Intersection,3,T-Intersection,0,None,,,1,On Roadway,1,Daylight,,,,,1,Clear,0,No,0000000,Not Applicable,13,1:00pm-1:59pm,47,47,13,1:00pm-1:59pm,56,56,14,2:00pm-2:59pm,35,35,,,,,,,1,
2022,34,340186,New Jersey,2,2,0,0,0,3,3,13,ESSEX (13),800,EAST ORANGE,7,7,5,May,2022,7,Saturday,10,10:00am-10:59am,21,21,1,This section IS ON the NHS,2,Urban,2,Principal Arterial - Other Freeways and Expressways,31,State Toll Road,8,Other,"444 RAMP ",,1468,1468,40.75543333,40.75543333,-74.206644440,-74.20664444,0,No Special Jurisdiction,33,Curb,0,The First Harmful Event was Not a Collision with a Motor Vehicle in Transport,1,Yes,5,Entrance/Exit Ramp Related,1,Not an Intersection,0,None,,,8,Gore,1,Daylight,,,,,2,Rain,0,No,0000000,Not Applicable,99,Unknown,99,Unknown,99,Unknown EMS Scene Arrival Hour,99,Unknown EMS Scene Arrival Minutes,88,"Not Applicable (Not Transported) ",88,Not Applicable (Not Transported),,,,,,,1,
2022,34,340187,New Jersey,1,1,0,1,1,1,1,11,CUMBERLAND (11),3460,VINELAND,4,4,7,July,2022,2,Monday,21,9:00pm-9:59pm,59,59,0,This section IS NOT on the NHS,2,Urban,5,Major Collector,4,City or Municipal Highway Agency,6,Local Street - Municipality,W CHESTNUT AVE,,0,None,39.47908611,39.47908611,-75.028994440,-75.02899444,0,No Special Jurisdiction,8,Pedestrian,0,The First Harmful Event was Not a Collision with a Motor Vehicle in Transport,0,No,1,Non-Junction,1,Not an Intersection,0,None,,,1,On Roadway,3,Dark - Lighted,,,,,1,Clear,0,No,0000000,Not Applicable,21,9:00pm-9:59pm,53,53,21,9:00pm-9:59pm,53,53,22,10:00pm-10:59pm,12,12,,,,,,,1,
2022,34,340188,New Jersey,1,1,0,1,1,1,1,39,UNION (39),2630,PLAINFIELD,8,8,7,July,2022,6,Friday,8,8:00am-8:59am,40,40,0,This section IS NOT on the NHS,2,Urban,4,Minor Arterial,2,County Highway Agency,4,County Road,CR-620 W FRONT ST,,4,4,40.61656111,40.61656111,-74.426777780,-74.42677778,0,No Special Jurisdiction,9,Pedalcyclist,0,The First Harmful Event was Not a Collision with a Motor Vehicle in Transport,0,No,1,Non-Junction,1,Not an Intersection,0,None,,,1,On Roadway,1,Daylight,,,,,1,Clear,0,No,0000000,Not Applicable,8,8:00am-8:59am,51,51,8,8:00am-8:59am,59,59,88,"Not Applicable (Not Transported) ",88,Not Applicable (Not Transported),,,,,,,1,
2022,34,340189,New Jersey,1,1,0,1,1,1,1,9,CAPE MAY (9),2370,OCEAN CITY,13,13,1,January,2022,5,Thursday,11,11:00am-11:59am,28,28,0,This section IS NOT on the NHS,2,Urban,4,Minor Arterial,4,City or Municipal Highway Agency,6,Local Street - Municipality,ASBURY AVE,EAST 7TH STREET,99998,Not Reported,39.28092222,39.28092222,-74.573561110,-74.57356111,0,No Special Jurisdiction,8,Pedestrian,0,The First Harmful Event was Not a Collision with a Motor Vehicle in Transport,0,No,3,Intersection-Related,2,Four-Way Intersection,0,None,,,1,On Roadway,1,Daylight,,,,,1,Clear,0,No,0000000,Not Applicable,11,11:00am-11:59am,32,32,11,11:00am-11:59am,32,32,12,12:00pm-12:59pm,13,13,,,,,,,1,
2022,34,340190,New Jersey,1,1,0,1,1,2,2,15,GLOUCESTER (15),0,NOT APPLICABLE,1,1,7,July,2022,6,Friday,8,8:00am-8:59am,57,57,0,This section IS NOT on the NHS,1,Rural,5,Major Collector,4,City or Municipal Highway Agency,6,Local Street - Municipality,WINSLOW RD,,0,None,39.67381389,39.67381389,-74.940894440,-74.94089444,0,No Special Jurisdiction,8,Pedestrian,0,The First Harmful Event was Not a Collision with a Motor Vehicle in Transport,0,No,1,Non-Junction,1,Not an Intersection,0,None,,,1,On Roadway,1,Daylight,,,,,1,Clear,0,No,0000000,Not Applicable,8,8:00am-8:59am,59,59,9,9:00am-9:59am,6,6,88,"Not Applicable (Not Transported) ",88,Not Applicable (Not Transported),,,,,,,1,