caseyear,state,st_case,statename,ve_total,ve_forms,pvh_invl,peds,pernotmvit,permvit,persons,county,countyname,city,cityname,day,dayname,month,monthname,year,day_week,day_weekname,hour,hourname,minute,minutename,nhs,nhsname,rur_urb,rur_urbname,func_sys,func_sysname,rd_owner,rd_ownername,route,routename,tway_id,tway_id2,milept,mileptname,latitude,latitudename,longitud,longitudname,sp_jur,sp_jurname,harm_ev,harm_evname,man_coll,man_collname,reljct1,reljct1name,reljct2,reljct2name,typ_int,typ_intname,wrk_zone,wrk_zonename,road_fnc,road_fncname,rel_road,rel_roadname,lgt_cond,lgt_condname,weather1,weather1name,weather2,weather2name,weather,weathername,sch_bus,sch_busname,rail,railname,not_hour,not_hourname,not_min,not_minname,arr_hour,arr_hourname,arr_min,arr_minname,hosp_hr,hosp_hrname,hosp_mn,hosp_mnname,cf1,cf1name,cf2,cf2name,cf3,cf3name,fatals,drunk_dr
2022,34,340455,New Jersey,2,2,0,0,0,4,4,1,ATLANTIC (1),851,EGG HARBOR TOWNSHIP,10,10,9,September,2022,7,Saturday,12,12:00pm-12:59pm,46,46,1,This section IS ON the NHS,2,Urban,2,Principal Arterial - Other Freeways and Expressways,31,State Toll Road,8,Other,446-ATLANTIC CITY EXPRESSWAY,,78,78,39.41813611,39.41813611,-74.562858330,-74.56285833,0,No Special Jurisdiction,12,Motor Vehicle In-Transport,1,Front-to-Rear,0,No,1,Non-Junction,1,Not an Intersection,0,None,,,1,On Roadway,1,Daylight,,,,,1,Clear,0,No,0000000,Not Applicable,12,12:00pm-12:59pm,50,50,12,12:00pm-12:59pm,55,55,88,"Not Applicable (Not Transported) ",88,Not Applicable (Not Transported),,,,,,,1,
2022,34,340456,New Jersey,2,2,0,0,0,2,2,29,OCEAN (29),1801,MANCHESTER TOWNSHIP,13,13,10,October,2022,5,Thursday,6,6:00am-6:59am,46,46,1,This section IS ON the NHS,1,Rural,3,Principal Arterial - Other,1,State Highway Agency,3,State Highway,SR-70,,343,343,39.95209444,39.95209444,-74.468363890,-74.46836389,0,No Special Jurisdiction,12,Motor Vehicle In-Transport,2,Front-to-Front,0,No,1,Non-Junction,1,Not an Intersection,0,None,,,1,On Roadway,1,Daylight,,,,,10,Cloudy,0,No,0000000,Not Applicable,6,6:00am-6:59am,49,49,7,7:00am-7:59am,0,0,88,"Not Applicable (Not Transported) ",88,Not Applicable (Not Transported),,,,,,,1,
2022,34,340457,New Jersey,3,3,0,0,0,3,3,33,SALEM (33),2617,PITTSGROVE TOWNSHIP,9,9,10,October,2022,1,Sunday,22,10:00pm-10:59pm,5,5,0,This section IS NOT on the NHS,2,Urban,4,Minor Arterial,1,State Highway Agency,3,State Highway,SR-56,,61,61,39.48962500,39.48962500,-75.099944440,-75.09994444,0,No Special Jurisdiction,12,Motor Vehicle In-Transport,1,Front-to-Rear,0,No,1,Non-Junction,1,Not an Intersection,0,None,,,2,On Shoulder,2,Dark - Not Lighted,,,,,1,Clear,0,No,0000000,Not Applicable,22,10:00pm-10:59pm,12,12,22,10:00pm-10:59pm,23,23,88,"Not Applicable (Not Transported) ",88,Not Applicable (Not Transported),,,,,,,1,
2022,34,340458,New Jersey,2,2,0,0,0,3,3,5,BURLINGTON (5),481,BURLINGTON TOWNSHIP,20,20,11,November,2022,1,Sunday,3,3:00am-3:59am,27,27,1,This section IS ON the NHS,2,Urban,1,Interstate,1,State Highway Agency,1,Interstate,I-295,,467,467,40.03330556,40.03330556,-74.840027780,-74.84002778,0,No Special Jurisdiction,12,Motor Vehicle In-Transport,1,Front-to-Rear,0,No,1,Non-Junction,1,Not an Intersection,0,None,,,1,On Roadway,6,Dark - Unknown Lighting,,,,,1,Clear,0,No,0000000,Not Applicable,3,3:00am-3:59am,32,32,3,3:00am-3:59am,40,40,4,4:00am-4:59am,10,10,,,,,,,1,
2022,34,340459,New Jersey,2,2,0,0,0,2,2,31,PASSAIC (31),660,CLIFTON,8,8,11,November,2022,3,Tuesday,8,8:00am-8:59am,50,50,0,This section IS NOT on the NHS,2,Urban,4,Minor Arterial,2,County Highway Agency,4,County Road,CR-602 ALLWOOD RD,,0,None,40.85535000,40.85535000,-74.177100000,-74.17710000,0,No Special Jurisdiction,12,Motor Vehicle In-Transport,6,Angle,0,No,8,Driveway Access Related,1,Not an Intersection,0,None,,,1,On Roadway,1,Daylight,,,,,1,Clear,0,No,0000000,Not Applicable,8,8:00am-8:59am,51,51,8,8:00am-8:59am,59,59,9,9:00am-9:59am,11,11,,,,,,,1,
2022,34,340460,New Jersey,2,2,0,0,0,2,2,27,MORRIS (27),2084,MT OLIVE,10,10,11,November,2022,5,Thursday,14,2:00pm-2:59pm,16,16,1,This section IS ON the NHS,2,Urban,3,Principal Arterial - Other,1,State Highway Agency,2,U.S. Highway,US-46,VILLAGE WAY,286,286,40.88608333,40.88608333,-74.726630560,-74.72663056,0,No Special Jurisdiction,12,Motor Vehicle In-Transport,6,Angle,0,No,2,Intersection,3,T-Intersection,0,None,,,1,On Roadway,1,Daylight,,,,,1,Clear,0,No,0000000,Not Applicable,14,2:00pm-2:59pm,18,18,14,2:00pm-2:59pm,25,25,14,2:00pm-2:59pm,56,56,,,,,,,1,
2022,34,340461,New Jersey,2,2,0,0,0,3,3,33,SALEM (33),2617,PITTSGROVE TOWNSHIP,21,21,11,November,2022,2,Monday,10,10:00am-10:59am,20,20,0,This section IS NOT on the NHS,1,Rural,5,Major Collector,2,County Highway Agency,4,County Road,CR-639  WILLOW GROVE RD,,48,48,39.55432778,39.55432778,-75.081525000,-75.08152500,0,No Special Jurisdiction,12,Motor Vehicle In-Transport,6,Angle,0,No,1,Non-Junction,1,Not an Intersection,0,None,,,1,On Roadway,1,Daylight,,,,,1,Clear,0,No,0000000,Not Applicable,10,10:00am-10:59am,19,19,10,10:00am-10:59am,29,29,11,11:00am-11:59am,2,2,,,,,,,1,
2022,34,340462,New Jersey,4,4,0,0,0,4,4,15,GLOUCESTER (15),0,NOT APPLICABLE,10,10,11,November,2022,5,Thursday,12,12:00pm-12:59pm,35,35,0,This section IS NOT on the NHS,2,Urban,4,Minor Arterial,2,County Highway Agency,4,County Road,CR-659 E MALAGA RD,,53,53,39.68166944,39.68166944,-74.950902780,-74.95090278,0,No Special Jurisdiction,12,Motor Vehicle In-Transport,2,Front-to-Front,0,No,1,Non-Junction,1,Not an Intersection,0,None,,,1,On Roadway,1,Daylight,,,,,1,Clear,0,No,0000000,Not Applicable,12,12:00pm-12:59pm,37,37,12,12:00pm-12:59pm,47,47,13,1:00pm-1:59pm,41,41,,,,,,,1,
2022,34,340463,New Jersey,2,2,0,0,0,3,3,37,SUSSEX (37),0,NOT APPLICABLE,6,6,11,November,2022,1,Sunday,22,10:00pm-10:59pm,27,27,0,This section IS NOT on the NHS,1,Rural,4,Minor Arterial,1,State Highway Agency,3,State Highway,SR-94,,151,151,40.99678333,40.99678333,-74.860716670,-74.86071667,0,No Special Jurisdiction,11,Live Animal,0,The First Harmful Event was Not a Collision with a Motor Vehicle in Transport,0,No,1,Non-Junction,1,Not an Intersection,0,None,,,1,On Roadway,2,Dark - Not Lighted,,,,,1,Clear,0,No,0000000,Not Applicable,22,10:00pm-10:59pm,24,24,22,10:00pm-10:59pm,44,44,23,11:00pm-11:59pm,37,37,,,,,,,1,
2022,34,340464,New Jersey,1,1,0,0,0,2,2,15,GLOUCESTER (15),1751,LOGAN,19,19,11,November,2022,7,Saturday,0,0:00am-0:59am,44,44,0,This section IS NOT on the NHS,2,Urban,5,Major Collector,2,County Highway Agency,4,County Road,CR-130,,105,105,39.79077778,39.79077778,-75.367819440,-75.36781944,0,No Special Jurisdiction,5,Fell/Jumped from Vehicle,0,The First Harmful Event was Not a Collision with a Motor Vehicle in Transport,0,No,1,Non-Junction,1,Not an Intersection,0,None,,,1,On Roadway,6,Dark - Unknown Lighting,,,,,1,Clear,0,No,0000000,Not Applicable,99,Unknown,99,Unknown,99,Unknown EMS Scene Arrival Hour,99,Unknown EMS Scene Arrival Minutes,88,"Not Applicable (Not Transported) ",88,Not Applicable (Not Transported),,,,,,,1,
2022,34,340465,New Jersey,2,2,0,0,0,2,2,29,OCEAN (29),0,NOT APPLICABLE,22,22,11,November,2022,3,Tuesday,14,2:00pm-2:59pm,41,41,0,This section IS NOT on the NHS,2,Urban,4,Minor Arterial,2,County Highway Agency,4,County Road,CR-530 PINEWALD KESWICK RD,,260,260,39.93221111,39.93221111,-74.279252780,-74.27925278,0,No Special Jurisdiction,12,Motor Vehicle In-Transport,2,Front-to-Front,0,No,1,Non-Junction,1,Not an Intersection,0,None,,,1,On Roadway,1,Daylight,,,,,1,Clear,0,No,0000000,Not Applicable,14,2:00pm-2:59pm,47,47,15,3:00pm-3:59pm,5,5,16,4:00pm-4:59pm,5,5,,,,,,,1,
2022,34,340466,New Jersey,1,1,0,0,0,3,3,15,GLOUCESTER (15),1075,FRANKLIN,6,6,11,November,2022,1,Sunday,17,5:00pm-5:59pm,14,14,0,This section IS NOT on the NHS,2,Urban,4,Minor Arterial,1,State Highway Agency,3,State Highway,SR-47 DELSEA DR,,521,521,39.56627500,39.56627500,-75.055213890,-75.05521389,0,No Special Jurisdiction,11,Live Animal,0,The First Harmful Event was Not a Collision with a Motor Vehicle in Transport,0,No,1,Non-Junction,1,Not an Intersection,0,None,,,1,On Roadway,6,Dark - Unknown Lighting,,,,,1,Clear,0,No,0000000,Not Applicable,17,5:00pm-5:59pm,17,17,17,5:00pm-5:59pm,21,21,18,6:00pm-6:59pm,10,10,,,,,,,1,
2022,34,340467,New Jersey,1,1,0,0,0,1,1,13,ESSEX (13),938,FAIRFIELD,23,23,11,November,2022,4,Wednesday,15,3:00pm-3:59pm,46,46,0,This section IS NOT on the NHS,2,Urban,5,Major Collector,2,County Highway Agency,4,County Road,CR-625 HOLLYWOOD AVE,,11,11,40.88699167,40.88699167,-74.301027780,-74.30102778,0,No Special Jurisdiction,33,Curb,0,The First Harmful Event was Not a Collision with a Motor Vehicle in Transport,0,No,1,Non-Junction,1,Not an Intersection,0,None,,,4,On Roadside,1,Daylight,,,,,1,Clear,0,No,0000000,Not Applicable,15,3:00pm-3:59pm,51,51,15,3:00pm-3:59pm,56,56,16,4:00pm-4:59pm,24,24,,,,,,,1,
2022,34,340468,New Jersey,1,1,0,1,1,2,2,13,ESSEX (13),320,BLOOMFIELD,26,26,11,November,2022,7,Saturday,1,1:00am-1:59am,37,37,1,This section IS ON the NHS,2,Urban,2,Principal Arterial - Other Freeways and Expressways,31,State Toll Road,8,Other,444-GARDEN STATE PARKWAY,,1442,1442,40.71989444,40.71989444,-74.233627780,-74.23362778,0,No Special Jurisdiction,8,Pedestrian,0,The First Harmful Event was Not a Collision with a Motor Vehicle in Transport,1,Yes,18,Through Roadway,1,Not an Intersection,0,None,,,1,On Roadway,3,Dark - Lighted,,,,,1,Clear,0,No,0000000,Not Applicable,1,1:00am-1:59am,47,47,1,1:00am-1:59am,53,53,88,"Not Applicable (Not Transported) ",88,Not Applicable (Not Transported),,,,,,,1,
2022,34,340469,New Jersey,2,2,0,0,0,3,3,1,ATLANTIC (1),1270,HAMMONTON,3,3,11,November,2022,5,Thursday,11,11:00am-11:59am,45,45,1,This section IS ON the NHS,2,Urban,3,Principal Arterial - Other,1,State Highway Agency,2,U.S. Highway,US-30 WHITE HORSE PIKE,CR-623 ELWOOD RD,363,363,39.57679444,39.57679444,-74.716597220,-74.71659722,0,No Special Jurisdiction,12,Motor Vehicle In-Transport,6,Angle,0,No,2,Intersection,2,Four-Way Intersection,0,None,,,1,On Roadway,1,Daylight,,,,,1,Clear,0,No,0000000,Not Applicable,11,11:00am-11:59am,48,48,11,11:00am-11:59am,51,51,12,12:00pm-12:59pm,33,33,,,,,,,1,
2022,34,340470,New Jersey,1,1,0,0,0,1,1,21,MERCER (21),2710,PRINCETON,8,8,11,November,2022,3,Tuesday,13,1:00pm-1:59pm,52,52,1,This section IS ON the NHS,2,Urban,3,Principal Arterial - Other,1,State Highway Agency,3,State Highway,SR-27 PRINCETON KINGSTON RD,,19,19,40.36059444,40.36059444,-74.631980560,-74.63198056,0,No Special Jurisdiction,42,Tree (Standing Only),0,The First Harmful Event was Not a Collision with a Motor Vehicle in Transport,0,No,1,Non-Junction,1,Not an Intersection,0,None,,,4,On Roadside,1,Daylight,,,,,1,Clear,0,No,0000000,Not Applicable,13,1:00pm-1:59pm,54,54,14,2:00pm-2:59pm,0,0,14,2:00pm-2:59pm,35,35,,,,,,,1,
2022,34,340471,New Jersey,2,2,0,0,0,3,3,41,WARREN (41),694,COLUMBIA,12,12,11,November,2022,7,Saturday,15,3:00pm-3:59pm,48,48,0,This section IS NOT on the NHS,1,Rural,4,Minor Arterial,1,State Highway Agency,3,State Highway,SR-94,VAIL RD,55,55,40.97574444,40.97574444,-75.021977780,-75.02197778,0,No Special Jurisdiction,12,Motor Vehicle In-Transport,6,Angle,0,No,2,Intersection,3,T-Intersection,0,None,,,1,On Roadway,1,Daylight,,,,,1,Clear,0,No,0000000,Not Applicable,15,3:00pm-3:59pm,49,49,15,3:00pm-3:59pm,53,53,99,Unknown,99,Unknown EMS Hospital Arrival Time,,,,,,,1,
2022,34,340472,New Jersey,1,1,0,0,0,1,1,23,MIDDLESEX (23),3110,SOUTH AMBOY,3,3,11,November,2022,5,Thursday,0,0:00am-0:59am,59,59,1,This section IS ON the NHS,2,Urban,3,Principal Arterial - Other,1,State Highway Agency,2,U.S. Highway,US-9,,1304,1304,40.48327500,40.48327500,-74.296925000,-74.29692500,0,No Special Jurisdiction,42,Tree (Standing Only),0,The First Harmful Event was Not a Collision with a Motor Vehicle in Transport,1,Yes,19,Other location within Interchange Area,1,Not an Intersection,0,None,,,8,Gore,3,Dark - Lighted,,,,,1,Clear,0,No,0000000,Not Applicable,99,Unknown,99,Unknown,99,Unknown EMS Scene Arrival Hour,99,Unknown EMS Scene Arrival Minutes,99,Unknown,99,Unknown EMS Hospital Arrival Time,,,,,,,1,
2022,34,340473,New Jersey,1,1,0,0,0,2,2,35,SOMERSET (35),425,BRIDGEWATER,3,3,11,November,2022,5,Thursday,15,3:00pm-3:59pm,39,39,1,This section IS ON the NHS,2,Urban,1,Interstate,1,State Highway Agency,1,Interstate,I-287,,176,176,40.59340278,40.59340278,-74.622300000,-74.62230000,0,No Special Jurisdiction,52,Guardrail End,0,The First Harmful Event was Not a Collision with a Motor Vehicle in Transport,0,No,1,Non-Junction,1,Not an Intersection,0,None,,,4,On Roadside,1,Daylight,,,,,1,Clear,0,No,0000000,Not Applicable,15,3:00pm-3:59pm,42,42,15,3:00pm-3:59pm,54,54,88,"Not Applicable (Not Transported) ",88,Not Applicable (Not Transported),,,,,,,2,
2022,34,340474,New Jersey,1,1,0,1,1,1,1,3,BERGEN (3),1440,HO HO KUS,18,18,11,November,2022,6,Friday,17,5:00pm-5:59pm,51,51,1,This section IS ON the NHS,2,Urban,2,Principal Arterial - Other Freeways and Expressways,1,State Highway Agency,3,State Highway,SR-17,,185,185,41.00572778,41.00572778,-74.102733330,-74.10273333,0,No Special Jurisdiction,8,Pedestrian,0,The First Harmful Event was Not a Collision with a Motor Vehicle in Transport,0,No,1,Non-Junction,1,Not an Intersection,0,None,,,1,On Roadway,3,Dark - Lighted,,,,,1,Clear,0,No,0000000,Not Applicable,18,6:00pm-6:59pm,7,7,18,6:00pm-6:59pm,12,12,18,6:00pm-6:59pm,39,39,,,,,,,1,
2022,34,340475,New Jersey,1,1,0,0,0,2,2,13,ESSEX (13),2130,NEWARK,29,29,11,November,2022,3,Tuesday,23,11:00pm-11:59pm,33,33,0,This section IS NOT on the NHS,2,Urban,7,Local,4,City or Municipal Highway Agency,6,Local Street - Municipality,ORATON PKWY,CR-510 S ORANGE AVE,0,None,40.74480278,40.74480278,-74.214852780,-74.21485278,0,No Special Jurisdiction,30,Utility Pole/Light Support,0,The First Harmful Event was Not a Collision with a Motor Vehicle in Transport,0,No,3,Intersection-Related,2,Four-Way Intersection,0,None,,,4,On Roadside,3,Dark - Lighted,,,,,1,Clear,0,No,0000000,Not Applicable,23,11:00pm-11:59pm,34,34,23,11:00pm-11:59pm,41,41,23,11:00pm-11:59pm,51,51,,,,,,,1,
2022,34,340476,New Jersey,1,1,0,0,0,1,1,13,ESSEX (13),2130,NEWARK,21,21,11,November,2022,2,Monday,1,1:00am-1:59am,10,10,1,This section IS ON the NHS,2,Urban,3,Principal Arterial - Other,2,County Highway Agency,4,County Road,CR-510 MARKET ST,,6,6,40.73693611,40.73693611,-74.176863890,-74.17686389,0,No Special Jurisdiction,31,"Post, Pole or Other Supports",0,The First Harmful Event was Not a Collision with a Motor Vehicle in Transport,0,No,1,Non-Junction,1,Not an Intersection,0,None,,,3,On Median,3,Dark - Lighted,,,,,1,Clear,0,No,0000000,Not Applicable,1,1:00am-1:59am,15,15,1,1:00am-1:59am,22,22,2,2:00am-2:59am,4,4,,,,,,,1,
2022,34,340477,New Jersey,1,1,0,0,0,2,2,3,BERGEN (3),2740,RAMSEY,29,29,11,November,2022,3,Tuesday,14,2:00pm-2:59pm,30,30,1,This section IS ON the NHS,2,Urban,2,Principal Arterial - Other Freeways and Expressways,1,State Highway Agency,3,State Highway,SR-17,,228,228,41.06336389,41.06336389,-74.126100000,-74.12610000,0,No Special Jurisdiction,42,Tree (Standing Only),0,The First Harmful Event was Not a Collision with a Motor Vehicle in Transport,0,No,1,Non-Junction,1,Not an Intersection,0,None,,,4,On Roadside,1,Daylight,,,,,1,Clear,0,No,0000000,Not Applicable,14,2:00pm-2:59pm,32,32,14,2:00pm-2:59pm,39,39,99,Unknown,99,Unknown EMS Hospital Arrival Time,,,,,,,2,
2022,34,340478,New Jersey,1,1,0,0,0,1,1,37,SUSSEX (37),0,NOT APPLICABLE,13,13,11,November,2022,1,Sunday,20,8:00pm-8:59pm,2,2,0,This section IS NOT on the NHS,1,Rural,4,Minor Arterial,2,County Highway Agency,4,County Road,CR-565,,5,5,41.12541667,41.12541667,-74.707677780,-74.70767778,0,No Special Jurisdiction,42,Tree (Standing Only),0,The First Harmful Event was Not a Collision with a Motor Vehicle in Transport,0,No,1,Non-Junction,1,Not an Intersection,0,None,,,4,On Roadside,2,Dark - Not Lighted,,,,,1,Clear,0,No,0000000,Not Applicable,20,8:00pm-8:59pm,5,5,20,8:00pm-8:59pm,13,13,20,8:00pm-8:59pm,58,58,,,,,,,1,
2022,34,340479,New Jersey,1,1,0,1,1,1,1,31,PASSAIC (31),2510,PATERSON,4,4,11,November,2022,6,Friday,9,9:00am-9:59am,52,52,0,This section IS NOT on the NHS,2,Urban,7,Local,4,City or Municipal Highway Agency,6,Local Street - Municipality,ALBION AVE,,0,None,40.92377500,40.92377500,-74.187750000,-74.18775000,0,No Special Jurisdiction,8,Pedestrian,0,The First Harmful Event was Not a Collision with a Motor Vehicle in Transport,0,No,1,Non-Junction,1,Not an Intersection,0,None,,,1,On Roadway,1,Daylight,,,,,1,Clear,0,No,0000000,Not Applicable,9,9:00am-9:59am,55,55,10,10:00am-10:59am,4,4,88,"Not Applicable (Not Transported) ",88,Not Applicable (Not Transported),,,,,,,1,
2022,34,340480,New Jersey,1,1,0,1,1,1,1,13,ESSEX (13),800,EAST ORANGE,5,5,11,November,2022,7,Saturday,18,6:00pm-6:59pm,25,25,1,This section IS ON the NHS,2,Urban,3,Principal Arterial - Other,2,County Highway Agency,4,County Road,CR-508 CENTRAL AVE,S ARLINGTON AVE,86,86,40.75493611,40.75493611,-74.215088890,-74.21508889,0,No Special Jurisdiction,8,Pedestrian,0,The First Harmful Event was Not a Collision with a Motor Vehicle in Transport,0,No,3,Intersection-Related,2,Four-Way Intersection,0,None,,,1,On Roadway,3,Dark - Lighted,,,,,1,Clear,0,No,0000000,Not Applicable,18,6:00pm-6:59pm,29,29,18,6:00pm-6:59pm,43,43,19,7:00pm-7:59pm,21,21,,,,,,,1,
2022,34,340481,New Jersey,1,1,0,1,1,1,1,3,BERGEN (3),3335,TEANECK,15,15,11,November,2022,3,Tuesday,19,7:00pm-7:59pm,42,42,0,This section IS NOT on the NHS,2,Urban,5,Major Collector,4,City or Municipal Highway Agency,6,Local Street - Municipality,GLENWOOD AVE,FRANK W BURR BLVD,99998,Not Reported,40.87120833,40.87120833,-74.003672220,-74.00367222,0,No Special Jurisdiction,8,Pedestrian,0,The First Harmful Event was Not a Collision with a Motor Vehicle in Transport,0,No,3,Intersection-Related,2,Four-Way Intersection,0,None,,,1,On Roadway,6,Dark - Unknown Lighting,,,,,2,Rain,0,No,0000000,Not Applicable,19,7:00pm-7:59pm,44,44,19,7:00pm-7:59pm,48,48,20,8:00pm-8:59pm,15,15,,,,,,,1,
2022,34,340482,New Jersey,2,1,1,1,1,1,1,5,BURLINGTON (5),2081,MT LAUREL,15,15,11,November,2022,3,Tuesday,22,10:00pm-10:59pm,20,20,1,This section IS ON the NHS,2,Urban,1,Interstate,1,State Highway Agency,1,Interstate,I-295,,392,392,39.95510000,39.95510000,-74.924241670,-74.92424167,0,No Special Jurisdiction,8,Pedestrian,0,The First Harmful Event was Not a Collision with a Motor Vehicle in Transport,0,No,1,Non-Junction,1,Not an Intersection,0,None,,,2,On Shoulder,3,Dark - Lighted,,,,,2,Rain,0,No,0000000,Not Applicable,22,10:00pm-10:59pm,19,19,22,10:00pm-10:59pm,27,27,22,10:00pm-10:59pm,51,51,,,,,,,1,
2022,34,340483,New Jersey,1,1,0,1,1,2,2,31,PASSAIC (31),3522,WAYNE,22,22,11,November,2022,3,Tuesday,14,2:00pm-2:59pm,49,49,1,This section IS ON the NHS,2,Urban,3,Principal Arterial - Other,2,County Highway Agency,4,County Road,CR-681 VALLEY RD,SOUTH HALL CT,18,18,40.93881944,40.93881944,-74.227497220,-74.22749722,0,No Special Jurisdiction,8,Pedestrian,0,The First Harmful Event was Not a Collision with a Motor Vehicle in Transport,0,No,3,Intersection-Related,3,T-Intersection,0,None,,,1,On Roadway,1,Daylight,,,,,1,Clear,0,No,0000000,Not Applicable,14,2:00pm-2:59pm,51,51,15,3:00pm-3:59pm,0,0,15,3:00pm-3:59pm,29,29,,,,,,,1,
2022,34,340484,New Jersey,1,1,0,0,0,2,2,5,BURLINGTON (5),2081,MT LAUREL,4,4,11,November,2022,6,Friday,1,1:00am-1:59am,19,19,1,This section IS ON the NHS,2,Urban,3,Principal Arterial - Other,1,State Highway Agency,3,State Highway,SR-73,,99998,Not Reported,39.93138611,39.93138611,-74.961202780,-74.96120278,0,No Special Jurisdiction,33,Curb,0,The First Harmful Event was Not a Collision with a Motor Vehicle in Transport,0,No,1,Non-Junction,1,Not an Intersection,0,None,,,4,On Roadside,3,Dark - Lighted,,,,,1,Clear,0,No,0000000,Not Applicable,99,Unknown,99,Unknown,99,Unknown EMS Scene Arrival Hour,99,Unknown EMS Scene Arrival Minutes,88,"Not Applicable (Not Transported) ",88,Not Applicable (Not Transported),,,,,,,2,
2022,34,340485,New Jersey,1,1,0,0,0,2,2,5,BURLINGTON (5),2540,PEMBERTON,24,24,11,November,2022,5,Thursday,13,1:00pm-1:59pm,52,52,1,This section IS ON the NHS,2,Urban,3,Principal Arterial - Other,2,County Highway Agency,4,County Road,"CR-530 PEMBERTON-BROWNS MILLS ",,99998,Not Reported,39.96717222,39.96717222,-74.598566670,-74.59856667,0,No Special Jurisdiction,53,Mail Box,0,The First Harmful Event was Not a Collision with a Motor Vehicle in Transport,0,No,1,Non-Junction,1,Not an Intersection,0,None,,,4,On Roadside,1,Daylight,,,,,1,Clear,0,No,0000000,Not Applicable,13,1:00pm-1:59pm,58,58,13,1:00pm-1:59pm,59,59,14,2:00pm-2:59pm,18,18,,,,,,,2,
2022,34,340486,New Jersey,1,1,0,1,1,1,1,3,BERGEN (3),2940,RUTHERFORD,8,8,11,November,2022,3,Tuesday,17,5:00pm-5:59pm,38,38,0,This section IS NOT on the NHS,2,Urban,7,Local,4,City or Municipal Highway Agency,6,Local Street - Municipality,SYLVAN ST,E PIERREPONT AVE,0,None,40.82040000,40.82040000,-74.108616670,-74.10861667,0,No Special Jurisdiction,8,Pedestrian,0,The First Harmful Event was Not a Collision with a Motor Vehicle in Transport,0,No,3,Intersection-Related,2,Four-Way Intersection,0,None,,,1,On Roadway,2,Dark - Not Lighted,,,,,1,Clear,0,No,0000000,Not Applicable,17,5:00pm-5:59pm,39,39,17,5:00pm-5:59pm,45,45,18,6:00pm-6:59pm,17,17,,,,,,,1,
2022,34,340487,New Jersey,1,1,0,1,1,1,1,13,ESSEX (13),800,EAST ORANGE,29,29,11,November,2022,3,Tuesday,5,5:00am-5:59am,59,59,0,This section IS NOT on the NHS,2,Urban,4,Minor Arterial,4,City or Municipal Highway Agency,6,Local Street - Municipality,PROSPECT ST,,18,18,40.77965833,40.77965833,-74.205347220,-74.20534722,0,No Special Jurisdiction,8,Pedestrian,0,The First Harmful Event was Not a Collision with a Motor Vehicle in Transport,0,No,1,Non-Junction,1,Not an Intersection,0,None,,,1,On Roadway,3,Dark - Lighted,,,,,1,Clear,0,No,0000000,Not Applicable,6,6:00am-6:59am,7,7,6,6:00am-6:59am,13,13,7,7:00am-7:59am,12,12,,,,,,,1,
2022,34,340488,New Jersey,1,1,0,1,1,1,1,35,SOMERSET (35),1194,GREEN BROOK,12,12,11,November,2022,7,Saturday,0,0:00am-0:59am,49,49,1,This section IS ON the NHS,2,Urban,3,Principal Arterial - Other,1,State Highway Agency,2,U.S. Highway,US-22,SEBRINGS MILLS RD,400,400,40.58601667,40.58601667,-74.508777780,-74.50877778,0,No Special Jurisdiction,8,Pedestrian,0,The First Harmful Event was Not a Collision with a Motor Vehicle in Transport,0,No,2,Intersection,2,Four-Way Intersection,0,None,,,1,On Roadway,2,Dark - Not Lighted,,,,,10,Cloudy,0,No,0000000,Not Applicable,0,0:00am-0:59am,50,50,1,1:00am-1:59am,1,1,1,1:00am-1:59am,30,30,,,,,,,1,
2022,34,340489,New Jersey,2,2,0,0,0,4,4,21,MERCER (21),1400,HIGHTSTOWN,6,6,11,November,2022,1,Sunday,16,4:00pm-4:59pm,53,53,1,This section IS ON the NHS,2,Urban,1,Interstate,1,State Highway Agency,1,Interstate,I-95,,676,676,40.26483333,40.26483333,-74.510922220,-74.51092222,0,No Special Jurisdiction,54,"Motor Vehicle In-Transport Strikes or is Struck by Cargo, Persons or Objects Set-in-Motion from/by Another Motor Vehicle In Transport",11,"Other ",1,Yes,18,Through Roadway,1,Not an Intersection,0,None,,,1,On Roadway,2,Dark - Not Lighted,,,,,1,Clear,0,No,0000000,Not Applicable,99,Unknown,99,Unknown,99,Unknown EMS Scene Arrival Hour,99,Unknown EMS Scene Arrival Minutes,88,"Not Applicable (Not Transported) ",88,Not Applicable (Not Transported),,,,,,,1,
2022,34,340490,New Jersey,2,2,0,0,0,2,2,39,UNION (39),2730,RAHWAY,27,27,11,November,2022,1,Sunday,12,12:00pm-12:59pm,15,15,1,This section IS ON the NHS,2,Urban,3,Principal Arterial - Other,1,State Highway Agency,3,State Highway,SR-27 SAINT GEORGES AVE,MOSES DR,285,285,40.61213056,40.61213056,-74.286188890,-74.28618889,0,No Special Jurisdiction,12,Motor Vehicle In-Transport,6,Angle,0,No,2,Intersection,3,T-Intersection,0,None,,,1,On Roadway,1,Daylight,,,,,2,Rain,0,No,0000000,Not Applicable,12,12:00pm-12:59pm,15,15,12,12:00pm-12:59pm,19,19,12,12:00pm-12:59pm,29,29,,,,,,,1,