caseyear,state,st_case,statename,ve_total,ve_forms,pvh_invl,peds,pernotmvit,permvit,persons,county,countyname,city,cityname,day,dayname,month,monthname,year,day_week,day_weekname,hour,hourname,minute,minutename,nhs,nhsname,rur_urb,rur_urbname,func_sys,func_sysname,rd_owner,rd_ownername,route,routename,tway_id,tway_id2,milept,mileptname,latitude,latitudename,longitud,longitudname,sp_jur,sp_jurname,harm_ev,harm_evname,man_coll,man_collname,reljct1,reljct1name,reljct2,reljct2name,typ_int,typ_intname,wrk_zone,wrk_zonename,road_fnc,road_fncname,rel_road,rel_roadname,lgt_cond,lgt_condname,weather1,weather1name,weather2,weather2name,weather,weathername,sch_bus,sch_busname,rail,railname,not_hour,not_hourname,not_min,not_minname,arr_hour,arr_hourname,arr_min,arr_minname,hosp_hr,hosp_hrname,hosp_mn,hosp_mnname,cf1,cf1name,cf2,cf2name,cf3,cf3name,fatals,drunk_dr
2022,34,340528,New Jersey,1,1,0,1,1,1,1,13,ESSEX (13),2130,NEWARK,25,25,4,April,2022,2,Monday,8,8:00am-8:59am,1,1,1,This section IS ON the NHS,2,Urban,3,Principal Arterial - Other,1,State Highway Agency,3,State Highway,SR-27 FRELINGHUYSEN AVE,EVERGREEN AVE,99998,Not Reported,40.69296389,40.69296389,-74.201052780,-74.20105278,0,No Special Jurisdiction,8,Pedestrian,0,The First Harmful Event was Not a Collision with a Motor Vehicle in Transport,0,No,3,Intersection-Related,2,Four-Way Intersection,0,None,,,1,On Roadway,1,Daylight,,,,,1,Clear,0,No,0000000,Not Applicable,8,8:00am-8:59am,1,1,8,8:00am-8:59am,14,14,99,Unknown,99,Unknown EMS Hospital Arrival Time,,,,,,,1,
2022,34,340529,New Jersey,2,2,0,0,0,4,4,29,OCEAN (29),3180,SOUTH TOMS RIVER,23,23,12,December,2022,6,Friday,18,6:00pm-6:59pm,38,38,1,This section IS ON the NHS,2,Urban,2,Principal Arterial - Other Freeways and Expressways,31,State Toll Road,8,Other,444-GARDEN STATE PARKWAY,,807,807,39.93965278,39.93965278,-74.209150000,-74.20915000,0,No Special Jurisdiction,59,"Traffic Sign Support ",0,The First Harmful Event was Not a Collision with a Motor Vehicle in Transport,0,No,1,Non-Junction,1,Not an Intersection,0,None,,,3,On Median,2,Dark - Not Lighted,,,,,1,Clear,0,No,0000000,Not Applicable,19,7:00pm-7:59pm,30,30,19,7:00pm-7:59pm,47,47,88,"Not Applicable (Not Transported) ",88,Not Applicable (Not Transported),,,,,,,1,
2022,34,340530,New Jersey,1,1,0,1,1,1,1,25,MONMOUTH (25),1925,MIDDLETOWN,1,1,12,December,2022,5,Thursday,18,6:00pm-6:59pm,42,42,0,This section IS NOT on the NHS,2,Urban,4,Minor Arterial,2,County Highway Agency,4,County Road,CR-516 LEONARDVILLE RD,CLINTON AVE,166,166,40.41467778,40.41467778,-74.092500000,-74.09250000,0,No Special Jurisdiction,8,Pedestrian,0,The First Harmful Event was Not a Collision with a Motor Vehicle in Transport,0,No,3,Intersection-Related,2,Four-Way Intersection,0,None,,,1,On Roadway,3,Dark - Lighted,,,,,1,Clear,0,No,0000000,Not Applicable,18,6:00pm-6:59pm,46,46,18,6:00pm-6:59pm,55,55,19,7:00pm-7:59pm,36,36,,,,,,,1,
2022,34,340531,New Jersey,1,1,0,0,0,1,1,29,OCEAN (29),3360,TOMS RIVER,24,24,12,December,2022,7,Saturday,17,5:00pm-5:59pm,23,23,0,This section IS NOT on the NHS,2,Urban,7,Local,4,City or Municipal Highway Agency,6,Local Street - Municipality,YORKTOWNE BLVD,,0,None,40.02455000,40.02455000,-74.163058330,-74.16305833,0,No Special Jurisdiction,33,Curb,0,The First Harmful Event was Not a Collision with a Motor Vehicle in Transport,0,No,1,Non-Junction,1,Not an Intersection,0,None,,,4,On Roadside,3,Dark - Lighted,,,,,1,Clear,0,No,0000000,Not Applicable,17,5:00pm-5:59pm,22,22,17,5:00pm-5:59pm,29,29,18,6:00pm-6:59pm,18,18,,,,,,,1,
2022,34,340532,New Jersey,2,2,0,0,0,4,4,11,CUMBERLAND (11),3460,VINELAND,22,22,12,December,2022,5,Thursday,12,12:00pm-12:59pm,59,59,0,This section IS NOT on the NHS,2,Urban,7,Local,4,City or Municipal Highway Agency,6,Local Street - Municipality,SOUTH WEST BLVD,NONE,2,2,39.43384444,39.43384444,-75.030500000,-75.03050000,0,No Special Jurisdiction,12,Motor Vehicle In-Transport,6,Angle,0,No,2,Intersection,3,T-Intersection,0,None,,,1,On Roadway,1,Daylight,,,,,2,Rain,0,No,0000000,Not Applicable,13,1:00pm-1:59pm,0,0,13,1:00pm-1:59pm,4,4,14,2:00pm-2:59pm,21,21,,,,,,,1,
2022,34,340533,New Jersey,2,2,0,0,0,2,2,25,MONMOUTH (25),8,ABERDEEN,10,10,12,December,2022,7,Saturday,10,10:00am-10:59am,44,44,1,This section IS ON the NHS,2,Urban,2,Principal Arterial - Other Freeways and Expressways,31,State Toll Road,8,Other,444-GARDEN STATE PARKWAY,,1205,1205,40.43011944,40.43011944,-74.244466670,-74.24446667,0,No Special Jurisdiction,12,Motor Vehicle In-Transport,6,Angle,0,No,1,Non-Junction,1,Not an Intersection,0,None,,,1,On Roadway,1,Daylight,,,,,1,Clear,0,No,0000000,Not Applicable,10,10:00am-10:59am,51,51,11,11:00am-11:59am,1,1,11,11:00am-11:59am,21,21,,,,,,,1,
2022,34,340534,New Jersey,1,1,0,0,0,3,3,29,OCEAN (29),3360,TOMS RIVER,26,26,11,November,2022,7,Saturday,2,2:00am-2:59am,25,25,1,This section IS ON the NHS,2,Urban,3,Principal Arterial - Other,2,County Highway Agency,4,County Road,CR-549 HOOPER AVE,,48,48,40.00520278,40.00520278,-74.151508330,-74.15150833,0,No Special Jurisdiction,59,"Traffic Sign Support ",0,The First Harmful Event was Not a Collision with a Motor Vehicle in Transport,0,No,1,Non-Junction,1,Not an Intersection,0,None,,,4,On Roadside,6,Dark - Unknown Lighting,,,,,1,Clear,0,No,0000000,Not Applicable,2,2:00am-2:59am,40,40,2,2:00am-2:59am,40,40,3,3:00am-3:59am,3,3,,,,,,,1,
2022,34,340535,New Jersey,1,1,0,1,1,4,4,3,BERGEN (3),2740,RAMSEY,24,24,12,December,2022,7,Saturday,19,7:00pm-7:59pm,55,55,1,This section IS ON the NHS,2,Urban,2,Principal Arterial - Other Freeways and Expressways,1,State Highway Agency,3,State Highway,SR-17,,238,238,41.07178611,41.07178611,-74.140141670,-74.14014167,0,No Special Jurisdiction,8,Pedestrian,0,The First Harmful Event was Not a Collision with a Motor Vehicle in Transport,0,No,1,Non-Junction,1,Not an Intersection,0,None,,,1,On Roadway,6,Dark - Unknown Lighting,,,,,1,Clear,0,No,0000000,Not Applicable,19,7:00pm-7:59pm,59,59,20,8:00pm-8:59pm,10,10,20,8:00pm-8:59pm,59,59,,,,,,,1,
2022,34,340536,New Jersey,1,1,0,1,1,1,1,3,BERGEN (3),1330,BLOOMINGDALE,10,10,12,December,2022,7,Saturday,18,6:00pm-6:59pm,7,7,0,This section IS NOT on the NHS,2,Urban,7,Local,4,City or Municipal Highway Agency,6,Local Street - Municipality,BALDWIN AVE,CR-57 BLVD,0,None,40.87346111,40.87346111,-74.067333330,-74.06733333,0,No Special Jurisdiction,8,Pedestrian,0,The First Harmful Event was Not a Collision with a Motor Vehicle in Transport,0,No,3,Intersection-Related,2,Four-Way Intersection,0,None,,,1,On Roadway,6,Dark - Unknown Lighting,,,,,1,Clear,0,No,0000000,Not Applicable,18,6:00pm-6:59pm,8,8,18,6:00pm-6:59pm,15,15,18,6:00pm-6:59pm,39,39,,,,,,,1,
2022,34,340537,New Jersey,2,2,0,0,0,2,2,5,BURLINGTON (5),370,BORDENTOWN,16,16,12,December,2022,6,Friday,0,0:00am-0:59am,43,43,1,This section IS ON the NHS,2,Urban,1,Interstate,1,State Highway Agency,1,Interstate,I-295,,392,392,39.95291944,39.95291944,-74.926822220,-74.92682222,0,No Special Jurisdiction,12,Motor Vehicle In-Transport,6,Angle,0,No,1,Non-Junction,1,Not an Intersection,0,None,,,1,On Roadway,3,Dark - Lighted,,,,,2,Rain,0,No,0000000,Not Applicable,0,0:00am-0:59am,52,52,1,1:00am-1:59am,1,1,1,1:00am-1:59am,43,43,,,,,,,1,
2022,34,340538,New Jersey,3,2,1,0,0,3,3,15,GLOUCESTER (15),0,NOT APPLICABLE,14,14,12,December,2022,4,Wednesday,17,5:00pm-5:59pm,40,40,1,This section IS ON the NHS,2,Urban,3,Principal Arterial - Other,1,State Highway Agency,2,U.S. Highway,US-322,,272,272,39.65731667,39.65731667,-74.959011110,-74.95901111,0,No Special Jurisdiction,12,Motor Vehicle In-Transport,6,Angle,0,No,8,Driveway Access Related,1,Not an Intersection,0,None,,,1,On Roadway,3,Dark - Lighted,,,,,1,Clear,0,No,0000000,Not Applicable,17,5:00pm-5:59pm,42,42,17,5:00pm-5:59pm,43,43,18,6:00pm-6:59pm,17,17,,,,,,,1,
2022,34,340539,New Jersey,1,1,0,1,1,1,1,17,HUDSON (17),2205,NORTH BERGEN,9,9,12,December,2022,6,Friday,12,12:00pm-12:59pm,4,4,1,This section IS ON the NHS,2,Urban,3,Principal Arterial - Other,1,State Highway Agency,2,U.S. Highway,"US-1 AND 9 ",91ST STREET,605,605,40.81355833,40.81355833,-74.010547220,-74.01054722,0,No Special Jurisdiction,8,Pedestrian,0,The First Harmful Event was Not a Collision with a Motor Vehicle in Transport,0,No,3,Intersection-Related,2,Four-Way Intersection,0,None,,,1,On Roadway,1,Daylight,,,,,1,Clear,0,No,0000000,Not Applicable,12,12:00pm-12:59pm,8,8,12,12:00pm-12:59pm,21,21,88,"Not Applicable (Not Transported) ",88,Not Applicable (Not Transported),,,,,,,1,
2022,34,340540,New Jersey,2,2,0,0,0,2,2,23,MIDDLESEX (23),2582,PISCATAWAY,29,29,12,December,2022,5,Thursday,19,7:00pm-7:59pm,46,46,1,This section IS ON the NHS,2,Urban,3,Principal Arterial - Other,2,County Highway Agency,4,County Road,CR-622 RIVER RD,,30,30,40.51686667,40.51686667,-74.482458330,-74.48245833,0,No Special Jurisdiction,12,Motor Vehicle In-Transport,2,Front-to-Front,0,No,1,Non-Junction,1,Not an Intersection,0,None,,,1,On Roadway,6,Dark - Unknown Lighting,,,,,1,Clear,0,No,0000000,Not Applicable,19,7:00pm-7:59pm,49,49,19,7:00pm-7:59pm,56,56,20,8:00pm-8:59pm,30,30,,,,,,,1,
2022,34,340541,New Jersey,1,1,0,0,0,1,1,21,MERCER (21),3380,TRENTON,16,16,1,January,2022,1,Sunday,19,7:00pm-7:59pm,17,17,0,This section IS NOT on the NHS,2,Urban,4,Minor Arterial,2,County Highway Agency,4,County Road,CR-626 CHAMBERS ST,,99998,Not Reported,40.21939167,40.21939167,-74.744813890,-74.74481389,0,No Special Jurisdiction,33,Curb,0,The First Harmful Event was Not a Collision with a Motor Vehicle in Transport,0,No,1,Non-Junction,1,Not an Intersection,4,"Work Zone, Type Unknown",,,4,On Roadside,3,Dark - Lighted,,,,,4,Snow,0,No,0000000,Not Applicable,18,6:00pm-6:59pm,34,34,18,6:00pm-6:59pm,41,41,18,6:00pm-6:59pm,53,53,,,,,,,1,
2022,34,340542,New Jersey,1,1,0,1,1,1,1,9,CAPE MAY (9),0,NOT APPLICABLE,29,29,12,December,2022,5,Thursday,18,6:00pm-6:59pm,28,28,0,This section IS NOT on the NHS,2,Urban,5,Major Collector,2,County Highway Agency,4,County Road,CR-667 STAGECOACH RD,,19,19,39.22395278,39.22395278,-74.699188890,-74.69918889,0,No Special Jurisdiction,8,Pedestrian,0,The First Harmful Event was Not a Collision with a Motor Vehicle in Transport,0,No,1,Non-Junction,1,Not an Intersection,0,None,,,1,On Roadway,6,Dark - Unknown Lighting,,,,,1,Clear,0,No,0000000,Not Applicable,18,6:00pm-6:59pm,26,26,18,6:00pm-6:59pm,30,30,18,6:00pm-6:59pm,56,56,,,,,,,1,
2022,34,340543,New Jersey,3,2,1,1,1,6,6,21,MERCER (21),3380,TRENTON,14,14,3,March,2022,2,Monday,17,5:00pm-5:59pm,57,57,0,This section IS NOT on the NHS,2,Urban,7,Local,4,City or Municipal Highway Agency,6,Local Street - Municipality,LAMBERTON ST,BRIDGE ST,1,1,40.21119167,40.21119167,-74.761108330,-74.76110833,0,No Special Jurisdiction,12,Motor Vehicle In-Transport,6,Angle,0,No,2,Intersection,2,Four-Way Intersection,0,None,,,1,On Roadway,1,Daylight,,,,,1,Clear,0,No,0000000,Not Applicable,17,5:00pm-5:59pm,59,59,18,6:00pm-6:59pm,2,2,18,6:00pm-6:59pm,14,14,,,,,,,1,
2022,34,340544,New Jersey,1,1,0,1,1,1,1,25,MONMOUTH (25),40,ALLENTOWN,11,11,5,May,2022,4,Wednesday,17,5:00pm-5:59pm,14,14,0,This section IS NOT on the NHS,2,Urban,4,Minor Arterial,2,County Highway Agency,4,County Road,CR-526 CHURCH ST,CR-524 MAIN STREET,105,105,40.17783611,40.17783611,-74.584402780,-74.58440278,0,No Special Jurisdiction,8,Pedestrian,0,The First Harmful Event was Not a Collision with a Motor Vehicle in Transport,0,No,3,Intersection-Related,3,T-Intersection,0,None,,,1,On Roadway,1,Daylight,,,,,1,Clear,0,No,0000000,Not Applicable,17,5:00pm-5:59pm,20,20,17,5:00pm-5:59pm,27,27,17,5:00pm-5:59pm,50,50,,,,,,,1,
2022,34,340545,New Jersey,2,2,0,0,0,3,3,37,SUSSEX (37),3196,SPARTA,17,17,9,September,2022,7,Saturday,16,4:00pm-4:59pm,45,45,0,This section IS NOT on the NHS,1,Rural,4,Minor Arterial,1,State Highway Agency,3,State Highway,SR-94,HOPKINS CORNER RD,312,312,41.11451111,41.11451111,-74.633866670,-74.63386667,0,No Special Jurisdiction,12,Motor Vehicle In-Transport,6,Angle,0,No,2,Intersection,3,T-Intersection,0,None,,,1,On Roadway,1,Daylight,,,,,1,Clear,0,No,0000000,Not Applicable,16,4:00pm-4:59pm,47,47,16,4:00pm-4:59pm,53,53,17,5:00pm-5:59pm,28,28,,,,,,,1,
2022,34,340546,New Jersey,1,1,0,0,0,2,2,21,MERCER (21),3380,TRENTON,26,26,3,March,2022,7,Saturday,1,1:00am-1:59am,58,58,0,This section IS NOT on the NHS,2,Urban,5,Major Collector,2,County Highway Agency,4,County Road,CR-579 SULLIVAN WAY,,99998,Not Reported,40.24154444,40.24154444,-74.806013890,-74.80601389,0,No Special Jurisdiction,30,Utility Pole/Light Support,0,The First Harmful Event was Not a Collision with a Motor Vehicle in Transport,0,No,1,Non-Junction,1,Not an Intersection,0,None,,,4,On Roadside,3,Dark - Lighted,,,,,1,Clear,0,No,0000000,Not Applicable,1,1:00am-1:59am,59,59,2,2:00am-2:59am,3,3,2,2:00am-2:59am,35,35,,,,,,,1,
2022,34,340547,New Jersey,2,2,0,0,0,3,3,21,MERCER (21),3380,TRENTON,16,16,3,March,2022,4,Wednesday,23,11:00pm-11:59pm,38,38,1,This section IS ON the NHS,2,Urban,2,Principal Arterial - Other Freeways and Expressways,1,State Highway Agency,2,U.S. Highway,US-1,,18,18,40.23030833,40.23030833,-74.754227780,-74.75422778,0,No Special Jurisdiction,12,Motor Vehicle In-Transport,1,Front-to-Rear,0,No,1,Non-Junction,1,Not an Intersection,4,"Work Zone, Type Unknown",,,1,On Roadway,3,Dark - Lighted,,,,,1,Clear,0,No,0000000,Not Applicable,23,11:00pm-11:59pm,43,43,23,11:00pm-11:59pm,48,48,0,0:00am-0:59am,10,10,,,,,,,1,
2022,34,340548,New Jersey,1,1,0,0,0,5,5,25,MONMOUTH (25),1090,FREEHOLD,19,19,4,April,2022,3,Tuesday,22,10:00pm-10:59pm,39,39,1,This section IS ON the NHS,2,Urban,3,Principal Arterial - Other,1,State Highway Agency,2,U.S. Highway,US-9,,1121,1121,40.23198611,40.23198611,-74.273052780,-74.27305278,0,No Special Jurisdiction,33,Curb,0,The First Harmful Event was Not a Collision with a Motor Vehicle in Transport,0,No,1,Non-Junction,1,Not an Intersection,0,None,,,4,On Roadside,3,Dark - Lighted,,,,,1,Clear,0,No,0000000,Not Applicable,22,10:00pm-10:59pm,39,39,22,10:00pm-10:59pm,49,49,23,11:00pm-11:59pm,20,20,,,,,,,2,
2022,34,340549,New Jersey,2,2,0,0,0,2,2,5,BURLINGTON (5),3149,SOUTHAMPTON,22,22,11,November,2022,3,Tuesday,18,6:00pm-6:59pm,5,5,1,This section IS ON the NHS,1,Rural,3,Principal Arterial - Other,1,State Highway Agency,3,State Highway,SR-70,TRANQUILITY CT,247,247,39.89165000,39.89165000,-74.624630560,-74.62463056,0,No Special Jurisdiction,12,Motor Vehicle In-Transport,1,Front-to-Rear,0,No,2,Intersection,3,T-Intersection,0,None,,,1,On Roadway,2,Dark - Not Lighted,,,,,1,Clear,0,No,0000000,Not Applicable,18,6:00pm-6:59pm,7,7,18,6:00pm-6:59pm,13,13,19,7:00pm-7:59pm,13,13,,,,,,,1,
2022,34,340550,New Jersey,2,2,0,0,0,2,2,25,MONMOUTH (25),3475,WALL TOWNSHIP,29,29,4,April,2022,6,Friday,10,10:00am-10:59am,5,5,1,This section IS ON the NHS,2,Urban,3,Principal Arterial - Other,1,State Highway Agency,3,State Highway,SR-34,,72,72,40.21200000,40.21200000,-74.125605560,-74.12560556,0,No Special Jurisdiction,12,Motor Vehicle In-Transport,1,Front-to-Rear,0,No,1,Non-Junction,1,Not an Intersection,0,None,,,1,On Roadway,1,Daylight,,,,,1,Clear,0,No,0000000,Not Applicable,99,Unknown,99,Unknown,99,Unknown EMS Scene Arrival Hour,99,Unknown EMS Scene Arrival Minutes,99,Unknown,99,Unknown EMS Hospital Arrival Time,,,,,,,1,
2022,34,340551,New Jersey,1,1,0,0,0,1,1,25,MONMOUTH (25),1445,HOLMDEL,9,9,12,December,2022,6,Friday,13,1:00pm-1:59pm,11,11,1,This section IS ON the NHS,2,Urban,2,Principal Arterial - Other Freeways and Expressways,31,State Toll Road,8,Other,444-GARDEN STATE PARKWAY,,1174,1174,40.40766667,40.40766667,-74.199130560,-74.19913056,0,No Special Jurisdiction,24,Guardrail Face,0,The First Harmful Event was Not a Collision with a Motor Vehicle in Transport,0,No,1,Non-Junction,1,Not an Intersection,0,None,,,4,On Roadside,1,Daylight,,,,,1,Clear,0,No,0000000,Not Applicable,13,1:00pm-1:59pm,25,25,13,1:00pm-1:59pm,36,36,88,"Not Applicable (Not Transported) ",88,Not Applicable (Not Transported),,,,,,,1,
2022,34,340552,New Jersey,2,2,0,1,1,2,2,13,ESSEX (13),1480,TOWNSHIP OF IRVINGTON,27,27,4,April,2022,4,Wednesday,23,11:00pm-11:59pm,27,27,1,This section IS ON the NHS,2,Urban,3,Principal Arterial - Other,2,County Highway Agency,4,County Road,CR-510 S ORANGE AVE,,196,196,40.76871944,40.76871944,-74.346111110,-74.34611111,0,No Special Jurisdiction,8,Pedestrian,0,The First Harmful Event was Not a Collision with a Motor Vehicle in Transport,0,No,1,Non-Junction,1,Not an Intersection,0,None,,,1,On Roadway,2,Dark - Not Lighted,,,,,1,Clear,0,No,0000000,Not Applicable,23,11:00pm-11:59pm,28,28,23,11:00pm-11:59pm,37,37,88,"Not Applicable (Not Transported) ",88,Not Applicable (Not Transported),,,,,,,1,
2022,34,340553,New Jersey,1,1,0,1,1,1,1,13,ESSEX (13),230,BELLEVILLE,24,24,6,June,2022,6,Friday,21,9:00pm-9:59pm,53,53,0,This section IS NOT on the NHS,2,Urban,4,Minor Arterial,1,State Highway Agency,3,State Highway,SR-7 WASHINGTON AVE,,65,65,40.78722222,40.78722222,-74.152902780,-74.15290278,0,No Special Jurisdiction,8,Pedestrian,0,The First Harmful Event was Not a Collision with a Motor Vehicle in Transport,0,No,1,Non-Junction,1,Not an Intersection,0,None,,,1,On Roadway,3,Dark - Lighted,,,,,1,Clear,0,No,0000000,Not Applicable,21,9:00pm-9:59pm,55,55,21,9:00pm-9:59pm,57,57,22,10:00pm-10:59pm,21,21,,,,,,,1,
2022,34,340554,New Jersey,1,1,0,0,0,1,1,31,PASSAIC (31),3610,WOODLAND PARK,14,14,8,August,2022,1,Sunday,22,10:00pm-10:59pm,29,29,0,This section IS NOT on the NHS,2,Urban,4,Minor Arterial,2,County Highway Agency,4,County Road,CR-633 RIFLE CAMP RD,,21,21,40.89646111,40.89646111,-74.185911110,-74.18591111,0,No Special Jurisdiction,53,Mail Box,0,The First Harmful Event was Not a Collision with a Motor Vehicle in Transport,0,No,1,Non-Junction,1,Not an Intersection,0,None,,,4,On Roadside,3,Dark - Lighted,,,,,1,Clear,0,No,0000000,Not Applicable,22,10:00pm-10:59pm,33,33,22,10:00pm-10:59pm,39,39,22,10:00pm-10:59pm,59,59,,,,,,,1,
2022,34,340555,New Jersey,2,1,1,1,1,0,0,5,BURLINGTON (5),841,EDGEWATER PARK,9,9,12,December,2022,6,Friday,18,6:00pm-6:59pm,43,43,0,This section IS NOT on the NHS,2,Urban,7,Local,4,City or Municipal Highway Agency,6,Local Street - Municipality,S GARDEN BLVD,,99998,Not Reported,40.05228889,40.05228889,-74.903922220,-74.90392222,0,No Special Jurisdiction,8,Pedestrian,0,The First Harmful Event was Not a Collision with a Motor Vehicle in Transport,0,No,1,Non-Junction,1,Not an Intersection,0,None,,,7,In Parking Lane/Zone,3,Dark - Lighted,,,,,1,Clear,0,No,0000000,Not Applicable,18,6:00pm-6:59pm,45,45,18,6:00pm-6:59pm,58,58,19,7:00pm-7:59pm,12,12,,,,,,,1,
2022,34,340556,New Jersey,2,2,0,0,0,2,2,23,MIDDLESEX (23),844,EDISON,12,12,12,December,2022,2,Monday,12,12:00pm-12:59pm,45,45,1,This section IS ON the NHS,2,Urban,1,Interstate,31,State Toll Road,1,Interstate,I-95 NEW JERSEY TPKE RAMP,,99998,Not Reported,40.52595000,40.52595000,-74.337427780,-74.33742778,0,No Special Jurisdiction,12,Motor Vehicle In-Transport,1,Front-to-Rear,1,Yes,20,Entrance/Exit Ramp,1,Not an Intersection,0,None,,,1,On Roadway,1,Daylight,,,,,1,Clear,0,No,0000000,Not Applicable,12,12:00pm-12:59pm,49,49,12,12:00pm-12:59pm,57,57,88,"Not Applicable (Not Transported) ",88,Not Applicable (Not Transported),,,,,,,1,
2022,34,340557,New Jersey,2,2,0,1,1,3,3,25,MONMOUTH (25),3475,WALL TOWNSHIP,18,18,12,December,2022,1,Sunday,13,1:00pm-1:59pm,31,31,1,This section IS ON the NHS,2,Urban,2,Principal Arterial - Other Freeways and Expressways,31,State Toll Road,8,Other,GSP-444 GARDEN STATE PKWY,,977,977,40.16191667,40.16191667,-74.101875000,-74.10187500,0,No Special Jurisdiction,12,Motor Vehicle In-Transport,7,Sideswipe - Same Direction,0,No,1,Non-Junction,1,Not an Intersection,0,None,,,1,On Roadway,1,Daylight,,,,,1,Clear,0,No,0000000,Not Applicable,13,1:00pm-1:59pm,25,25,13,1:00pm-1:59pm,30,30,13,1:00pm-1:59pm,57,57,,,,,,,1,
2022,34,340558,New Jersey,3,2,1,0,1,2,3,7,CAMDEN (7),240,BELLMAWR,27,27,12,December,2022,3,Tuesday,15,3:00pm-3:59pm,10,10,1,This section IS ON the NHS,2,Urban,1,Interstate,1,State Highway Agency,1,Interstate,I-295,,282,282,39.87244167,39.87244167,-75.081450000,-75.08145000,0,No Special Jurisdiction,14,Parked Motor Vehicle,0,The First Harmful Event was Not a Collision with a Motor Vehicle in Transport,0,No,1,Non-Junction,1,Not an Intersection,0,None,,,2,On Shoulder,1,Daylight,,,,,1,Clear,0,No,0000000,Not Applicable,15,3:00pm-3:59pm,15,15,15,3:00pm-3:59pm,23,23,16,4:00pm-4:59pm,0,0,,,,,,,1,
2022,34,340559,New Jersey,1,1,0,1,1,1,1,9,CAPE MAY (9),0,NOT APPLICABLE,1,1,12,December,2022,5,Thursday,17,5:00pm-5:59pm,7,7,0,This section IS NOT on the NHS,1,Rural,4,Minor Arterial,1,State Highway Agency,2,U.S. Highway,US-9,,278,278,39.25418056,39.25418056,-74.659188890,-74.65918889,0,No Special Jurisdiction,15,Non-Motorist on Personal Conveyance,0,The First Harmful Event was Not a Collision with a Motor Vehicle in Transport,0,No,4,Driveway Access,1,Not an Intersection,0,None,,,1,On Roadway,2,Dark - Not Lighted,,,,,1,Clear,0,No,0000000,Not Applicable,16,4:00pm-4:59pm,58,58,17,5:00pm-5:59pm,5,5,17,5:00pm-5:59pm,23,23,,,,,,,1,
2022,34,340560,New Jersey,1,1,0,0,0,3,3,25,MONMOUTH (25),1445,HOLMDEL,2,2,12,December,2022,6,Friday,11,11:00am-11:59am,49,49,0,This section IS NOT on the NHS,2,Urban,7,Local,4,City or Municipal Highway Agency,6,Local Street - Municipality,MIDDLETOWN RD,,99998,Not Reported,40.35921389,40.35921389,-74.157186110,-74.15718611,0,No Special Jurisdiction,7,Other Non-Collision,0,The First Harmful Event was Not a Collision with a Motor Vehicle in Transport,0,No,1,Non-Junction,1,Not an Intersection,0,None,,,4,On Roadside,1,Daylight,,,,,1,Clear,0,No,0000000,Not Applicable,11,11:00am-11:59am,53,53,12,12:00pm-12:59pm,10,10,12,12:00pm-12:59pm,50,50,,,,,,,1,
2022,34,340561,New Jersey,2,2,0,1,1,2,2,27,MORRIS (27),0,NOT APPLICABLE,1,1,12,December,2022,5,Thursday,17,5:00pm-5:59pm,19,19,1,This section IS ON the NHS,2,Urban,3,Principal Arterial - Other,2,County Highway Agency,6,Local Street - Municipality,CR-511 WHIPPANY RD,,1,1,40.79671111,40.79671111,-74.458644440,-74.45864444,0,No Special Jurisdiction,8,Pedestrian,0,The First Harmful Event was Not a Collision with a Motor Vehicle in Transport,0,No,1,Non-Junction,1,Not an Intersection,0,None,,,1,On Roadway,3,Dark - Lighted,,,,,1,Clear,0,No,0000000,Not Applicable,99,Unknown,99,Unknown,99,Unknown EMS Scene Arrival Hour,99,Unknown EMS Scene Arrival Minutes,99,Unknown,99,Unknown EMS Hospital Arrival Time,,,,,,,1,
2022,34,340562,New Jersey,1,1,0,1,1,1,1,15,GLOUCESTER (15),2520,PAULSBORO,23,23,11,November,2022,4,Wednesday,21,9:00pm-9:59pm,24,24,0,This section IS NOT on the NHS,2,Urban,4,Minor Arterial,2,County Highway Agency,4,County Road,CR-667 S DELAWARE ST,SR-44 E BROAD ST,150,150,39.83006944,39.83006944,-75.240333330,-75.24033333,0,No Special Jurisdiction,8,Pedestrian,0,The First Harmful Event was Not a Collision with a Motor Vehicle in Transport,0,No,3,Intersection-Related,7,"Five Point, or More",0,None,,,1,On Roadway,3,Dark - Lighted,,,,,1,Clear,0,No,0000000,Not Applicable,21,9:00pm-9:59pm,25,25,21,9:00pm-9:59pm,30,30,22,10:00pm-10:59pm,7,7,,,,,,,1,
2022,34,340563,New Jersey,3,3,0,0,0,4,4,3,BERGEN (3),2780,RIDGEFIELD PARK,1,1,11,November,2022,3,Tuesday,15,3:00pm-3:59pm,28,28,1,This section IS ON the NHS,2,Urban,1,Interstate,31,State Toll Road,1,Interstate,I-95 NJ TPKE,,56,56,40.84003333,40.84003333,-74.018402780,-74.01840278,0,No Special Jurisdiction,12,Motor Vehicle In-Transport,1,Front-to-Rear,0,No,1,Non-Junction,1,Not an Intersection,0,None,,,1,On Roadway,1,Daylight,,,,,98,Not Reported,0,No,0000000,Not Applicable,15,3:00pm-3:59pm,34,34,15,3:00pm-3:59pm,48,48,16,4:00pm-4:59pm,27,27,,,,,,,1,
2022,34,340564,New Jersey,1,1,0,1,1,1,1,23,MIDDLESEX (23),1920,NEW BRUNSWICK,28,28,5,May,2022,7,Saturday,2,2:00am-2:59am,7,7,0,This section IS NOT on the NHS,2,Urban,4,Minor Arterial,2,County Highway Agency,4,County Road,"CR-693 JERSEY AVE ",HANDY ST,10,10,40.49156944,40.49156944,-74.454541670,-74.45454167,0,No Special Jurisdiction,8,Pedestrian,0,The First Harmful Event was Not a Collision with a Motor Vehicle in Transport,0,No,3,Intersection-Related,2,Four-Way Intersection,0,None,,,1,On Roadway,3,Dark - Lighted,,,,,1,Clear,0,No,0000000,Not Applicable,2,2:00am-2:59am,12,12,2,2:00am-2:59am,12,12,2,2:00am-2:59am,34,34,,,,,,,1,