caseyear,state,st_case,statename,ve_total,ve_forms,pvh_invl,peds,pernotmvit,permvit,persons,county,countyname,city,cityname,day,dayname,month,monthname,year,day_week,day_weekname,hour,hourname,minute,minutename,nhs,nhsname,rur_urb,rur_urbname,func_sys,func_sysname,rd_owner,rd_ownername,route,routename,tway_id,tway_id2,milept,mileptname,latitude,latitudename,longitud,longitudname,sp_jur,sp_jurname,harm_ev,harm_evname,man_coll,man_collname,reljct1,reljct1name,reljct2,reljct2name,typ_int,typ_intname,wrk_zone,wrk_zonename,road_fnc,road_fncname,rel_road,rel_roadname,lgt_cond,lgt_condname,weather1,weather1name,weather2,weather2name,weather,weathername,sch_bus,sch_busname,rail,railname,not_hour,not_hourname,not_min,not_minname,arr_hour,arr_hourname,arr_min,arr_minname,hosp_hr,hosp_hrname,hosp_mn,hosp_mnname,cf1,cf1name,cf2,cf2name,cf3,cf3name,fatals,drunk_dr
2022,34,340565,New Jersey,3,2,1,0,0,5,5,13,ESSEX (13),2130,NEWARK,23,23,7,July,2022,7,Saturday,4,4:00am-4:59am,22,22,1,This section IS ON the NHS,2,Urban,3,Principal Arterial - Other,1,State Highway Agency,3,State Highway,SR-27 FRELINGHUYSEN AVE,,361,361,40.69206944,40.69206944,-74.201527780,-74.20152778,0,No Special Jurisdiction,12,Motor Vehicle In-Transport,7,Sideswipe - Same Direction,0,No,1,Non-Junction,1,Not an Intersection,0,None,,,1,On Roadway,3,Dark - Lighted,,,,,1,Clear,0,No,0000000,Not Applicable,4,4:00am-4:59am,25,25,4,4:00am-4:59am,36,36,5,5:00am-5:59am,19,19,,,,,,,4,
2022,34,340566,New Jersey,1,1,0,1,1,1,1,25,MONMOUTH (25),1465,HOWELL,8,8,4,April,2022,6,Friday,21,9:00pm-9:59pm,35,35,1,This section IS ON the NHS,2,Urban,3,Principal Arterial - Other,1,State Highway Agency,2,U.S. Highway,US-9,,1055,1055,40.14406667,40.14406667,-74.225530560,-74.22553056,0,No Special Jurisdiction,8,Pedestrian,0,The First Harmful Event was Not a Collision with a Motor Vehicle in Transport,0,No,1,Non-Junction,1,Not an Intersection,0,None,,,1,On Roadway,2,Dark - Not Lighted,,,,,98,Not Reported,0,No,0000000,Not Applicable,21,9:00pm-9:59pm,39,39,21,9:00pm-9:59pm,43,43,88,"Not Applicable (Not Transported) ",88,Not Applicable (Not Transported),,,,,,,1,
2022,34,340567,New Jersey,1,1,0,1,1,1,1,31,PASSAIC (31),660,CLIFTON,3,3,12,December,2022,7,Saturday,17,5:00pm-5:59pm,27,27,0,This section IS NOT on the NHS,2,Urban,5,Major Collector,2,County Highway Agency,4,County Road,CR-606 KINGSLAND RD,,0,None,40.82336667,40.82336667,-74.135166670,-74.13516667,0,No Special Jurisdiction,8,Pedestrian,0,The First Harmful Event was Not a Collision with a Motor Vehicle in Transport,0,No,1,Non-Junction,1,Not an Intersection,0,None,,,1,On Roadway,6,Dark - Unknown Lighting,,,,,2,Rain,0,No,0000000,Not Applicable,17,5:00pm-5:59pm,28,28,17,5:00pm-5:59pm,34,34,18,6:00pm-6:59pm,13,13,,,,,,,1,
2022,34,340568,New Jersey,1,1,0,1,1,1,1,25,MONMOUTH (25),2374,OCEAN TOWNSHIP,9,9,12,December,2022,6,Friday,8,8:00am-8:59am,29,29,0,This section IS NOT on the NHS,2,Urban,4,Minor Arterial,4,City or Municipal Highway Agency,6,Local Street - Municipality,DEAL RD,POPLAR RD,7,7,40.25046667,40.25046667,-74.049450000,-74.04945000,0,No Special Jurisdiction,9,Pedalcyclist,0,The First Harmful Event was Not a Collision with a Motor Vehicle in Transport,0,No,3,Intersection-Related,2,Four-Way Intersection,0,None,,,1,On Roadway,1,Daylight,,,,,1,Clear,0,No,0000000,Not Applicable,99,Unknown,99,Unknown,99,Unknown EMS Scene Arrival Hour,99,Unknown EMS Scene Arrival Minutes,99,Unknown,99,Unknown EMS Hospital Arrival Time,,,,,,,1,
2022,34,340569,New Jersey,3,3,0,0,0,3,3,23,MIDDLESEX (23),3144,SOUTH BRUNSWICK,31,31,12,December,2022,7,Saturday,0,0:00am-0:59am,21,21,1,This section IS ON the NHS,2,Urban,3,Principal Arterial - Other,1,State Highway Agency,2,U.S. Highway,US-1,,172,172,40.39456667,40.39456667,-74.561436110,-74.56143611,0,No Special Jurisdiction,12,Motor Vehicle In-Transport,11,"Other ",0,No,1,Non-Junction,1,Not an Intersection,0,None,,,1,On Roadway,3,Dark - Lighted,,,,,1,Clear,0,No,0000000,Not Applicable,0,0:00am-0:59am,29,29,0,0:00am-0:59am,47,47,1,1:00am-1:59am,16,16,,,,,,,1,
2022,34,340570,New Jersey,1,1,0,1,1,1,1,7,CAMDEN (7),520,CAMDEN,4,4,8,August,2022,5,Thursday,22,10:00pm-10:59pm,12,12,0,This section IS NOT on the NHS,2,Urban,5,Major Collector,4,City or Municipal Highway Agency,6,Local Street - Municipality,CHELTON AVE,,2,2,39.91820833,39.91820833,-75.115997220,-75.11599722,0,No Special Jurisdiction,8,Pedestrian,0,The First Harmful Event was Not a Collision with a Motor Vehicle in Transport,0,No,1,Non-Junction,1,Not an Intersection,0,None,,,1,On Roadway,6,Dark - Unknown Lighting,,,,,2,Rain,0,No,0000000,Not Applicable,22,10:00pm-10:59pm,10,10,22,10:00pm-10:59pm,18,18,22,10:00pm-10:59pm,30,30,,,,,,,1,
2022,34,340571,New Jersey,2,2,0,0,0,2,2,23,MIDDLESEX (23),3705,WOODBRIDGE,7,7,11,November,2022,2,Monday,20,8:00pm-8:59pm,48,48,1,This section IS ON the NHS,2,Urban,3,Principal Arterial - Other,1,State Highway Agency,2,U.S. Highway,US-9,,1351,1351,40.54907500,40.54907500,-74.291080560,-74.29108056,0,No Special Jurisdiction,12,Motor Vehicle In-Transport,1,Front-to-Rear,0,No,1,Non-Junction,1,Not an Intersection,0,None,,,1,On Roadway,2,Dark - Not Lighted,,,,,1,Clear,0,No,0000000,Not Applicable,20,8:00pm-8:59pm,50,50,20,8:00pm-8:59pm,56,56,21,9:00pm-9:59pm,50,50,,,,,,,1,
2022,34,340572,New Jersey,1,1,0,0,0,1,1,5,BURLINGTON (5),3149,SOUTHAMPTON,29,29,12,December,2022,5,Thursday,3,3:00am-3:59am,45,45,1,This section IS ON the NHS,2,Urban,3,Principal Arterial - Other,1,State Highway Agency,2,U.S. Highway,US-206,SR-70,176,176,39.88784167,39.88784167,-74.741238890,-74.74123889,0,No Special Jurisdiction,33,Curb,0,The First Harmful Event was Not a Collision with a Motor Vehicle in Transport,0,No,3,Intersection-Related,5,Traffic Circle,0,None,,,8,Gore,3,Dark - Lighted,,,,,1,Clear,0,No,0000000,Not Applicable,3,3:00am-3:59am,55,55,4,4:00am-4:59am,4,4,88,"Not Applicable (Not Transported) ",88,Not Applicable (Not Transported),,,,,,,1,
2022,34,340573,New Jersey,1,1,0,1,1,1,1,21,MERCER (21),3380,TRENTON,8,8,7,July,2022,6,Friday,21,9:00pm-9:59pm,59,59,1,This section IS ON the NHS,2,Urban,3,Principal Arterial - Other,4,City or Municipal Highway Agency,6,Local Street - Municipality,MARKET ST,,99998,Not Reported,40.21600556,40.21600556,-74.761475000,-74.76147500,0,No Special Jurisdiction,8,Pedestrian,0,The First Harmful Event was Not a Collision with a Motor Vehicle in Transport,0,No,1,Non-Junction,1,Not an Intersection,0,None,,,1,On Roadway,8,Not Reported,,,,,1,Clear,0,No,0000000,Not Applicable,22,10:00pm-10:59pm,2,2,22,10:00pm-10:59pm,5,5,22,10:00pm-10:59pm,22,22,,,,,,,1,
2022,34,340574,New Jersey,2,2,0,0,0,3,3,21,MERCER (21),3380,TRENTON,11,11,6,June,2022,7,Saturday,23,11:00pm-11:59pm,54,54,0,This section IS NOT on the NHS,2,Urban,7,Local,4,City or Municipal Highway Agency,6,Local Street - Municipality,WHITTAKER AVE,ROEBLING AVE,99998,Not Reported,40.21057778,40.21057778,-74.748016670,-74.74801667,0,No Special Jurisdiction,12,Motor Vehicle In-Transport,6,Angle,0,No,2,Intersection,3,T-Intersection,4,"Work Zone, Type Unknown",,,1,On Roadway,3,Dark - Lighted,,,,,1,Clear,0,No,0000000,Not Applicable,23,11:00pm-11:59pm,58,58,0,0:00am-0:59am,3,3,0,0:00am-0:59am,17,17,,,,,,,1,
2022,34,340575,New Jersey,1,1,0,0,0,1,1,23,MIDDLESEX (23),1986,MONROE TOWNSHIP,3,3,9,September,2022,7,Saturday,6,6:00am-6:59am,50,50,0,This section IS NOT on the NHS,2,Urban,4,Minor Arterial,4,City or Municipal Highway Agency,6,Local Street - Municipality,MOUNTS MILLS RD,,99998,Not Reported,40.32954167,40.32954167,-74.389383330,-74.38938333,0,No Special Jurisdiction,42,Tree (Standing Only),0,The First Harmful Event was Not a Collision with a Motor Vehicle in Transport,0,No,1,Non-Junction,1,Not an Intersection,0,None,,,4,On Roadside,9,Reported as Unknown,,,,,1,Clear,0,No,0000000,Not Applicable,99,Unknown,99,Unknown,99,Unknown EMS Scene Arrival Hour,99,Unknown EMS Scene Arrival Minutes,88,"Not Applicable (Not Transported) ",88,Not Applicable (Not Transported),,,,,,,1,
2022,34,340576,New Jersey,2,2,0,0,0,4,4,23,MIDDLESEX (23),3705,WOODBRIDGE,24,24,11,November,2022,5,Thursday,21,9:00pm-9:59pm,52,52,1,This section IS ON the NHS,2,Urban,3,Principal Arterial - Other,1,State Highway Agency,2,U.S. Highway,US-1,,362,362,40.56972778,40.56972778,-74.294483330,-74.29448333,0,No Special Jurisdiction,12,Motor Vehicle In-Transport,6,Angle,0,No,1,Non-Junction,1,Not an Intersection,0,None,,,1,On Roadway,2,Dark - Not Lighted,,,,,1,Clear,0,No,0000000,Not Applicable,21,9:00pm-9:59pm,58,58,22,10:00pm-10:59pm,0,0,22,10:00pm-10:59pm,43,43,,,,,,,1,
2022,34,340577,New Jersey,2,2,0,0,0,2,2,23,MIDDLESEX (23),3705,WOODBRIDGE,23,23,11,November,2022,4,Wednesday,9,9:00am-9:59am,11,11,1,This section IS ON the NHS,2,Urban,3,Principal Arterial - Other,1,State Highway Agency,3,State Highway,SR-35,AMBOY AVE,543,543,40.54360278,40.54360278,-74.276816670,-74.27681667,0,No Special Jurisdiction,12,Motor Vehicle In-Transport,6,Angle,0,No,2,Intersection,2,Four-Way Intersection,0,None,,,1,On Roadway,1,Daylight,,,,,1,Clear,0,No,0000000,Not Applicable,9,9:00am-9:59am,12,12,9,9:00am-9:59am,19,19,9,9:00am-9:59am,30,30,,,,,,,1,
2022,34,340578,New Jersey,1,1,0,0,0,1,1,23,MIDDLESEX (23),1986,MONROE TOWNSHIP,28,28,9,September,2022,4,Wednesday,2,2:00am-2:59am,11,11,0,This section IS NOT on the NHS,2,Urban,4,Minor Arterial,2,County Highway Agency,4,County Road,CR-614 PROSPECT PLAINS RD,,89,89,40.32219167,40.32219167,-74.459091670,-74.45909167,0,No Special Jurisdiction,33,Curb,0,The First Harmful Event was Not a Collision with a Motor Vehicle in Transport,0,No,1,Non-Junction,1,Not an Intersection,0,None,,,4,On Roadside,6,Dark - Unknown Lighting,,,,,1,Clear,0,No,0000000,Not Applicable,2,2:00am-2:59am,15,15,2,2:00am-2:59am,15,15,88,"Not Applicable (Not Transported) ",88,Not Applicable (Not Transported),,,,,,,1,
2022,34,340579,New Jersey,1,1,0,1,1,1,1,21,MERCER (21),3380,TRENTON,6,6,5,May,2022,6,Friday,3,3:00am-3:59am,44,44,0,This section IS NOT on the NHS,2,Urban,4,Minor Arterial,2,County Highway Agency,4,County Road,CR-622 NORTH OLDEN AVE,,30,30,40.22831944,40.22831944,-74.741372220,-74.74137222,0,No Special Jurisdiction,9,Pedalcyclist,0,The First Harmful Event was Not a Collision with a Motor Vehicle in Transport,0,No,1,Non-Junction,1,Not an Intersection,0,None,,,1,On Roadway,3,Dark - Lighted,,,,,1,Clear,0,No,0000000,Not Applicable,3,3:00am-3:59am,45,45,3,3:00am-3:59am,50,50,88,"Not Applicable (Not Transported) ",88,Not Applicable (Not Transported),,,,,,,1,
2022,34,340580,New Jersey,1,1,0,1,1,3,3,13,ESSEX (13),800,EAST ORANGE,12,12,12,December,2022,2,Monday,8,8:00am-8:59am,13,13,0,This section IS NOT on the NHS,2,Urban,7,Local,4,City or Municipal Highway Agency,6,Local Street - Municipality,FREEWAY DRIVE,SOUTH BURNET ST,10,10,40.76248333,40.76248333,-74.215272220,-74.21527222,0,No Special Jurisdiction,8,Pedestrian,0,The First Harmful Event was Not a Collision with a Motor Vehicle in Transport,0,No,3,Intersection-Related,2,Four-Way Intersection,0,None,,,1,On Roadway,1,Daylight,,,,,1,Clear,0,No,0000000,Not Applicable,8,8:00am-8:59am,17,17,8,8:00am-8:59am,27,27,8,8:00am-8:59am,40,40,,,,,,,1,
2022,34,340581,New Jersey,2,2,0,0,0,2,2,23,MIDDLESEX (23),3705,WOODBRIDGE,16,16,6,June,2022,5,Thursday,15,3:00pm-3:59pm,26,26,1,This section IS ON the NHS,2,Urban,3,Principal Arterial - Other,1,State Highway Agency,3,State Highway,SR-35,MIDDLEHILL RD,569,569,40.57745000,40.57745000,-74.294294440,-74.29429444,0,No Special Jurisdiction,12,Motor Vehicle In-Transport,6,Angle,0,No,2,Intersection,3,T-Intersection,0,None,,,1,On Roadway,1,Daylight,,,,,10,Cloudy,0,No,0000000,Not Applicable,15,3:00pm-3:59pm,27,27,15,3:00pm-3:59pm,28,28,16,4:00pm-4:59pm,5,5,,,,,,,1,
2022,34,340582,New Jersey,1,1,0,1,1,1,1,39,UNION (39),860,ELIZABETH,26,26,12,December,2022,2,Monday,2,2:00am-2:59am,29,29,1,This section IS ON the NHS,2,Urban,3,Principal Arterial - Other,1,State Highway Agency,2,U.S. Highway,US-1 SPRING ST,EAST JERSEY ST,443,443,40.66247222,40.66247222,-74.206938890,-74.20693889,0,No Special Jurisdiction,8,Pedestrian,0,The First Harmful Event was Not a Collision with a Motor Vehicle in Transport,0,No,3,Intersection-Related,2,Four-Way Intersection,0,None,,,1,On Roadway,6,Dark - Unknown Lighting,,,,,1,Clear,0,No,0000000,Not Applicable,99,Unknown,99,Unknown,99,Unknown EMS Scene Arrival Hour,99,Unknown EMS Scene Arrival Minutes,99,Unknown,99,Unknown EMS Hospital Arrival Time,,,,,,,1,
2022,34,340583,New Jersey,3,3,0,4,4,4,4,31,PASSAIC (31),2510,PATERSON,17,17,5,May,2022,3,Tuesday,15,3:00pm-3:59pm,14,14,1,This section IS ON the NHS,2,Urban,3,Principal Arterial - Other,2,County Highway Agency,4,County Road,CR-509 MAIN ST,MARKET ST,99998,Not Reported,40.91392222,40.91392222,-74.173280560,-74.17328056,0,No Special Jurisdiction,12,Motor Vehicle In-Transport,98,Not Reported,0,No,3,Intersection-Related,2,Four-Way Intersection,0,None,,,1,On Roadway,1,Daylight,,,,,1,Clear,0,No,0000000,Not Applicable,15,3:00pm-3:59pm,14,14,15,3:00pm-3:59pm,19,19,15,3:00pm-3:59pm,55,55,,,,,,,1,
2022,34,340584,New Jersey,1,1,0,1,1,1,1,35,SOMERSET (35),1820,MANVILLE,20,20,12,December,2022,3,Tuesday,18,6:00pm-6:59pm,30,30,0,This section IS NOT on the NHS,2,Urban,4,Minor Arterial,2,County Highway Agency,4,County Road,CR-533,,288,288,40.54847778,40.54847778,-74.586383330,-74.58638333,0,No Special Jurisdiction,8,Pedestrian,0,The First Harmful Event was Not a Collision with a Motor Vehicle in Transport,0,No,1,Non-Junction,1,Not an Intersection,0,None,,,1,On Roadway,3,Dark - Lighted,,,,,1,Clear,0,No,0000000,Not Applicable,18,6:00pm-6:59pm,32,32,18,6:00pm-6:59pm,39,39,19,7:00pm-7:59pm,0,0,,,,,,,1,
2022,34,340585,New Jersey,1,1,0,0,0,1,1,11,CUMBERLAND (11),0,NOT APPLICABLE,7,7,10,October,2022,6,Friday,23,11:00pm-11:59pm,14,14,0,This section IS NOT on the NHS,1,Rural,7,Local,4,City or Municipal Highway Agency,4,County Road,CR-614,,19,19,39.27389167,39.27389167,-75.059702780,-75.05970278,0,No Special Jurisdiction,59,"Traffic Sign Support ",0,The First Harmful Event was Not a Collision with a Motor Vehicle in Transport,0,No,1,Non-Junction,1,Not an Intersection,0,None,,,4,On Roadside,6,Dark - Unknown Lighting,,,,,1,Clear,0,No,0000000,Not Applicable,99,Unknown,99,Unknown,99,Unknown EMS Scene Arrival Hour,99,Unknown EMS Scene Arrival Minutes,88,"Not Applicable (Not Transported) ",88,Not Applicable (Not Transported),,,,,,,1,
2022,34,340586,New Jersey,1,1,0,1,1,1,1,21,MERCER (21),3380,TRENTON,2,2,10,October,2022,1,Sunday,19,7:00pm-7:59pm,46,46,1,This section IS ON the NHS,2,Urban,3,Principal Arterial - Other,1,State Highway Agency,3,State Highway,SR-129,,16,16,40.20600556,40.20600556,-74.754797220,-74.75479722,0,No Special Jurisdiction,8,Pedestrian,0,The First Harmful Event was Not a Collision with a Motor Vehicle in Transport,0,No,1,Non-Junction,1,Not an Intersection,0,None,,,1,On Roadway,6,Dark - Unknown Lighting,,,,,2,Rain,0,No,0000000,Not Applicable,19,7:00pm-7:59pm,47,47,19,7:00pm-7:59pm,57,57,99,Unknown,99,Unknown EMS Hospital Arrival Time,,,,,,,1,
2022,34,340587,New Jersey,3,3,0,0,0,6,6,5,BURLINGTON (5),3325,TABERNACLE,31,31,12,December,2022,7,Saturday,13,1:00pm-1:59pm,22,22,0,This section IS NOT on the NHS,2,Urban,4,Minor Arterial,4,City or Municipal Highway Agency,4,County Road,CR-532,OAK SHADE RD,35,35,39.84931944,39.84931944,-74.743863890,-74.74386389,0,No Special Jurisdiction,12,Motor Vehicle In-Transport,6,Angle,0,No,2,Intersection,2,Four-Way Intersection,0,None,,,1,On Roadway,1,Daylight,,,,,2,Rain,0,No,0000000,Not Applicable,13,1:00pm-1:59pm,26,26,13,1:00pm-1:59pm,28,28,14,2:00pm-2:59pm,16,16,,,,,,,1,
2022,34,340588,New Jersey,2,2,0,0,0,5,5,5,BURLINGTON (5),3537,WESTAMPTON TOWNSHIP,25,25,12,December,2022,1,Sunday,5,5:00am-5:59am,16,16,1,This section IS ON the NHS,2,Urban,2,Principal Arterial - Other Freeways and Expressways,31,State Toll Road,8,Other,700-NJ TURNPIKE,,420,420,40.00391667,40.00391667,-74.848450000,-74.84845000,0,No Special Jurisdiction,12,Motor Vehicle In-Transport,1,Front-to-Rear,0,No,1,Non-Junction,1,Not an Intersection,0,None,,,1,On Roadway,2,Dark - Not Lighted,,,,,6,Severe Crosswinds,0,No,0000000,Not Applicable,5,5:00am-5:59am,28,28,5,5:00am-5:59am,41,41,6,6:00am-6:59am,35,35,,,,,,,2,
2022,34,340590,New Jersey,1,1,0,1,1,1,1,23,MIDDLESEX (23),3144,SOUTH BRUNSWICK,15,15,6,June,2022,4,Wednesday,10,10:00am-10:59am,31,31,0,This section IS NOT on the NHS,2,Urban,5,Major Collector,2,County Highway Agency,4,County Road,CR-697 GEORGES RD,,25,25,40.39125278,40.39125278,-74.523283330,-74.52328333,0,No Special Jurisdiction,33,Curb,0,The First Harmful Event was Not a Collision with a Motor Vehicle in Transport,0,No,1,Non-Junction,1,Not an Intersection,0,None,,,4,On Roadside,1,Daylight,,,,,1,Clear,0,No,0000000,Not Applicable,10,10:00am-10:59am,34,34,10,10:00am-10:59am,40,40,88,"Not Applicable (Not Transported) ",88,Not Applicable (Not Transported),,,,,,,1,
2022,34,340591,New Jersey,1,1,0,1,1,1,1,23,MIDDLESEX (23),2570,PERTH AMBOY,7,7,8,August,2022,1,Sunday,20,8:00pm-8:59pm,29,29,1,This section IS ON the NHS,2,Urban,3,Principal Arterial - Other,1,State Highway Agency,3,State Highway,SR-35,PFEIFFER BLVD,541,541,40.53055556,40.53055556,-74.279605560,-74.27960556,0,No Special Jurisdiction,8,Pedestrian,0,The First Harmful Event was Not a Collision with a Motor Vehicle in Transport,0,No,3,Intersection-Related,2,Four-Way Intersection,0,None,,,1,On Roadway,3,Dark - Lighted,,,,,1,Clear,0,No,0000000,Not Applicable,20,8:00pm-8:59pm,31,31,20,8:00pm-8:59pm,34,34,88,"Not Applicable (Not Transported) ",88,Not Applicable (Not Transported),,,,,,,1,
2022,34,340592,New Jersey,1,1,0,1,1,1,1,23,MIDDLESEX (23),2570,PERTH AMBOY,5,5,9,September,2022,2,Monday,22,10:00pm-10:59pm,9,9,0,This section IS NOT on the NHS,2,Urban,5,Major Collector,2,County Highway Agency,4,County Road,CR-653 AMBOY AVE,LEON AVE,10,10,40.52983333,40.52983333,-74.274016670,-74.27401667,0,No Special Jurisdiction,8,Pedestrian,0,The First Harmful Event was Not a Collision with a Motor Vehicle in Transport,0,No,3,Intersection-Related,2,Four-Way Intersection,0,None,,,1,On Roadway,6,Dark - Unknown Lighting,,,,,2,Rain,0,No,0000000,Not Applicable,22,10:00pm-10:59pm,16,16,22,10:00pm-10:59pm,16,16,22,10:00pm-10:59pm,38,38,,,,,,,1,
2022,34,340593,New Jersey,1,1,0,0,0,1,1,13,ESSEX (13),230,BELLEVILLE,8,8,8,August,2022,2,Monday,13,1:00pm-1:59pm,53,53,1,This section IS ON the NHS,2,Urban,2,Principal Arterial - Other Freeways and Expressways,1,State Highway Agency,3,State Highway,"SR-21 ",,72,72,40.79929167,40.79929167,-74.139363890,-74.13936389,0,No Special Jurisdiction,52,Guardrail End,0,The First Harmful Event was Not a Collision with a Motor Vehicle in Transport,0,No,1,Non-Junction,1,Not an Intersection,0,None,,,4,On Roadside,9,Reported as Unknown,,,,,98,Not Reported,0,No,0000000,Not Applicable,13,1:00pm-1:59pm,48,48,14,2:00pm-2:59pm,5,5,88,"Not Applicable (Not Transported) ",88,Not Applicable (Not Transported),,,,,,,1,
2022,34,340595,New Jersey,2,2,0,0,0,3,3,33,SALEM (33),0,NOT APPLICABLE,14,14,11,November,2022,2,Monday,20,8:00pm-8:59pm,17,17,0,This section IS NOT on the NHS,2,Urban,5,Major Collector,2,County Highway Agency,4,County Road,CR-553 BUCK RD,,338,338,39.60418056,39.60418056,-75.135161110,-75.13516111,0,No Special Jurisdiction,11,Live Animal,0,The First Harmful Event was Not a Collision with a Motor Vehicle in Transport,0,No,1,Non-Junction,1,Not an Intersection,0,None,,,1,On Roadway,2,Dark - Not Lighted,,,,,1,Clear,0,No,0000000,Not Applicable,20,8:00pm-8:59pm,12,12,20,8:00pm-8:59pm,24,24,20,8:00pm-8:59pm,54,54,,,,,,,1,
2022,34,340596,New Jersey,2,2,0,0,0,2,2,33,SALEM (33),0,NOT APPLICABLE,14,14,11,November,2022,2,Monday,6,6:00am-6:59am,38,38,0,This section IS NOT on the NHS,1,Rural,5,Major Collector,2,County Highway Agency,4,County Road,CR-540 HAWKS BRIDGE RD,,35,35,39.65257222,39.65257222,-75.448455560,-75.44845556,0,No Special Jurisdiction,12,Motor Vehicle In-Transport,6,Angle,0,No,8,Driveway Access Related,1,Not an Intersection,0,None,,,1,On Roadway,1,Daylight,,,,,1,Clear,0,No,0000000,Not Applicable,6,6:00am-6:59am,40,40,6,6:00am-6:59am,52,52,7,7:00am-7:59am,32,32,,,,,,,1,
2022,34,340597,New Jersey,3,3,0,0,0,5,5,23,MIDDLESEX (23),570,CARTERET,29,29,12,December,2022,5,Thursday,0,0:00am-0:59am,1,1,1,This section IS ON the NHS,2,Urban,1,Interstate,31,State Toll Road,1,Interstate,I-95,,953,953,40.58776111,40.58776111,-74.239072220,-74.23907222,0,No Special Jurisdiction,12,Motor Vehicle In-Transport,1,Front-to-Rear,0,No,1,Non-Junction,1,Not an Intersection,0,None,,,1,On Roadway,2,Dark - Not Lighted,,,,,1,Clear,0,No,0000000,Not Applicable,0,0:00am-0:59am,21,21,0,0:00am-0:59am,41,41,1,1:00am-1:59am,4,4,,,,,,,1,
2022,34,340598,New Jersey,1,1,0,1,1,1,1,13,ESSEX (13),2130,NEWARK,5,5,9,September,2022,2,Monday,2,2:00am-2:59am,54,54,1,This section IS ON the NHS,2,Urban,3,Principal Arterial - Other,1,State Highway Agency,3,State Highway,SR-21 MCCARTER HIGHWAY,EMMET ST,10,10,40.72002500,40.72002500,-74.179572220,-74.17957222,0,No Special Jurisdiction,8,Pedestrian,0,The First Harmful Event was Not a Collision with a Motor Vehicle in Transport,0,No,3,Intersection-Related,2,Four-Way Intersection,0,None,,,1,On Roadway,3,Dark - Lighted,,,,,1,Clear,0,No,0000000,Not Applicable,2,2:00am-2:59am,56,56,99,Unknown EMS Scene Arrival Hour,99,Unknown EMS Scene Arrival Minutes,99,Unknown,99,Unknown EMS Hospital Arrival Time,,,,,,,1,
2022,34,340599,New Jersey,1,1,0,1,1,1,1,13,ESSEX (13),2130,NEWARK,28,28,12,December,2022,4,Wednesday,6,6:00am-6:59am,0,0,0,This section IS NOT on the NHS,2,Urban,7,Local,4,City or Municipal Highway Agency,6,Local Street - Municipality,PEERLESS PLACE,FRELINGHUYSEN AVE,99998,Not Reported,40.71115556,40.71115556,-74.190272220,-74.19027222,0,No Special Jurisdiction,8,Pedestrian,0,The First Harmful Event was Not a Collision with a Motor Vehicle in Transport,0,No,3,Intersection-Related,3,T-Intersection,0,None,,,1,On Roadway,2,Dark - Not Lighted,,,,,1,Clear,0,No,0000000,Not Applicable,6,6:00am-6:59am,2,2,6,6:00am-6:59am,9,9,88,"Not Applicable (Not Transported) ",88,Not Applicable (Not Transported),,,,,,,1,
2022,34,340600,New Jersey,1,1,0,1,1,1,1,15,GLOUCESTER (15),747,DEPTFORD,1,1,9,September,2022,5,Thursday,21,9:00pm-9:59pm,29,29,0,This section IS NOT on the NHS,2,Urban,7,Local,4,City or Municipal Highway Agency,6,Local Street - Municipality,CATTELL RD,,99998,Not Reported,39.79808333,39.79808333,-75.139202780,-75.13920278,0,No Special Jurisdiction,8,Pedestrian,0,The First Harmful Event was Not a Collision with a Motor Vehicle in Transport,0,No,1,Non-Junction,1,Not an Intersection,0,None,,,1,On Roadway,2,Dark - Not Lighted,,,,,1,Clear,0,No,0000000,Not Applicable,99,Unknown,99,Unknown,99,Unknown EMS Scene Arrival Hour,99,Unknown EMS Scene Arrival Minutes,99,Unknown,99,Unknown EMS Hospital Arrival Time,,,,,,,1,
2022,34,340601,New Jersey,1,1,0,2,2,1,1,13,ESSEX (13),1480,TOWNSHIP OF IRVINGTON,3,3,12,December,2022,7,Saturday,2,2:00am-2:59am,3,3,0,This section IS NOT on the NHS,2,Urban,4,Minor Arterial,4,City or Municipal Highway Agency,6,Local Street - Municipality,CLINTON AVE,SPRINGFIELD AVE,99998,Not Reported,40.72628889,40.72628889,-74.228066670,-74.22806667,0,No Special Jurisdiction,8,Pedestrian,0,The First Harmful Event was Not a Collision with a Motor Vehicle in Transport,0,No,3,Intersection-Related,2,Four-Way Intersection,0,None,,,1,On Roadway,3,Dark - Lighted,,,,,1,Clear,0,No,0000000,Not Applicable,2,2:00am-2:59am,8,8,2,2:00am-2:59am,10,10,2,2:00am-2:59am,25,25,,,,,,,1,
2022,34,340602,New Jersey,3,3,0,0,0,3,3,15,GLOUCESTER (15),747,DEPTFORD,18,18,10,October,2022,3,Tuesday,8,8:00am-8:59am,52,52,1,This section IS ON the NHS,2,Urban,3,Principal Arterial - Other,1,State Highway Agency,3,State Highway,SR-41,,40,40,39.83967500,39.83967500,-75.086105560,-75.08610556,0,No Special Jurisdiction,12,Motor Vehicle In-Transport,6,Angle,0,No,1,Non-Junction,1,Not an Intersection,0,None,,,1,On Roadway,1,Daylight,,,,,1,Clear,0,No,0000000,Not Applicable,8,8:00am-8:59am,58,58,9,9:00am-9:59am,4,4,9,9:00am-9:59am,41,41,,,,,,,1,
2022,34,340603,New Jersey,2,2,0,0,0,2,2,29,OCEAN (29),0,NOT APPLICABLE,10,10,10,October,2022,2,Monday,10,10:00am-10:59am,55,55,1,This section IS ON the NHS,2,Urban,3,Principal Arterial - Other,1,State Highway Agency,2,U.S. Highway,US-9,,805,805,39.82527222,39.82527222,-74.202450000,-74.20245000,0,No Special Jurisdiction,12,Motor Vehicle In-Transport,2,Front-to-Front,0,No,1,Non-Junction,1,Not an Intersection,0,None,,,1,On Roadway,1,Daylight,,,,,1,Clear,0,No,0000000,Not Applicable,11,11:00am-11:59am,3,3,11,11:00am-11:59am,16,16,12,12:00pm-12:59pm,6,6,,,,,,,1,