caseyear,state,st_case,statename,ve_total,ve_forms,pvh_invl,peds,pernotmvit,permvit,persons,county,countyname,city,cityname,day,dayname,month,monthname,year,day_week,day_weekname,hour,hourname,minute,minutename,nhs,nhsname,rur_urb,rur_urbname,func_sys,func_sysname,rd_owner,rd_ownername,route,routename,tway_id,tway_id2,milept,mileptname,latitude,latitudename,longitud,longitudname,sp_jur,sp_jurname,harm_ev,harm_evname,man_coll,man_collname,reljct1,reljct1name,reljct2,reljct2name,typ_int,typ_intname,wrk_zone,wrk_zonename,road_fnc,road_fncname,rel_road,rel_roadname,lgt_cond,lgt_condname,weather1,weather1name,weather2,weather2name,weather,weathername,sch_bus,sch_busname,rail,railname,not_hour,not_hourname,not_min,not_minname,arr_hour,arr_hourname,arr_min,arr_minname,hosp_hr,hosp_hrname,hosp_mn,hosp_mnname,cf1,cf1name,cf2,cf2name,cf3,cf3name,fatals,drunk_dr
2022,34,340642,New Jersey,1,1,0,1,1,1,1,7,CAMDEN (7),598,CHERRY HILL,25,25,11,November,2022,6,Friday,18,6:00pm-6:59pm,19,19,0,This section IS NOT on the NHS,2,Urban,4,Minor Arterial,2,County Highway Agency,4,County Road,CR-626 CHAPEL AVE,BELLOWS LANE,31,31,39.92627500,39.92627500,-75.003372220,-75.00337222,0,No Special Jurisdiction,8,Pedestrian,0,The First Harmful Event was Not a Collision with a Motor Vehicle in Transport,0,No,2,Intersection,3,T-Intersection,0,None,,,1,On Roadway,6,Dark - Unknown Lighting,,,,,1,Clear,0,No,0000000,Not Applicable,18,6:00pm-6:59pm,27,27,18,6:00pm-6:59pm,32,32,18,6:00pm-6:59pm,57,57,,,,,,,1,
2022,34,340643,New Jersey,2,2,0,0,0,2,2,25,MONMOUTH (25),8,ABERDEEN,14,14,10,October,2022,6,Friday,17,5:00pm-5:59pm,57,57,0,This section IS NOT on the NHS,2,Urban,7,Local,4,City or Municipal Highway Agency,6,Local Street - Municipality,GORDON ST,ARLINGTON AVE,99998,Not Reported,40.43648056,40.43648056,-74.242283330,-74.24228333,0,No Special Jurisdiction,1,Rollover/Overturn,0,The First Harmful Event was Not a Collision with a Motor Vehicle in Transport,0,No,2,Intersection,2,Four-Way Intersection,0,None,,,1,On Roadway,1,Daylight,,,,,1,Clear,0,No,0000000,Not Applicable,18,6:00pm-6:59pm,1,1,18,6:00pm-6:59pm,10,10,18,6:00pm-6:59pm,42,42,,,,,,,1,
2022,34,340644,New Jersey,4,4,0,0,0,7,7,23,MIDDLESEX (23),3144,SOUTH BRUNSWICK,22,22,12,December,2022,5,Thursday,16,4:00pm-4:59pm,26,26,0,This section IS NOT on the NHS,2,Urban,4,Minor Arterial,4,City or Municipal Highway Agency,6,Local Street - Municipality,BEEKMAN RD,,99998,Not Reported,40.41682778,40.41682778,-74.540861110,-74.54086111,0,No Special Jurisdiction,12,Motor Vehicle In-Transport,6,Angle,0,No,1,Non-Junction,1,Not an Intersection,0,None,,,1,On Roadway,5,Dusk,,,,,2,Rain,0,No,0000000,Not Applicable,16,4:00pm-4:59pm,29,29,16,4:00pm-4:59pm,34,34,17,5:00pm-5:59pm,46,46,,,,,,,1,
2022,34,340645,New Jersey,3,3,0,0,0,3,3,15,GLOUCESTER (15),3734,WOOLWICH TOWNSHIP,6,6,6,June,2022,2,Monday,15,3:00pm-3:59pm,44,44,1,This section IS ON the NHS,2,Urban,3,Principal Arterial - Other,1,State Highway Agency,2,U.S. Highway,US-322,,80,80,39.75638889,39.75638889,-75.271875000,-75.27187500,0,No Special Jurisdiction,12,Motor Vehicle In-Transport,6,Angle,0,No,1,Non-Junction,1,Not an Intersection,0,None,,,1,On Roadway,1,Daylight,,,,,1,Clear,0,No,0000000,Not Applicable,15,3:00pm-3:59pm,47,47,15,3:00pm-3:59pm,48,48,16,4:00pm-4:59pm,20,20,,,,,,,1,
2022,34,340646,New Jersey,1,1,0,1,1,1,1,25,MONMOUTH (25),1090,FREEHOLD,29,29,11,November,2022,3,Tuesday,23,11:00pm-11:59pm,59,59,1,This section IS ON the NHS,2,Urban,3,Principal Arterial - Other,1,State Highway Agency,2,U.S. Highway,US-9,,1132,1132,40.24585000,40.24585000,-74.282658330,-74.28265833,0,No Special Jurisdiction,8,Pedestrian,0,The First Harmful Event was Not a Collision with a Motor Vehicle in Transport,0,No,1,Non-Junction,1,Not an Intersection,0,None,,,1,On Roadway,3,Dark - Lighted,,,,,1,Clear,0,No,0000000,Not Applicable,23,11:00pm-11:59pm,9,9,23,11:00pm-11:59pm,20,20,88,"Not Applicable (Not Transported) ",88,Not Applicable (Not Transported),,,,,,,1,
2022,34,340647,New Jersey,1,1,0,0,0,1,1,25,MONMOUTH (25),3357,TINTON FALLS,23,23,11,November,2022,4,Wednesday,2,2:00am-2:59am,0,0,0,This section IS NOT on the NHS,2,Urban,7,Local,2,County Highway Agency,4,County Road,CR-16 ASBURY AVE,,99998,Not Reported,40.24660833,40.24660833,-74.099855560,-74.09985556,0,No Special Jurisdiction,33,Curb,0,The First Harmful Event was Not a Collision with a Motor Vehicle in Transport,0,No,1,Non-Junction,1,Not an Intersection,0,None,,,4,On Roadside,6,Dark - Unknown Lighting,,,,,1,Clear,0,No,0000000,Not Applicable,2,2:00am-2:59am,5,5,2,2:00am-2:59am,13,13,88,"Not Applicable (Not Transported) ",88,Not Applicable (Not Transported),,,,,,,1,
2022,34,340648,New Jersey,1,1,0,1,1,1,1,25,MONMOUTH (25),1090,FREEHOLD,6,6,12,December,2022,3,Tuesday,16,4:00pm-4:59pm,47,47,0,This section IS NOT on the NHS,2,Urban,4,Minor Arterial,2,County Highway Agency,4,County Road,CR-522 THROCKMORTON ST,,203,203,40.26462778,40.26462778,-74.284936110,-74.28493611,0,No Special Jurisdiction,8,Pedestrian,0,The First Harmful Event was Not a Collision with a Motor Vehicle in Transport,0,No,1,Non-Junction,1,Not an Intersection,0,None,,,1,On Roadway,3,Dark - Lighted,,,,,2,Rain,0,No,0000000,Not Applicable,17,5:00pm-5:59pm,0,0,17,5:00pm-5:59pm,6,6,17,5:00pm-5:59pm,23,23,,,,,,,1,
2022,34,340649,New Jersey,2,2,0,0,0,2,2,15,GLOUCESTER (15),0,NOT APPLICABLE,1,1,11,November,2022,3,Tuesday,18,6:00pm-6:59pm,53,53,0,This section IS NOT on the NHS,2,Urban,5,Major Collector,2,County Highway Agency,4,County Road,CR-641 FERREL RD,,18,18,39.68550000,39.68550000,-75.185158330,-75.18515833,0,No Special Jurisdiction,12,Motor Vehicle In-Transport,6,Angle,0,No,1,Non-Junction,1,Not an Intersection,0,None,,,1,On Roadway,5,Dusk,,,,,1,Clear,0,No,0000000,Not Applicable,18,6:00pm-6:59pm,54,54,19,7:00pm-7:59pm,3,3,88,"Not Applicable (Not Transported) ",88,Not Applicable (Not Transported),,,,,,,1,
2022,34,340650,New Jersey,1,1,0,0,0,1,1,15,GLOUCESTER (15),0,NOT APPLICABLE,16,16,12,December,2022,6,Friday,3,3:00am-3:59am,40,40,0,This section IS NOT on the NHS,2,Urban,7,Local,4,City or Municipal Highway Agency,6,Local Street - Municipality,LAUX RD,,99998,Not Reported,39.66582778,39.66582778,-75.193888890,-75.19388889,0,No Special Jurisdiction,42,Tree (Standing Only),0,The First Harmful Event was Not a Collision with a Motor Vehicle in Transport,0,No,1,Non-Junction,1,Not an Intersection,0,None,,,4,On Roadside,2,Dark - Not Lighted,,,,,2,Rain,0,No,0000000,Not Applicable,3,3:00am-3:59am,42,42,3,3:00am-3:59am,54,54,88,"Not Applicable (Not Transported) ",88,Not Applicable (Not Transported),,,,,,,1,
2022,34,340651,New Jersey,2,1,1,0,0,4,4,25,MONMOUTH (25),2109,NEPTUNE CITY,5,5,6,June,2022,1,Sunday,19,7:00pm-7:59pm,19,19,0,This section IS NOT on the NHS,2,Urban,7,Local,4,City or Municipal Highway Agency,6,Local Street - Municipality,MYRTLE AVE,,99998,Not Reported,40.21942778,40.21942778,-74.026194440,-74.02619444,0,No Special Jurisdiction,1,Rollover/Overturn,0,The First Harmful Event was Not a Collision with a Motor Vehicle in Transport,0,No,1,Non-Junction,1,Not an Intersection,0,None,,,1,On Roadway,5,Dusk,,,,,1,Clear,0,No,0000000,Not Applicable,19,7:00pm-7:59pm,26,26,19,7:00pm-7:59pm,28,28,19,7:00pm-7:59pm,42,42,,,,,,,1,
2022,34,340652,New Jersey,1,1,0,1,1,1,1,7,CAMDEN (7),520,CAMDEN,14,14,10,October,2022,6,Friday,22,10:00pm-10:59pm,0,0,0,This section IS NOT on the NHS,2,Urban,5,Major Collector,4,City or Municipal Highway Agency,6,Local Street - Municipality,SOUTH 7TH ST,,99998,Not Reported,39.93227500,39.93227500,-75.116088890,-75.11608889,0,No Special Jurisdiction,8,Pedestrian,0,The First Harmful Event was Not a Collision with a Motor Vehicle in Transport,0,No,1,Non-Junction,1,Not an Intersection,0,None,,,1,On Roadway,6,Dark - Unknown Lighting,,,,,1,Clear,0,No,0000000,Not Applicable,22,10:00pm-10:59pm,5,5,22,10:00pm-10:59pm,8,8,22,10:00pm-10:59pm,12,12,,,,,,,1,
2022,34,340653,New Jersey,3,3,0,0,0,8,8,23,MIDDLESEX (23),2417,OLD BRIDGE,9,9,11,November,2022,4,Wednesday,2,2:00am-2:59am,15,15,1,This section IS ON the NHS,2,Urban,3,Principal Arterial - Other,1,State Highway Agency,2,U.S. Highway,US-9,SPRING VALLEY RD,1124,1124,40.37399722,40.37399722,-74.306888890,-74.30688889,0,No Special Jurisdiction,12,Motor Vehicle In-Transport,6,Angle,0,No,2,Intersection,2,Four-Way Intersection,0,None,,,1,On Roadway,6,Dark - Unknown Lighting,,,,,1,Clear,0,No,0000000,Not Applicable,2,2:00am-2:59am,22,22,2,2:00am-2:59am,25,25,3,3:00am-3:59am,2,2,,,,,,,1,
2022,34,340654,New Jersey,2,2,0,0,0,2,2,11,CUMBERLAND (11),3460,VINELAND,11,11,10,October,2022,3,Tuesday,6,6:00am-6:59am,17,17,0,This section IS NOT on the NHS,2,Urban,4,Minor Arterial,1,State Highway Agency,3,State Highway,SR-47,,99998,Not Reported,39.49097778,39.49097778,-75.042672220,-75.04267222,0,No Special Jurisdiction,59,"Traffic Sign Support ",0,The First Harmful Event was Not a Collision with a Motor Vehicle in Transport,0,No,1,Non-Junction,1,Not an Intersection,0,None,,,4,On Roadside,6,Dark - Unknown Lighting,,,,,1,Clear,0,No,0000000,Not Applicable,6,6:00am-6:59am,17,17,6,6:00am-6:59am,21,21,6,6:00am-6:59am,45,45,,,,,,,1,
2022,34,340655,New Jersey,2,2,0,1,1,2,2,11,CUMBERLAND (11),420,BRIDGETON,17,17,10,October,2022,2,Monday,20,8:00pm-8:59pm,40,40,0,This section IS NOT on the NHS,2,Urban,4,Minor Arterial,1,State Highway Agency,3,State Highway,SR-77,MYRTLE ST,6,6,39.43545833,39.43545833,-75.228963890,-75.22896389,0,No Special Jurisdiction,8,Pedestrian,0,The First Harmful Event was Not a Collision with a Motor Vehicle in Transport,0,No,3,Intersection-Related,2,Four-Way Intersection,0,None,,,1,On Roadway,3,Dark - Lighted,,,,,2,Rain,0,No,0000000,Not Applicable,20,8:00pm-8:59pm,38,38,20,8:00pm-8:59pm,39,39,21,9:00pm-9:59pm,13,13,,,,,,,1,
2022,34,340656,New Jersey,2,2,0,1,1,2,2,7,CAMDEN (7),520,CAMDEN,29,29,9,September,2022,5,Thursday,0,0:00am-0:59am,0,0,0,This section IS NOT on the NHS,2,Urban,4,Minor Arterial,2,County Highway Agency,4,County Road,CR-601 EAST STATE ST,,99998,Not Reported,39.94983611,39.94983611,-75.102997220,-75.10299722,0,No Special Jurisdiction,8,Pedestrian,0,The First Harmful Event was Not a Collision with a Motor Vehicle in Transport,0,No,1,Non-Junction,1,Not an Intersection,0,None,,,1,On Roadway,3,Dark - Lighted,,,,,1,Clear,0,No,0000000,Not Applicable,23,11:00pm-11:59pm,58,58,0,0:00am-0:59am,3,3,0,0:00am-0:59am,20,20,,,,,,,1,
2022,34,340657,New Jersey,2,2,0,0,0,2,2,7,CAMDEN (7),520,CAMDEN,22,22,10,October,2022,7,Saturday,11,11:00am-11:59am,28,28,0,This section IS NOT on the NHS,2,Urban,7,Local,4,City or Municipal Highway Agency,6,Local Street - Municipality,SOUTH 6TH ST,CHESTNUT ST,99998,Not Reported,39.93249444,39.93249444,-75.117633330,-75.11763333,0,No Special Jurisdiction,12,Motor Vehicle In-Transport,6,Angle,0,No,2,Intersection,2,Four-Way Intersection,0,None,,,1,On Roadway,1,Daylight,,,,,1,Clear,0,No,0000000,Not Applicable,11,11:00am-11:59am,27,27,11,11:00am-11:59am,30,30,11,11:00am-11:59am,38,38,,,,,,,1,
2023,34,340001,New Jersey,1,1,0,0,0,1,1,29,OCEAN (29),1590,LAKEWOOD,18,18,1,January,2023,4,Wednesday,20,8:00pm-8:59pm,40,40,0,This Section IS NOT on the NHS,2,Urban,4,Minor Arterial,2,County Highway Agency,4,County,CR-623 NEW HAMPSHIRE AVE,,99998,Not Reported,40.09399444,40.09399444,-74.174550000,-74.17455000,0,No Special Jurisdiction,42,Tree (Standing Only),0,The First Harmful Event was Not a Collision with a Motor Vehicle in Transport,0,No,1,Non-Junction,1,Not an Intersection,0,None,,,4,On Roadside,6,Dark - Unknown Lighting,,,,,1,Clear,0,No,0000000,Not Applicable,20,8:00pm-8:59pm,42,42,20,8:00pm-8:59pm,44,44,99,Unknown,99,Unknown EMS Hospital Arrival Time,,,,,,,1,
2023,34,340002,New Jersey,5,2,3,0,0,3,3,39,UNION (39),860,ELIZABETH,8,8,1,January,2023,1,Sunday,3,3:00am-3:59am,49,49,1,This Section IS ON the NHS,2,Urban,3,Other Principal Arterial,1,State Highway Agency,2,U.S. Highway,US-1,MAPLE AVE,435,435,40.65258611,40.65258611,-74.214238890,-74.21423889,0,No Special Jurisdiction,12,Motor Vehicle In-Transport,6,Angle,0,No,2,Intersection,2,Four-Way Intersection,0,None,,,1,On Roadway,3,Dark - Lighted,,,,,1,Clear,0,No,0000000,Not Applicable,3,3:00am-3:59am,51,51,3,3:00am-3:59am,55,55,4,4:00am-4:59am,26,26,,,,,,,2,
2023,34,340003,New Jersey,2,2,0,0,0,3,3,15,GLOUCESTER (15),0,NOT APPLICABLE,15,15,1,January,2023,1,Sunday,15,3:00pm-3:59pm,56,56,1,This Section IS ON the NHS,2,Urban,2,Other Freeways and Expressways,31,State Toll Road,95,Other,700-NEW JERSEY TURNPIKE,,134,134,39.75628056,39.75628056,-75.271691670,-75.27169167,0,No Special Jurisdiction,12,Motor Vehicle In-Transport,1,Front-to-Rear,0,No,1,Non-Junction,1,Not an Intersection,0,None,,,1,On Roadway,1,Daylight,,,,,1,Clear,0,No,0000000,Not Applicable,15,3:00pm-3:59pm,58,58,16,4:00pm-4:59pm,2,2,88,"Not Applicable (Not Transported) ",88,Not Applicable (Not Transported),,,,,,,2,
2023,34,340004,New Jersey,1,1,0,0,0,1,1,9,CAPE MAY (9),742,DENNISVILLE,31,31,1,January,2023,3,Tuesday,19,7:00pm-7:59pm,33,33,0,This Section IS NOT on the NHS,2,Urban,4,Minor Arterial,1,State Highway Agency,3,State Highway,SR-47,,168,168,39.17124722,39.17124722,-74.820719440,-74.82071944,0,No Special Jurisdiction,42,Tree (Standing Only),0,The First Harmful Event was Not a Collision with a Motor Vehicle in Transport,0,No,1,Non-Junction,1,Not an Intersection,0,None,,,4,On Roadside,2,Dark - Not Lighted,,,,,2,Rain,0,No,0000000,Not Applicable,19,7:00pm-7:59pm,34,34,19,7:00pm-7:59pm,39,39,88,"Not Applicable (Not Transported) ",88,Not Applicable (Not Transported),,,,,,,1,
2023,34,340005,New Jersey,2,2,0,1,1,3,3,23,MIDDLESEX (23),779,EAST BRUNSWICK,16,16,1,January,2023,2,Monday,6,6:00am-6:59am,32,32,1,This Section IS ON the NHS,2,Urban,3,Other Principal Arterial,2,County Highway Agency,4,County,CR-617 RYDERS LANE,CEDAR VILLAGE BLVD,50,50,40.45230556,40.45230556,-74.424333330,-74.42433333,0,No Special Jurisdiction,8,Pedestrian,0,The First Harmful Event was Not a Collision with a Motor Vehicle in Transport,0,No,3,Intersection-Related,2,Four-Way Intersection,0,None,,,1,On Roadway,2,Dark - Not Lighted,,,,,1,Clear,0,No,0000000,Not Applicable,6,6:00am-6:59am,35,35,6,6:00am-6:59am,41,41,88,"Not Applicable (Not Transported) ",88,Not Applicable (Not Transported),,,,,,,1,
2023,34,340006,New Jersey,1,1,0,1,1,1,1,23,MIDDLESEX (23),779,EAST BRUNSWICK,19,19,1,January,2023,5,Thursday,17,5:00pm-5:59pm,19,19,0,This Section IS NOT on the NHS,2,Urban,4,Minor Arterial,4,City or Municipal Highway Agency,0,Not Signed,OLD STAGE RD,,99998,Not Reported,40.40521111,40.40521111,-74.393775000,-74.39377500,0,No Special Jurisdiction,8,Pedestrian,0,The First Harmful Event was Not a Collision with a Motor Vehicle in Transport,0,No,1,Non-Junction,1,Not an Intersection,0,None,,,1,On Roadway,6,Dark - Unknown Lighting,,,,,2,Rain,0,No,0000000,Not Applicable,17,5:00pm-5:59pm,17,17,17,5:00pm-5:59pm,29,29,18,6:00pm-6:59pm,6,6,,,,,,,1,
2023,34,340007,New Jersey,1,1,0,1,1,1,1,3,BERGEN (3),560,CARLSTADT,20,20,1,January,2023,6,Friday,22,10:00pm-10:59pm,18,18,0,This Section IS NOT on the NHS,2,Urban,4,Minor Arterial,2,County Highway Agency,4,County,CR-S55 HOBOKEN RD,9TH STREET,99998,Not Reported,40.83419722,40.83419722,-74.090011110,-74.09001111,0,No Special Jurisdiction,8,Pedestrian,0,The First Harmful Event was Not a Collision with a Motor Vehicle in Transport,0,No,3,Intersection-Related,2,Four-Way Intersection,0,None,,,1,On Roadway,3,Dark - Lighted,,,,,1,Clear,0,No,0000000,Not Applicable,22,10:00pm-10:59pm,24,24,22,10:00pm-10:59pm,30,30,22,10:00pm-10:59pm,55,55,,,,,,,1,
2023,34,340008,New Jersey,1,1,0,1,1,1,1,27,MORRIS (27),0,NOT APPLICABLE,30,30,1,January,2023,2,Monday,14,2:00pm-2:59pm,13,13,1,This Section IS ON the NHS,2,Urban,3,Other Principal Arterial,1,State Highway Agency,3,State Highway,SR-15,,45,45,40.93819167,40.93819167,-74.591225000,-74.59122500,0,No Special Jurisdiction,8,Pedestrian,0,The First Harmful Event was Not a Collision with a Motor Vehicle in Transport,0,No,98,Not Reported,98,Not Reported,0,None,,,1,On Roadway,1,Daylight,,,,,1,Clear,0,No,0000000,Not Applicable,14,2:00pm-2:59pm,13,13,14,2:00pm-2:59pm,14,14,88,"Not Applicable (Not Transported) ",88,Not Applicable (Not Transported),,,,,,,1,
2023,34,340009,New Jersey,1,1,0,1,1,2,2,19,HUNTERDON (19),0,NOT APPLICABLE,4,4,1,January,2023,4,Wednesday,18,6:00pm-6:59pm,34,34,1,This Section IS ON the NHS,2,Urban,3,Other Principal Arterial,1,State Highway Agency,3,State Highway,SR-31,NEW YORK AVE,227,227,40.51256389,40.51256389,-74.851200000,-74.85120000,0,No Special Jurisdiction,9,Pedalcyclist,0,The First Harmful Event was Not a Collision with a Motor Vehicle in Transport,0,No,2,Intersection,3,T-Intersection,0,None,,,1,On Roadway,3,Dark - Lighted,,,,,10,Cloudy,0,No,0000000,Not Applicable,18,6:00pm-6:59pm,35,35,18,6:00pm-6:59pm,39,39,19,7:00pm-7:59pm,49,49,,,,,,,1,
2023,34,340010,New Jersey,1,1,0,1,1,1,1,23,MIDDLESEX (23),779,EAST BRUNSWICK,9,9,1,January,2023,2,Monday,20,8:00pm-8:59pm,26,26,1,This Section IS ON the NHS,2,Urban,3,Other Principal Arterial,2,County Highway Agency,4,County,CR-535 CRANBURY RD,RUES LANE,236,236,40.41716667,40.41716667,-74.413105560,-74.41310556,0,No Special Jurisdiction,8,Pedestrian,0,The First Harmful Event was Not a Collision with a Motor Vehicle in Transport,0,No,3,Intersection-Related,2,Four-Way Intersection,0,None,,,1,On Roadway,2,Dark - Not Lighted,,,,,1,Clear,0,No,0000000,Not Applicable,20,8:00pm-8:59pm,31,31,20,8:00pm-8:59pm,35,35,20,8:00pm-8:59pm,52,52,,,,,,,1,
2023,34,340011,New Jersey,1,1,0,1,1,1,1,13,ESSEX (13),2130,NEWARK,1,1,1,January,2023,1,Sunday,1,1:00am-1:59am,49,49,1,This Section IS ON the NHS,2,Urban,3,Other Principal Arterial,4,City or Municipal Highway Agency,4,County,CR-510 MARKET ST,MULBERRY ST,294,294,40.73470556,40.73470556,-74.169430560,-74.16943056,0,No Special Jurisdiction,8,Pedestrian,0,The First Harmful Event was Not a Collision with a Motor Vehicle in Transport,0,No,3,Intersection-Related,2,Four-Way Intersection,0,None,,,1,On Roadway,3,Dark - Lighted,,,,,2,Rain,0,No,0000000,Not Applicable,99,Unknown,99,Unknown,99,Unknown EMS Scene Arrival Hour,99,Unknown EMS Scene Arrival Minutes,99,Unknown,99,Unknown EMS Hospital Arrival Time,,,,,,,1,
2023,34,340012,New Jersey,1,1,0,1,1,1,1,3,BERGEN (3),890,ENGLEWOOD,11,11,1,January,2023,4,Wednesday,19,7:00pm-7:59pm,58,58,0,This Section IS NOT on the NHS,2,Urban,4,Minor Arterial,2,County Highway Agency,4,County,CR-S37 WEST ENGELWOOD AVE,,99998,Not Reported,40.89605833,40.89605833,-73.983425000,-73.98342500,0,No Special Jurisdiction,8,Pedestrian,0,The First Harmful Event was Not a Collision with a Motor Vehicle in Transport,0,No,1,Non-Junction,1,Not an Intersection,0,None,,,1,On Roadway,3,Dark - Lighted,,,,,1,Clear,0,No,0000000,Not Applicable,20,8:00pm-8:59pm,0,0,20,8:00pm-8:59pm,3,3,20,8:00pm-8:59pm,26,26,,,,,,,1,
2023,34,340013,New Jersey,1,1,0,0,0,1,1,1,ATLANTIC (1),1264,HAMILTON,2,2,1,January,2023,2,Monday,9,9:00am-9:59am,26,26,0,This Section IS NOT on the NHS,2,Urban,4,Minor Arterial,1,State Highway Agency,2,U.S. Highway,US-322,,464,464,39.47378611,39.47378611,-74.705775000,-74.70577500,0,No Special Jurisdiction,18,Other Object (not fixed),0,The First Harmful Event was Not a Collision with a Motor Vehicle in Transport,0,No,1,Non-Junction,1,Not an Intersection,0,None,,,4,On Roadside,1,Daylight,,,,,1,Clear,0,No,0000000,Not Applicable,9,9:00am-9:59am,28,28,9,9:00am-9:59am,30,30,88,"Not Applicable (Not Transported) ",88,Not Applicable (Not Transported),,,,,,,1,
2023,34,340014,New Jersey,1,1,0,0,0,1,1,23,MIDDLESEX (23),2582,PISCATAWAY,2,2,1,January,2023,2,Monday,19,7:00pm-7:59pm,41,41,0,This Section IS NOT on the NHS,2,Urban,5,Major Collector,4,City or Municipal Highway Agency,6,Municipal,MU-SOUTH RANDOLPHVILLE RD,,99998,Not Reported,40.55195278,40.55195278,-74.460858330,-74.46085833,0,No Special Jurisdiction,33,Curb,0,The First Harmful Event was Not a Collision with a Motor Vehicle in Transport,0,No,1,Non-Junction,1,Not an Intersection,0,None,,,4,On Roadside,6,Dark - Unknown Lighting,,,,,2,Rain,0,No,0000000,Not Applicable,19,7:00pm-7:59pm,44,44,19,7:00pm-7:59pm,50,50,20,8:00pm-8:59pm,10,10,,,,,,,1,
2023,34,340015,New Jersey,1,1,0,0,0,1,1,23,MIDDLESEX (23),704,CRANBURY,4,4,1,January,2023,4,Wednesday,15,3:00pm-3:59pm,51,51,0,This Section IS NOT on the NHS,2,Urban,5,Major Collector,2,County Highway Agency,4,County,CR-615 CRANBURY NECK RD,,27,27,40.30692778,40.30692778,-74.537869440,-74.53786944,0,No Special Jurisdiction,30,Utility Pole/Light Support,0,The First Harmful Event was Not a Collision with a Motor Vehicle in Transport,0,No,1,Non-Junction,1,Not an Intersection,0,None,,,4,On Roadside,1,Daylight,,,,,2,Rain,0,No,0000000,Not Applicable,15,3:00pm-3:59pm,52,52,15,3:00pm-3:59pm,56,56,16,4:00pm-4:59pm,29,29,,,,,,,1,
2023,34,340016,New Jersey,1,1,0,1,1,1,1,1,ATLANTIC (1),2640,PLEASANTVILLE,24,24,1,January,2023,3,Tuesday,17,5:00pm-5:59pm,33,33,1,This Section IS ON the NHS,2,Urban,2,Other Freeways and Expressways,31,State Toll Road,95,Other,444-ATLANTIC CITY EXPRESSWAY,,30,30,39.38041944,39.38041944,-74.490541670,-74.49054167,0,No Special Jurisdiction,8,Pedestrian,0,The First Harmful Event was Not a Collision with a Motor Vehicle in Transport,0,No,1,Non-Junction,1,Not an Intersection,0,None,,,1,On Roadway,6,Dark - Unknown Lighting,,,,,1,Clear,0,No,0000000,Not Applicable,17,5:00pm-5:59pm,32,32,17,5:00pm-5:59pm,32,32,88,"Not Applicable (Not Transported) ",88,Not Applicable (Not Transported),,,,,,,1,
2023,34,340017,New Jersey,1,1,0,1,1,2,2,1,ATLANTIC (1),1270,HAMMONTON,28,28,1,January,2023,7,Saturday,17,5:00pm-5:59pm,39,39,0,This Section IS NOT on the NHS,2,Urban,4,Minor Arterial,1,State Highway Agency,3,State Highway,SR-54,WASHINGTON ST,105,105,39.63418611,39.63418611,-74.805591670,-74.80559167,0,No Special Jurisdiction,8,Pedestrian,0,The First Harmful Event was Not a Collision with a Motor Vehicle in Transport,0,No,3,Intersection-Related,2,Four-Way Intersection,0,None,,,1,On Roadway,1,Daylight,,,,,1,Clear,0,No,0000000,Not Applicable,17,5:00pm-5:59pm,43,43,17,5:00pm-5:59pm,57,57,18,6:00pm-6:59pm,52,52,,,,,,,1,
2023,34,340018,New Jersey,2,1,1,1,1,1,1,39,UNION (39),2730,RAHWAY,21,21,1,January,2023,7,Saturday,21,9:00pm-9:59pm,31,31,1,This Section IS ON the NHS,2,Urban,3,Other Principal Arterial,1,State Highway Agency,2,U.S. Highway,US-1,,387,387,40.59906389,40.59906389,-74.270294440,-74.27029444,0,No Special Jurisdiction,8,Pedestrian,0,The First Harmful Event was Not a Collision with a Motor Vehicle in Transport,0,No,1,Non-Junction,1,Not an Intersection,0,None,,,2,On Shoulder,3,Dark - Lighted,,,,,10,Cloudy,0,No,0000000,Not Applicable,21,9:00pm-9:59pm,35,35,21,9:00pm-9:59pm,40,40,88,"Not Applicable (Not Transported) ",88,Not Applicable (Not Transported),,,,,,,1,
2023,34,340019,New Jersey,1,1,0,1,1,1,1,3,BERGEN (3),1180,GLEN ROCK,30,30,1,January,2023,2,Monday,6,6:00am-6:59am,41,41,0,This Section IS NOT on the NHS,2,Urban,4,Minor Arterial,2,County Highway Agency,4,County,CR-653 LINCOLN AVE,,99998,Not Reported,40.95701389,40.95701389,-74.144055560,-74.14405556,0,No Special Jurisdiction,8,Pedestrian,0,The First Harmful Event was Not a Collision with a Motor Vehicle in Transport,0,No,1,Non-Junction,1,Not an Intersection,0,None,,,1,On Roadway,4,Dawn,,,,,1,Clear,0,No,0000000,Not Applicable,99,Unknown,99,Unknown,99,Unknown EMS Scene Arrival Hour,99,Unknown EMS Scene Arrival Minutes,88,"Not Applicable (Not Transported) ",88,Not Applicable (Not Transported),,,,,,,1,
2023,34,340020,New Jersey,1,1,0,1,1,1,1,29,OCEAN (29),3360,TOMS RIVER,10,10,1,January,2023,3,Tuesday,9,9:00am-9:59am,31,31,1,This Section IS ON the NHS,2,Urban,3,Other Principal Arterial,1,State Highway Agency,3,State Highway,SR-37,,92,92,39.95241944,39.95241944,-74.154877780,-74.15487778,0,No Special Jurisdiction,8,Pedestrian,0,The First Harmful Event was Not a Collision with a Motor Vehicle in Transport,0,No,1,Non-Junction,1,Not an Intersection,0,None,,,1,On Roadway,1,Daylight,,,,,10,Cloudy,0,No,0000000,Not Applicable,9,9:00am-9:59am,39,39,9,9:00am-9:59am,43,43,9,9:00am-9:59am,55,55,,,,,,,1,