caseyear,state,st_case,statename,ve_total,ve_forms,pvh_invl,peds,pernotmvit,permvit,persons,county,countyname,city,cityname,day,dayname,month,monthname,year,day_week,day_weekname,hour,hourname,minute,minutename,nhs,nhsname,rur_urb,rur_urbname,func_sys,func_sysname,rd_owner,rd_ownername,route,routename,tway_id,tway_id2,milept,mileptname,latitude,latitudename,longitud,longitudname,sp_jur,sp_jurname,harm_ev,harm_evname,man_coll,man_collname,reljct1,reljct1name,reljct2,reljct2name,typ_int,typ_intname,wrk_zone,wrk_zonename,road_fnc,road_fncname,rel_road,rel_roadname,lgt_cond,lgt_condname,weather1,weather1name,weather2,weather2name,weather,weathername,sch_bus,sch_busname,rail,railname,not_hour,not_hourname,not_min,not_minname,arr_hour,arr_hourname,arr_min,arr_minname,hosp_hr,hosp_hrname,hosp_mn,hosp_mnname,cf1,cf1name,cf2,cf2name,cf3,cf3name,fatals,drunk_dr
2023,34,340057,New Jersey,2,2,0,0,0,3,3,29,OCEAN (29),3360,TOMS RIVER,15,15,3,March,2023,4,Wednesday,16,4:00pm-4:59pm,44,44,0,This Section IS NOT on the NHS,2,Urban,4,Minor Arterial,2,County Highway Agency,4,County,CR-622 OLD FREEHOLD RD,CHURCH RD,25,25,40.01546389,40.01546389,-74.203575000,-74.20357500,0,No Special Jurisdiction,12,Motor Vehicle In-Transport,2,Front-to-Front,0,No,2,Intersection,2,Four-Way Intersection,0,None,,,1,On Roadway,1,Daylight,,,,,1,Clear,0,No,0000000,Not Applicable,16,4:00pm-4:59pm,47,47,16,4:00pm-4:59pm,52,52,17,5:00pm-5:59pm,47,47,,,,,,,1,
2023,34,340058,New Jersey,1,1,0,1,1,1,1,1,ATLANTIC (1),90,ATLANTIC CITY,1,1,3,March,2023,4,Wednesday,23,11:00pm-11:59pm,30,30,1,This Section IS ON the NHS,1,Rural,3,Other Principal Arterial,1,State Highway Agency,2,U.S. Highway,US-30 ABSECON BLVD,,550,550,39.38869444,39.38869444,-74.479655560,-74.47965556,0,No Special Jurisdiction,8,Pedestrian,0,The First Harmful Event was Not a Collision with a Motor Vehicle in Transport,0,No,1,Non-Junction,1,Not an Intersection,0,None,,,2,On Shoulder,3,Dark - Lighted,,,,,1,Clear,0,No,0000000,Not Applicable,23,11:00pm-11:59pm,42,42,23,11:00pm-11:59pm,52,52,88,"Not Applicable (Not Transported) ",88,Not Applicable (Not Transported),,,,,,,1,
2023,34,340059,New Jersey,1,1,0,1,1,1,1,1,ATLANTIC (1),90,ATLANTIC CITY,1,1,3,March,2023,4,Wednesday,19,7:00pm-7:59pm,3,3,0,This Section IS NOT on the NHS,2,Urban,4,Minor Arterial,4,City or Municipal Highway Agency,0,Not Signed,VIRGINIA AVE,PACIFIC AVE,99998,Not Reported,39.36271944,39.36271944,-74.422041670,-74.42204167,0,No Special Jurisdiction,8,Pedestrian,0,The First Harmful Event was Not a Collision with a Motor Vehicle in Transport,0,No,3,Intersection-Related,2,Four-Way Intersection,0,None,,,1,On Roadway,6,Dark - Unknown Lighting,,,,,1,Clear,0,No,0000000,Not Applicable,19,7:00pm-7:59pm,12,12,19,7:00pm-7:59pm,15,15,19,7:00pm-7:59pm,23,23,,,,,,,1,
2023,34,340060,New Jersey,1,1,0,0,0,1,1,25,MONMOUTH (25),1798,MANALAPAN,21,21,2,February,2023,3,Tuesday,16,4:00pm-4:59pm,9,9,1,This Section IS ON the NHS,2,Urban,3,Other Principal Arterial,1,State Highway Agency,3,State Highway,SR-33,,5,5,40.25525278,40.25525278,-74.326477780,-74.32647778,0,No Special Jurisdiction,33,Curb,0,The First Harmful Event was Not a Collision with a Motor Vehicle in Transport,0,No,1,Non-Junction,1,Not an Intersection,0,None,,,8,Gore,1,Daylight,,,,,3,Sleet or Hail,0,No,0000000,Not Applicable,16,4:00pm-4:59pm,11,11,16,4:00pm-4:59pm,19,19,17,5:00pm-5:59pm,44,44,,,,,,,1,
2023,34,340061,New Jersey,2,2,0,0,0,2,2,7,CAMDEN (7),598,CHERRY HILL,13,13,3,March,2023,2,Monday,13,1:00pm-1:59pm,4,4,0,This Section IS NOT on the NHS,2,Urban,4,Minor Arterial,2,County Highway Agency,4,County,CR-671 KRESSON RD,,31,31,39.88122500,39.88122500,-74.968275000,-74.96827500,0,No Special Jurisdiction,12,Motor Vehicle In-Transport,6,Angle,0,No,8,Driveway Access Related,1,Not an Intersection,0,None,,,1,On Roadway,1,Daylight,,,,,2,Rain,0,No,0000000,Not Applicable,13,1:00pm-1:59pm,32,32,13,1:00pm-1:59pm,41,41,99,Unknown,99,Unknown EMS Hospital Arrival Time,,,,,,,1,
2023,34,340062,New Jersey,1,1,0,1,1,1,1,3,BERGEN (3),680,CRESSKILL,26,26,3,March,2023,1,Sunday,15,3:00pm-3:59pm,25,25,0,This Section IS NOT on the NHS,2,Urban,4,Minor Arterial,2,County Highway Agency,4,County,CR-412 DURIE AVE,,99998,Not Reported,40.97048611,40.97048611,-73.966088890,-73.96608889,0,No Special Jurisdiction,8,Pedestrian,0,The First Harmful Event was Not a Collision with a Motor Vehicle in Transport,0,No,1,Non-Junction,1,Not an Intersection,0,None,,,4,On Roadside,1,Daylight,,,,,1,Clear,0,No,0000000,Not Applicable,15,3:00pm-3:59pm,28,28,15,3:00pm-3:59pm,38,38,16,4:00pm-4:59pm,8,8,,,,,,,1,
2023,34,340063,New Jersey,2,2,0,0,0,2,2,15,GLOUCESTER (15),0,NOT APPLICABLE,21,21,3,March,2023,3,Tuesday,6,6:00am-6:59am,10,10,1,This Section IS ON the NHS,2,Urban,1,Interstate,1,State Highway Agency,1,Interstate,I-295,,166,166,39.81251667,39.81251667,-75.269141670,-75.26914167,0,No Special Jurisdiction,12,Motor Vehicle In-Transport,1,Front-to-Rear,0,No,1,Non-Junction,1,Not an Intersection,0,None,,,1,On Roadway,2,Dark - Not Lighted,,,,,1,Clear,0,No,0000000,Not Applicable,6,6:00am-6:59am,17,17,6,6:00am-6:59am,17,17,6,6:00am-6:59am,55,55,,,,,,,1,
2023,34,340064,New Jersey,1,1,0,1,1,1,1,5,BURLINGTON (5),3537,WESTAMPTON TOWNSHIP,9,9,3,March,2023,5,Thursday,21,9:00pm-9:59pm,42,42,1,This Section IS ON the NHS,2,Urban,3,Other Principal Arterial,2,County Highway Agency,4,County,CR-541 BURLINGTON MT HOLLY RD,,192,192,40.01640278,40.01640278,-74.806077780,-74.80607778,0,No Special Jurisdiction,8,Pedestrian,0,The First Harmful Event was Not a Collision with a Motor Vehicle in Transport,0,No,1,Non-Junction,1,Not an Intersection,0,None,,,1,On Roadway,2,Dark - Not Lighted,,,,,1,Clear,0,No,0000000,Not Applicable,21,9:00pm-9:59pm,47,47,21,9:00pm-9:59pm,50,50,22,10:00pm-10:59pm,28,28,,,,,,,1,
2023,34,340065,New Jersey,2,2,0,0,0,2,2,23,MIDDLESEX (23),2582,PISCATAWAY,23,23,3,March,2023,5,Thursday,13,1:00pm-1:59pm,25,25,0,This Section IS NOT on the NHS,2,Urban,4,Minor Arterial,2,County Highway Agency,4,County,CR-665 STELTON RD,WOODROW AVE,22,22,40.57137778,40.57137778,-74.456991670,-74.45699167,0,No Special Jurisdiction,12,Motor Vehicle In-Transport,6,Angle,0,No,2,Intersection,2,Four-Way Intersection,0,None,,,1,On Roadway,1,Daylight,,,,,2,Rain,0,No,0000000,Not Applicable,13,1:00pm-1:59pm,29,29,13,1:00pm-1:59pm,33,33,14,2:00pm-2:59pm,19,19,,,,,,,1,
2023,34,340066,New Jersey,1,1,0,0,0,1,1,13,ESSEX (13),2130,NEWARK,16,16,3,March,2023,5,Thursday,18,6:00pm-6:59pm,20,20,1,This Section IS ON the NHS,2,Urban,3,Other Principal Arterial,1,State Highway Agency,3,State Highway,SR-27 FRELINGHUYSEN AVE,,99998,Not Reported,40.70505556,40.70505556,-74.193738890,-74.19373889,0,No Special Jurisdiction,40,Fire Hydrant,0,The First Harmful Event was Not a Collision with a Motor Vehicle in Transport,0,No,1,Non-Junction,1,Not an Intersection,0,None,,,4,On Roadside,1,Daylight,,,,,1,Clear,0,No,0000000,Not Applicable,18,6:00pm-6:59pm,23,23,18,6:00pm-6:59pm,27,27,88,"Not Applicable (Not Transported) ",88,Not Applicable (Not Transported),,,,,,,1,
2023,34,340067,New Jersey,3,2,1,0,0,2,2,39,UNION (39),2630,PLAINFIELD,2,2,2,February,2023,5,Thursday,16,4:00pm-4:59pm,24,24,0,This Section IS NOT on the NHS,2,Urban,7,Local,4,City or Municipal Highway Agency,6,Municipal,MU-WEST 3RD STREET,,9,9,40.60317500,40.60317500,-74.439727780,-74.43972778,0,No Special Jurisdiction,1,Rollover/Overturn,0,The First Harmful Event was Not a Collision with a Motor Vehicle in Transport,0,No,1,Non-Junction,1,Not an Intersection,0,None,,,1,On Roadway,1,Daylight,,,,,1,Clear,0,No,0000000,Not Applicable,16,4:00pm-4:59pm,28,28,16,4:00pm-4:59pm,35,35,99,Unknown,99,Unknown EMS Hospital Arrival Time,,,,,,,1,
2023,34,340068,New Jersey,1,1,0,0,0,1,1,1,ATLANTIC (1),1264,HAMILTON,11,11,3,March,2023,7,Saturday,8,8:00am-8:59am,52,52,1,This Section IS ON the NHS,1,Rural,2,Other Freeways and Expressways,31,State Toll Road,95,Other,446-ATLANTIC CITY EXPRESSWAY,,204,204,39.54720556,39.54720556,-74.727908330,-74.72790833,0,No Special Jurisdiction,38,Fence,0,The First Harmful Event was Not a Collision with a Motor Vehicle in Transport,0,No,1,Non-Junction,1,Not an Intersection,0,None,,,3,On Median,1,Daylight,,,,,2,Rain,0,No,0000000,Not Applicable,99,Unknown,99,Unknown,99,Unknown EMS Scene Arrival Hour,99,Unknown EMS Scene Arrival Minutes,88,"Not Applicable (Not Transported) ",88,Not Applicable (Not Transported),,,,,,,1,
2023,34,340069,New Jersey,2,1,1,0,0,2,2,39,UNION (39),1412,HILLSIDE,4,4,3,March,2023,7,Saturday,21,9:00pm-9:59pm,48,48,0,This Section IS NOT on the NHS,2,Urban,4,Minor Arterial,2,County Highway Agency,4,County,CR-623 BROAD ST,CR-628 HILLSIDE AVE,99998,Not Reported,40.69768333,40.69768333,-74.216972220,-74.21697222,0,No Special Jurisdiction,33,Curb,0,The First Harmful Event was Not a Collision with a Motor Vehicle in Transport,0,No,3,Intersection-Related,3,T-Intersection,0,None,,,12,Pedestrian Refuge Island or Traffic Island,6,Dark - Unknown Lighting,,,,,1,Clear,0,No,0000000,Not Applicable,21,9:00pm-9:59pm,50,50,21,9:00pm-9:59pm,54,54,22,10:00pm-10:59pm,20,20,,,,,,,1,
2023,34,340070,New Jersey,1,1,0,1,1,1,1,17,HUDSON (17),1520,JERSEY CITY,5,5,3,March,2023,1,Sunday,0,0:00am-0:59am,22,22,0,This Section IS NOT on the NHS,2,Urban,4,Minor Arterial,4,City or Municipal Highway Agency,0,Not Signed,GARFIELD AVE,STEGMAN ST,42,42,40.70094444,40.70094444,-74.078641670,-74.07864167,0,No Special Jurisdiction,8,Pedestrian,0,The First Harmful Event was Not a Collision with a Motor Vehicle in Transport,0,No,3,Intersection-Related,3,T-Intersection,0,None,,,1,On Roadway,6,Dark - Unknown Lighting,,,,,1,Clear,0,No,0000000,Not Applicable,0,0:00am-0:59am,34,34,0,0:00am-0:59am,39,39,1,1:00am-1:59am,19,19,,,,,,,1,
2023,34,340071,New Jersey,2,2,0,0,0,2,2,31,PASSAIC (31),2510,PATERSON,21,21,3,March,2023,3,Tuesday,18,6:00pm-6:59pm,37,37,0,This Section IS NOT on the NHS,2,Urban,5,Major Collector,4,City or Municipal Highway Agency,0,Not Signed,EAST RAILWAY AVE,GOULD AVE,5,5,40.89674444,40.89674444,-74.154652780,-74.15465278,0,No Special Jurisdiction,12,Motor Vehicle In-Transport,6,Angle,0,No,2,Intersection,3,T-Intersection,0,None,,,1,On Roadway,1,Daylight,,,,,1,Clear,0,No,0000000,Not Applicable,18,6:00pm-6:59pm,42,42,18,6:00pm-6:59pm,48,48,18,6:00pm-6:59pm,57,57,,,,,,,1,
2023,34,340072,New Jersey,1,1,0,1,1,1,1,27,MORRIS (27),1690,LINCOLN PARK,30,30,3,March,2023,5,Thursday,20,8:00pm-8:59pm,26,26,0,This Section IS NOT on the NHS,2,Urban,4,Minor Arterial,2,County Highway Agency,4,County,CR-504 JACKSONVILLE RD,,18,18,40.94804722,40.94804722,-74.332658330,-74.33265833,0,No Special Jurisdiction,8,Pedestrian,0,The First Harmful Event was Not a Collision with a Motor Vehicle in Transport,0,No,1,Non-Junction,1,Not an Intersection,0,None,,,1,On Roadway,3,Dark - Lighted,,,,,1,Clear,0,No,0000000,Not Applicable,20,8:00pm-8:59pm,27,27,20,8:00pm-8:59pm,35,35,21,9:00pm-9:59pm,11,11,,,,,,,1,
2023,34,340073,New Jersey,1,1,0,1,1,1,1,17,HUDSON (17),3410,UNION CITY,6,6,3,March,2023,2,Monday,13,1:00pm-1:59pm,17,17,0,This Section IS NOT on the NHS,2,Urban,5,Major Collector,2,County Highway Agency,4,County,CR-691 BERGEN TPK,39TH ST,9,9,40.77823889,40.77823889,-74.031544440,-74.03154444,0,No Special Jurisdiction,9,Pedalcyclist,0,The First Harmful Event was Not a Collision with a Motor Vehicle in Transport,0,No,2,Intersection,2,Four-Way Intersection,0,None,,,1,On Roadway,1,Daylight,,,,,1,Clear,0,No,0000000,Not Applicable,13,1:00pm-1:59pm,19,19,13,1:00pm-1:59pm,31,31,14,2:00pm-2:59pm,5,5,,,,,,,1,
2023,34,340074,New Jersey,2,2,0,0,0,2,2,21,MERCER (21),2845,ROBBINSVILLE,31,31,3,March,2023,6,Friday,17,5:00pm-5:59pm,45,45,0,This Section IS NOT on the NHS,1,Rural,5,Major Collector,2,County Highway Agency,4,County,CR-539 OLD YORK RD,MONTGOMERY WAY,99998,Not Reported,40.18936111,40.18936111,-74.563386110,-74.56338611,0,No Special Jurisdiction,12,Motor Vehicle In-Transport,6,Angle,0,No,2,Intersection,3,T-Intersection,0,None,,,1,On Roadway,1,Daylight,,,,,1,Clear,0,No,0000000,Not Applicable,17,5:00pm-5:59pm,47,47,17,5:00pm-5:59pm,53,53,18,6:00pm-6:59pm,29,29,,,,,,,1,
2023,34,340075,New Jersey,1,1,0,0,0,1,1,35,SOMERSET (35),2750,SOMERVILLE,10,10,3,March,2023,6,Friday,2,2:00am-2:59am,17,17,1,This Section IS ON the NHS,2,Urban,3,Other Principal Arterial,1,State Highway Agency,2,U.S. Highway,US-206,,707,707,40.56873056,40.56873056,-74.625213890,-74.62521389,0,No Special Jurisdiction,33,Curb,0,The First Harmful Event was Not a Collision with a Motor Vehicle in Transport,0,No,1,Non-Junction,1,Not an Intersection,0,None,,,4,On Roadside,3,Dark - Lighted,,,,,1,Clear,0,No,0000000,Not Applicable,2,2:00am-2:59am,22,22,2,2:00am-2:59am,27,27,88,"Not Applicable (Not Transported) ",88,Not Applicable (Not Transported),,,,,,,1,
2023,34,340076,New Jersey,1,1,0,1,1,2,2,23,MIDDLESEX (23),3705,WOODBRIDGE,26,26,3,March,2023,1,Sunday,0,0:00am-0:59am,30,30,1,This Section IS ON the NHS,2,Urban,3,Other Principal Arterial,1,State Highway Agency,3,State Highway,SR-27,,259,259,40.58121111,40.58121111,-74.309222220,-74.30922222,0,No Special Jurisdiction,15,Non-Motorist on Personal Conveyance,0,The First Harmful Event was Not a Collision with a Motor Vehicle in Transport,0,No,1,Non-Junction,1,Not an Intersection,0,None,,,1,On Roadway,3,Dark - Lighted,,,,,1,Clear,0,No,0000000,Not Applicable,0,0:00am-0:59am,43,43,0,0:00am-0:59am,54,54,1,1:00am-1:59am,17,17,,,,,,,1,
2023,34,340077,New Jersey,1,1,0,0,0,1,1,27,MORRIS (27),781,EAST HANOVER,26,26,3,March,2023,1,Sunday,11,11:00am-11:59am,26,26,1,This Section IS ON the NHS,2,Urban,1,Interstate,1,State Highway Agency,1,Interstate,I-280,,22,22,40.84297500,40.84297500,-74.342627780,-74.34262778,0,No Special Jurisdiction,42,Tree (Standing Only),0,The First Harmful Event was Not a Collision with a Motor Vehicle in Transport,0,No,1,Non-Junction,1,Not an Intersection,0,None,,,4,On Roadside,1,Daylight,,,,,1,Clear,0,No,0000000,Not Applicable,11,11:00am-11:59am,37,37,11,11:00am-11:59am,49,49,12,12:00pm-12:59pm,35,35,,,,,,,1,
2023,34,340078,New Jersey,1,1,0,1,1,1,1,35,SOMERSET (35),425,BRIDGEWATER,2,2,3,March,2023,5,Thursday,2,2:00am-2:59am,29,29,1,This Section IS ON the NHS,2,Urban,1,Interstate,1,State Highway Agency,1,Interstate,I-287,,160,160,40.58167500,40.58167500,-74.599086110,-74.59908611,0,No Special Jurisdiction,8,Pedestrian,0,The First Harmful Event was Not a Collision with a Motor Vehicle in Transport,0,No,1,Non-Junction,1,Not an Intersection,0,None,,,1,On Roadway,2,Dark - Not Lighted,,,,,5,"Fog, Smog, Smoke",0,No,0000000,Not Applicable,2,2:00am-2:59am,39,39,3,3:00am-3:59am,3,3,88,"Not Applicable (Not Transported) ",88,Not Applicable (Not Transported),,,,,,,1,
2023,34,340080,New Jersey,2,2,0,0,0,2,2,3,BERGEN (3),2460,PALISADES PARK,4,4,4,April,2023,3,Tuesday,19,7:00pm-7:59pm,29,29,0,This Section IS NOT on the NHS,2,Urban,7,Local,4,City or Municipal Highway Agency,0,Not Signed,EAST BRINKERHOFF AVE,5TH STREET,99998,Not Reported,40.84404167,40.84404167,-73.993525000,-73.99352500,0,No Special Jurisdiction,12,Motor Vehicle In-Transport,6,Angle,0,No,2,Intersection,2,Four-Way Intersection,0,None,,,1,On Roadway,1,Daylight,,,,,1,Clear,0,No,0000000,Not Applicable,19,7:00pm-7:59pm,32,32,19,7:00pm-7:59pm,38,38,20,8:00pm-8:59pm,9,9,,,,,,,1,
2023,34,340081,New Jersey,2,2,0,0,0,2,2,5,BURLINGTON (5),2081,MT LAUREL,12,12,4,April,2023,4,Wednesday,5,5:00am-5:59am,23,23,0,This Section IS NOT on the NHS,2,Urban,4,Minor Arterial,4,City or Municipal Highway Agency,4,County,CR-636 CREEK RD,INDEPENDENCE LANE,44,44,39.98734722,39.98734722,-74.869997220,-74.86999722,0,No Special Jurisdiction,12,Motor Vehicle In-Transport,6,Angle,0,No,2,Intersection,3,T-Intersection,0,None,,,1,On Roadway,6,Dark - Unknown Lighting,,,,,1,Clear,0,No,0000000,Not Applicable,5,5:00am-5:59am,28,28,5,5:00am-5:59am,37,37,6,6:00am-6:59am,11,11,,,,,,,1,
2023,34,340082,New Jersey,2,2,0,1,1,2,2,3,BERGEN (3),2780,RIDGEFIELD PARK,7,7,4,April,2023,6,Friday,23,11:00pm-11:59pm,10,10,1,This Section IS ON the NHS,2,Urban,3,Other Principal Arterial,1,State Highway Agency,2,U.S. Highway,US-46,,705,705,40.84946944,40.84946944,-74.024302780,-74.02430278,0,No Special Jurisdiction,8,Pedestrian,0,The First Harmful Event was Not a Collision with a Motor Vehicle in Transport,0,No,1,Non-Junction,1,Not an Intersection,0,None,,,1,On Roadway,3,Dark - Lighted,,,,,10,Cloudy,0,No,0000000,Not Applicable,99,Unknown,99,Unknown,99,Unknown EMS Scene Arrival Hour,99,Unknown EMS Scene Arrival Minutes,88,"Not Applicable (Not Transported) ",88,Not Applicable (Not Transported),,,,,,,1,
2023,34,340083,New Jersey,1,1,0,1,1,1,1,17,HUDSON (17),190,BAYONNE,24,24,4,April,2023,2,Monday,11,11:00am-11:59am,50,50,0,This Section IS NOT on the NHS,2,Urban,4,Minor Arterial,4,City or Municipal Highway Agency,0,Not Signed,BROADWAY,22ND ST,99998,Not Reported,40.66308611,40.66308611,-74.118994440,-74.11899444,0,No Special Jurisdiction,8,Pedestrian,0,The First Harmful Event was Not a Collision with a Motor Vehicle in Transport,0,No,3,Intersection-Related,2,Four-Way Intersection,0,None,,,1,On Roadway,1,Daylight,,,,,1,Clear,0,No,0000000,Not Applicable,11,11:00am-11:59am,53,53,12,12:00pm-12:59pm,5,5,12,12:00pm-12:59pm,23,23,,,,,,,1,
2023,34,340084,New Jersey,1,1,0,1,1,1,1,5,BURLINGTON (5),841,EDGEWATER PARK,5,5,4,April,2023,4,Wednesday,19,7:00pm-7:59pm,52,52,1,This Section IS ON the NHS,2,Urban,3,Other Principal Arterial,1,State Highway Agency,2,U.S. Highway,US-130,,426,426,40.04377778,40.04377778,-74.907986110,-74.90798611,0,No Special Jurisdiction,8,Pedestrian,0,The First Harmful Event was Not a Collision with a Motor Vehicle in Transport,0,No,1,Non-Junction,1,Not an Intersection,0,None,,,1,On Roadway,3,Dark - Lighted,,,,,1,Clear,0,No,0000000,Not Applicable,19,7:00pm-7:59pm,55,55,19,7:00pm-7:59pm,58,58,20,8:00pm-8:59pm,29,29,,,,,,,1,
2023,34,340085,New Jersey,1,1,0,1,1,2,2,17,HUDSON (17),2205,NORTH BERGEN,15,15,4,April,2023,7,Saturday,2,2:00am-2:59am,53,53,0,This Section IS NOT on the NHS,2,Urban,4,Minor Arterial,4,City or Municipal Highway Agency,0,Not Signed,BERGENLINE AVE,72ND ST,99998,Not Reported,40.79745000,40.79745000,-74.009927780,-74.00992778,0,No Special Jurisdiction,8,Pedestrian,0,The First Harmful Event was Not a Collision with a Motor Vehicle in Transport,0,No,3,Intersection-Related,2,Four-Way Intersection,0,None,,,1,On Roadway,6,Dark - Unknown Lighting,,,,,1,Clear,0,No,0000000,Not Applicable,99,Unknown,99,Unknown,99,Unknown EMS Scene Arrival Hour,99,Unknown EMS Scene Arrival Minutes,99,Unknown,99,Unknown EMS Hospital Arrival Time,,,,,,,1,
2023,34,340086,New Jersey,1,1,0,1,1,1,1,5,BURLINGTON (5),481,BURLINGTON TOWNSHIP,1,1,4,April,2023,7,Saturday,19,7:00pm-7:59pm,45,45,1,This Section IS ON the NHS,2,Urban,3,Other Principal Arterial,1,State Highway Agency,2,U.S. Highway,US-130,,453,453,40.06792222,40.06792222,-74.870600000,-74.87060000,0,No Special Jurisdiction,8,Pedestrian,0,The First Harmful Event was Not a Collision with a Motor Vehicle in Transport,0,No,1,Non-Junction,1,Not an Intersection,0,None,,,1,On Roadway,2,Dark - Not Lighted,,,,,2,Rain,0,No,0000000,Not Applicable,19,7:00pm-7:59pm,50,50,20,8:00pm-8:59pm,4,4,20,8:00pm-8:59pm,25,25,,,,,,,1,
2023,34,340087,New Jersey,1,1,0,0,0,4,4,31,PASSAIC (31),3522,WAYNE,30,30,4,April,2023,1,Sunday,10,10:00am-10:59am,4,4,1,This Section IS ON the NHS,2,Urban,1,Interstate,1,State Highway Agency,1,Interstate,I-80/US-46 RAMP,,536,536,40.89625556,40.89625556,-74.253450000,-74.25345000,0,No Special Jurisdiction,30,Utility Pole/Light Support,0,The First Harmful Event was Not a Collision with a Motor Vehicle in Transport,1,Yes,5,Entrance/Exit Ramp Related,1,Not an Intersection,0,None,,,8,Gore,1,Daylight,,,,,2,Rain,0,No,0000000,Not Applicable,10,10:00am-10:59am,9,9,10,10:00am-10:59am,25,25,10,10:00am-10:59am,51,51,,,,,,,2,
2023,34,340088,New Jersey,2,2,0,0,0,3,3,13,ESSEX (13),2130,NEWARK,2,2,4,April,2023,1,Sunday,2,2:00am-2:59am,38,38,1,This Section IS ON the NHS,2,Urban,2,Other Freeways and Expressways,1,State Highway Agency,2,U.S. Highway,US-1 AND 9,,496,496,40.71708611,40.71708611,-74.151411110,-74.15141111,0,No Special Jurisdiction,12,Motor Vehicle In-Transport,2,Front-to-Front,0,No,1,Non-Junction,1,Not an Intersection,0,None,,,1,On Roadway,2,Dark - Not Lighted,,,,,1,Clear,0,No,0000000,Not Applicable,2,2:00am-2:59am,38,38,2,2:00am-2:59am,49,49,3,3:00am-3:59am,31,31,,,,,,,3,
2023,34,340089,New Jersey,4,4,0,0,0,4,4,27,MORRIS (27),2084,MT OLIVE,26,26,4,April,2023,4,Wednesday,11,11:00am-11:59am,10,10,1,This Section IS ON the NHS,2,Urban,3,Other Principal Arterial,1,State Highway Agency,2,U.S. Highway,US-46,SMITHTOWN RD,258,258,40.85990278,40.85990278,-74.759438890,-74.75943889,0,No Special Jurisdiction,12,Motor Vehicle In-Transport,6,Angle,0,No,2,Intersection,2,Four-Way Intersection,0,None,,,1,On Roadway,1,Daylight,,,,,1,Clear,0,No,0000000,Not Applicable,11,11:00am-11:59am,18,18,11,11:00am-11:59am,22,22,12,12:00pm-12:59pm,15,15,,,,,,,1,
2023,34,340090,New Jersey,1,1,0,0,0,1,1,1,ATLANTIC (1),851,EGG HARBOR TOWNSHIP,15,15,4,April,2023,7,Saturday,0,0:00am-0:59am,41,41,0,This Section IS NOT on the NHS,2,Urban,7,Local,4,City or Municipal Highway Agency,0,Not Signed,HARTFORD DRIVE,,99998,Not Reported,39.36252500,39.36252500,-74.624808330,-74.62480833,0,No Special Jurisdiction,33,Curb,0,The First Harmful Event was Not a Collision with a Motor Vehicle in Transport,0,No,1,Non-Junction,1,Not an Intersection,0,None,,,4,On Roadside,6,Dark - Unknown Lighting,,,,,1,Clear,0,No,0000000,Not Applicable,0,0:00am-0:59am,43,43,1,1:00am-1:59am,14,14,88,"Not Applicable (Not Transported) ",88,Not Applicable (Not Transported),,,,,,,1,
2023,34,340091,New Jersey,2,2,0,0,0,3,3,17,HUDSON (17),1540,KEARNY,14,14,4,April,2023,6,Friday,1,1:00am-1:59am,12,12,0,This Section IS NOT on the NHS,2,Urban,5,Major Collector,4,City or Municipal Highway Agency,0,Not Signed,BERGEN AVE,,12,12,40.75354167,40.75354167,-74.139075000,-74.13907500,0,No Special Jurisdiction,12,Motor Vehicle In-Transport,6,Angle,0,No,8,Driveway Access Related,1,Not an Intersection,0,None,,,1,On Roadway,3,Dark - Lighted,,,,,1,Clear,0,No,0000000,Not Applicable,1,1:00am-1:59am,12,12,1,1:00am-1:59am,20,20,88,"Not Applicable (Not Transported) ",88,Not Applicable (Not Transported),,,,,,,1,
2023,34,340092,New Jersey,2,2,0,0,0,3,3,7,CAMDEN (7),1640,LAWNSIDE,17,17,4,April,2023,2,Monday,14,2:00pm-2:59pm,7,7,1,This Section IS ON the NHS,2,Urban,1,Interstate,1,State Highway Agency,1,Interstate,I-295,,305,305,39.87305000,39.87305000,-75.040311110,-75.04031111,0,No Special Jurisdiction,12,Motor Vehicle In-Transport,7,Sideswipe - Same Direction,0,No,1,Non-Junction,1,Not an Intersection,0,None,,,1,On Roadway,1,Daylight,,,,,1,Clear,0,No,0000000,Not Applicable,14,2:00pm-2:59pm,0,0,14,2:00pm-2:59pm,3,3,88,"Not Applicable (Not Transported) ",88,Not Applicable (Not Transported),,,,,,,1,
2023,34,340093,New Jersey,2,2,0,0,0,2,2,3,BERGEN (3),2480,PARAMUS,15,15,4,April,2023,7,Saturday,2,2:00am-2:59am,58,58,1,This Section IS ON the NHS,2,Urban,2,Other Freeways and Expressways,1,State Highway Agency,3,State Highway,SR-4,,36,36,40.91942500,40.91942500,-74.066494440,-74.06649444,0,No Special Jurisdiction,12,Motor Vehicle In-Transport,1,Front-to-Rear,0,No,1,Non-Junction,1,Not an Intersection,0,None,,,1,On Roadway,6,Dark - Unknown Lighting,,,,,1,Clear,0,No,0000000,Not Applicable,99,Unknown,99,Unknown,99,Unknown EMS Scene Arrival Hour,99,Unknown EMS Scene Arrival Minutes,99,Unknown,99,Unknown EMS Hospital Arrival Time,,,,,,,1,
2023,34,340095,New Jersey,1,1,0,0,0,1,1,23,MIDDLESEX (23),2582,PISCATAWAY,13,13,5,May,2023,7,Saturday,18,6:00pm-6:59pm,51,51,1,This Section IS ON the NHS,2,Urban,3,Other Principal Arterial,2,County Highway Agency,4,County,CR-609,,99998,Not Reported,40.54062778,40.54062778,-74.438236110,-74.43823611,0,No Special Jurisdiction,33,Curb,0,The First Harmful Event was Not a Collision with a Motor Vehicle in Transport,0,No,1,Non-Junction,1,Not an Intersection,0,None,,,4,On Roadside,1,Daylight,,,,,10,Cloudy,0,No,0000000,Not Applicable,18,6:00pm-6:59pm,53,53,18,6:00pm-6:59pm,59,59,19,7:00pm-7:59pm,41,41,,,,,,,1,