caseyear,state,st_case,statename,ve_total,ve_forms,pvh_invl,peds,pernotmvit,permvit,persons,county,countyname,city,cityname,day,dayname,month,monthname,year,day_week,day_weekname,hour,hourname,minute,minutename,nhs,nhsname,rur_urb,rur_urbname,func_sys,func_sysname,rd_owner,rd_ownername,route,routename,tway_id,tway_id2,milept,mileptname,latitude,latitudename,longitud,longitudname,sp_jur,sp_jurname,harm_ev,harm_evname,man_coll,man_collname,reljct1,reljct1name,reljct2,reljct2name,typ_int,typ_intname,wrk_zone,wrk_zonename,road_fnc,road_fncname,rel_road,rel_roadname,lgt_cond,lgt_condname,weather1,weather1name,weather2,weather2name,weather,weathername,sch_bus,sch_busname,rail,railname,not_hour,not_hourname,not_min,not_minname,arr_hour,arr_hourname,arr_min,arr_minname,hosp_hr,hosp_hrname,hosp_mn,hosp_mnname,cf1,cf1name,cf2,cf2name,cf3,cf3name,fatals,drunk_dr
2023,34,340135,New Jersey,2,2,0,0,0,3,3,23,MIDDLESEX (23),1986,MONROE TOWNSHIP,23,23,1,January,2023,2,Monday,12,12:00pm-12:59pm,44,44,0,This Section IS NOT on the NHS,2,Urban,7,Local,4,City or Municipal Highway Agency,0,Not Signed,CRANBURY HALF ACRE RD,NONE,99998,Not Reported,40.31599722,40.31599722,-74.473363890,-74.47336389,0,No Special Jurisdiction,12,Motor Vehicle In-Transport,6,Angle,0,No,2,Intersection,2,Four-Way Intersection,0,None,,,1,On Roadway,1,Daylight,,,,,2,Rain,0,No,0000000,Not Applicable,99,Unknown,99,Unknown,99,Unknown EMS Scene Arrival Hour,99,Unknown EMS Scene Arrival Minutes,99,Unknown,99,Unknown EMS Hospital Arrival Time,,,,,,,1,
2023,34,340136,New Jersey,1,1,0,1,1,1,1,15,GLOUCESTER (15),0,NOT APPLICABLE,12,12,7,July,2023,4,Wednesday,19,7:00pm-7:59pm,9,9,1,This Section IS ON the NHS,2,Urban,3,Other Principal Arterial,1,State Highway Agency,2,U.S. Highway,US-322,,247,247,39.68531667,39.68531667,-74.988755560,-74.98875556,0,No Special Jurisdiction,9,Pedalcyclist,0,The First Harmful Event was Not a Collision with a Motor Vehicle in Transport,0,No,8,Driveway Access Related,1,Not an Intersection,0,None,,,1,On Roadway,1,Daylight,,,,,1,Clear,0,No,0000000,Not Applicable,19,7:00pm-7:59pm,10,10,19,7:00pm-7:59pm,14,14,19,7:00pm-7:59pm,38,38,,,,,,,1,
2023,34,340137,New Jersey,2,2,0,0,0,2,2,15,GLOUCESTER (15),0,NOT APPLICABLE,20,20,6,June,2023,3,Tuesday,5,5:00am-5:59am,8,8,0,This Section IS NOT on the NHS,2,Urban,4,Minor Arterial,2,County Highway Agency,4,County,CR-655 FRIES MILL RD,CR-654 HURFVILLE CROSS KEYS RD,85,85,39.72484722,39.72484722,-75.050361110,-75.05036111,0,No Special Jurisdiction,12,Motor Vehicle In-Transport,6,Angle,0,No,2,Intersection,2,Four-Way Intersection,0,None,,,1,On Roadway,4,Dawn,,,,,1,Clear,0,No,0000000,Not Applicable,5,5:00am-5:59am,13,13,5,5:00am-5:59am,15,15,5,5:00am-5:59am,40,40,,,,,,,1,
2023,34,340138,New Jersey,1,1,0,1,1,3,3,29,OCEAN (29),1801,MANCHESTER TOWNSHIP,3,3,6,June,2023,7,Saturday,22,10:00pm-10:59pm,30,30,0,This Section IS NOT on the NHS,2,Urban,4,Minor Arterial,2,County Highway Agency,4,County,CR-571 RIDGEWAY RD,,100,100,40.02284167,40.02284167,-74.268427780,-74.26842778,0,No Special Jurisdiction,8,Pedestrian,0,The First Harmful Event was Not a Collision with a Motor Vehicle in Transport,0,No,1,Non-Junction,1,Not an Intersection,0,None,,,1,On Roadway,6,Dark - Unknown Lighting,,,,,1,Clear,0,No,0000000,Not Applicable,22,10:00pm-10:59pm,31,31,22,10:00pm-10:59pm,35,35,88,"Not Applicable (Not Transported) ",88,Not Applicable (Not Transported),,,,,,,1,
2023,34,340139,New Jersey,4,4,0,0,0,5,5,5,BURLINGTON (5),3325,TABERNACLE,26,26,6,June,2023,2,Monday,8,8:00am-8:59am,52,52,1,This Section IS ON the NHS,2,Urban,3,Other Principal Arterial,1,State Highway Agency,2,U.S. Highway,US-206,,154,154,39.85505556,39.85505556,-74.733483330,-74.73348333,0,No Special Jurisdiction,12,Motor Vehicle In-Transport,1,Front-to-Rear,0,No,8,Driveway Access Related,1,Not an Intersection,0,None,,,1,On Roadway,1,Daylight,,,,,1,Clear,0,No,0000000,Not Applicable,8,8:00am-8:59am,53,53,8,8:00am-8:59am,57,57,99,Unknown,99,Unknown EMS Hospital Arrival Time,,,,,,,1,
2023,34,340140,New Jersey,1,1,0,0,0,2,2,29,OCEAN (29),0,NOT APPLICABLE,7,7,3,March,2023,3,Tuesday,13,1:00pm-1:59pm,6,6,1,This Section IS ON the NHS,2,Urban,2,Other Freeways and Expressways,31,State Toll Road,10,Parkway Marker or Forest Route Marker [Specify:],PFR-444,,711,711,39.80458056,39.80458056,-74.231766670,-74.23176667,0,No Special Jurisdiction,24,Guardrail Face,0,The First Harmful Event was Not a Collision with a Motor Vehicle in Transport,0,No,1,Non-Junction,1,Not an Intersection,0,None,,,3,On Median,1,Daylight,,,,,1,Clear,0,No,0000000,Not Applicable,13,1:00pm-1:59pm,11,11,13,1:00pm-1:59pm,26,26,99,Unknown,99,Unknown EMS Hospital Arrival Time,,,,,,,1,
2023,34,340141,New Jersey,2,2,0,0,0,2,2,21,MERCER (21),1265,HAMILTON TOWNSHIP,22,22,4,April,2023,7,Saturday,16,4:00pm-4:59pm,45,45,0,This Section IS NOT on the NHS,2,Urban,4,Minor Arterial,4,City or Municipal Highway Agency,0,Not Signed,WHITEHORSE MERCERVILLE RD,,99998,Not Reported,40.22061389,40.22061389,-74.688080560,-74.68808056,0,No Special Jurisdiction,12,Motor Vehicle In-Transport,7,Sideswipe - Same Direction,0,No,8,Driveway Access Related,1,Not an Intersection,0,None,,,1,On Roadway,1,Daylight,,,,,1,Clear,0,No,0000000,Not Applicable,16,4:00pm-4:59pm,45,45,16,4:00pm-4:59pm,48,48,17,5:00pm-5:59pm,26,26,,,,,,,1,
2023,34,340142,New Jersey,1,1,0,1,1,1,1,41,WARREN (41),0,NOT APPLICABLE,5,5,5,May,2023,6,Friday,22,10:00pm-10:59pm,55,55,1,This Section IS ON the NHS,2,Urban,3,Other Principal Arterial,1,State Highway Agency,2,U.S. Highway,US-22,,27,27,40.68905556,40.68905556,-75.153830560,-75.15383056,0,No Special Jurisdiction,8,Pedestrian,0,The First Harmful Event was Not a Collision with a Motor Vehicle in Transport,0,No,1,Non-Junction,1,Not an Intersection,0,None,,,1,On Roadway,2,Dark - Not Lighted,,,,,1,Clear,0,No,0000000,Not Applicable,22,10:00pm-10:59pm,58,58,23,11:00pm-11:59pm,7,7,23,11:00pm-11:59pm,32,32,,,,,,,1,
2023,34,340143,New Jersey,1,1,0,0,0,1,1,17,HUDSON (17),1520,JERSEY CITY,15,15,5,May,2023,2,Monday,6,6:00am-6:59am,21,21,1,This Section IS ON the NHS,2,Urban,3,Other Principal Arterial,2,County Highway Agency,4,County,CR-501 KENNEDY BLVD,,99998,Not Reported,40.73904722,40.73904722,-74.062511110,-74.06251111,0,No Special Jurisdiction,26,Other Traffic Barrier,0,The First Harmful Event was Not a Collision with a Motor Vehicle in Transport,0,No,1,Non-Junction,1,Not an Intersection,1,Construction,,,4,On Roadside,3,Dark - Lighted,,,,,10,Cloudy,0,No,0000000,Not Applicable,99,Unknown,99,Unknown,99,Unknown EMS Scene Arrival Hour,99,Unknown EMS Scene Arrival Minutes,88,"Not Applicable (Not Transported) ",88,Not Applicable (Not Transported),,,,,,,1,
2023,34,340144,New Jersey,2,2,0,0,0,2,2,17,HUDSON (17),2205,NORTH BERGEN,5,5,5,May,2023,6,Friday,20,8:00pm-8:59pm,59,59,0,This Section IS NOT on the NHS,2,Urban,5,Major Collector,4,City or Municipal Highway Agency,0,Not Signed,GRANTON AVE,LIBERTY AVE,4,4,40.79837500,40.79837500,-74.022663890,-74.02266389,0,No Special Jurisdiction,12,Motor Vehicle In-Transport,6,Angle,0,No,2,Intersection,2,Four-Way Intersection,0,None,,,1,On Roadway,3,Dark - Lighted,,,,,1,Clear,0,No,0000000,Not Applicable,99,Unknown,99,Unknown,99,Unknown EMS Scene Arrival Hour,99,Unknown EMS Scene Arrival Minutes,99,Unknown,99,Unknown EMS Hospital Arrival Time,,,,,,,1,
2023,34,340145,New Jersey,2,2,0,0,0,4,4,5,BURLINGTON (5),2540,PEMBERTON,20,20,4,April,2023,5,Thursday,17,5:00pm-5:59pm,16,16,0,This Section IS NOT on the NHS,2,Urban,5,Major Collector,2,County Highway Agency,4,County,CR-687 ELIZABETH ST,,2,2,39.97115000,39.97115000,-74.678497220,-74.67849722,0,No Special Jurisdiction,12,Motor Vehicle In-Transport,1,Front-to-Rear,0,No,1,Non-Junction,1,Not an Intersection,0,None,,,2,On Shoulder,1,Daylight,,,,,1,Clear,0,No,0000000,Not Applicable,17,5:00pm-5:59pm,4,4,17,5:00pm-5:59pm,11,11,17,5:00pm-5:59pm,34,34,,,,,,,1,
2023,34,340146,New Jersey,2,2,0,0,0,4,4,37,SUSSEX (37),70,ANDOVER,26,26,5,May,2023,6,Friday,16,4:00pm-4:59pm,0,0,0,This Section IS NOT on the NHS,2,Urban,4,Minor Arterial,2,County Highway Agency,4,County,CR-616 NEWTON SPARTA RD,,99998,Not Reported,41.03619444,41.03619444,-74.689138890,-74.68913889,0,No Special Jurisdiction,12,Motor Vehicle In-Transport,2,Front-to-Front,0,No,1,Non-Junction,1,Not an Intersection,0,None,,,1,On Roadway,1,Daylight,,,,,1,Clear,0,No,0000000,Not Applicable,15,3:00pm-3:59pm,57,57,16,4:00pm-4:59pm,3,3,16,4:00pm-4:59pm,33,33,,,,,,,4,
2023,34,340147,New Jersey,2,2,0,0,0,6,6,23,MIDDLESEX (23),844,EDISON,27,27,3,March,2023,2,Monday,2,2:00am-2:59am,42,42,1,This Section IS ON the NHS,2,Urban,1,Interstate,31,State Toll Road,1,Interstate,I-95,,876,876,40.52246944,40.52246944,-74.351250000,-74.35125000,0,No Special Jurisdiction,12,Motor Vehicle In-Transport,1,Front-to-Rear,0,No,1,Non-Junction,1,Not an Intersection,1,Construction,,,1,On Roadway,2,Dark - Not Lighted,,,,,1,Clear,0,No,0000000,Not Applicable,2,2:00am-2:59am,46,46,2,2:00am-2:59am,55,55,3,3:00am-3:59am,53,53,,,,,,,1,
2023,34,340148,New Jersey,1,1,0,0,0,1,1,21,MERCER (21),1265,HAMILTON TOWNSHIP,19,19,3,March,2023,1,Sunday,7,7:00am-7:59am,25,25,1,This Section IS ON the NHS,2,Urban,1,Interstate,1,State Highway Agency,1,Interstate,I-295,,632,632,40.22038056,40.22038056,-74.697816670,-74.69781667,0,No Special Jurisdiction,1,Rollover/Overturn,0,The First Harmful Event was Not a Collision with a Motor Vehicle in Transport,0,No,1,Non-Junction,1,Not an Intersection,0,None,,,4,On Roadside,1,Daylight,,,,,1,Clear,0,No,0000000,Not Applicable,99,Unknown,99,Unknown,99,Unknown EMS Scene Arrival Hour,99,Unknown EMS Scene Arrival Minutes,88,"Not Applicable (Not Transported) ",88,Not Applicable (Not Transported),,,,,,,1,
2023,34,340149,New Jersey,1,1,0,1,1,1,1,21,MERCER (21),3380,TRENTON,5,5,3,March,2023,1,Sunday,21,9:00pm-9:59pm,20,20,1,This Section IS ON the NHS,2,Urban,2,Other Freeways and Expressways,1,State Highway Agency,3,State Highway,SR-29,,99998,Not Reported,40.20671944,40.20671944,-74.761941670,-74.76194167,0,No Special Jurisdiction,8,Pedestrian,0,The First Harmful Event was Not a Collision with a Motor Vehicle in Transport,0,No,1,Non-Junction,1,Not an Intersection,0,None,,,1,On Roadway,2,Dark - Not Lighted,,,,,1,Clear,0,No,0000000,Not Applicable,21,9:00pm-9:59pm,33,33,21,9:00pm-9:59pm,37,37,88,"Not Applicable (Not Transported) ",88,Not Applicable (Not Transported),,,,,,,1,
2023,34,340150,New Jersey,2,2,0,0,0,2,2,21,MERCER (21),1265,HAMILTON TOWNSHIP,10,10,4,April,2023,2,Monday,5,5:00am-5:59am,19,19,1,This Section IS ON the NHS,2,Urban,1,Interstate,31,State Toll Road,1,Interstate,I-95,,588,588,40.17774722,40.17774722,-74.628461110,-74.62846111,0,No Special Jurisdiction,12,Motor Vehicle In-Transport,6,Angle,0,No,1,Non-Junction,1,Not an Intersection,0,None,,,1,On Roadway,2,Dark - Not Lighted,,,,,1,Clear,0,No,0000000,Not Applicable,5,5:00am-5:59am,41,41,5,5:00am-5:59am,55,55,6,6:00am-6:59am,33,33,,,,,,,1,
2023,34,340151,New Jersey,2,2,0,0,0,3,3,39,UNION (39),860,ELIZABETH,30,30,4,April,2023,1,Sunday,22,10:00pm-10:59pm,39,39,1,This Section IS ON the NHS,2,Urban,1,Interstate,31,State Toll Road,1,Interstate,I-95,,999,999,40.64847500,40.64847500,-74.200894440,-74.20089444,0,No Special Jurisdiction,12,Motor Vehicle In-Transport,1,Front-to-Rear,0,No,1,Non-Junction,1,Not an Intersection,0,None,,,1,On Roadway,2,Dark - Not Lighted,,,,,2,Rain,0,No,0000000,Not Applicable,22,10:00pm-10:59pm,43,43,22,10:00pm-10:59pm,56,56,23,11:00pm-11:59pm,19,19,,,,,,,1,
2023,34,340152,New Jersey,3,3,0,0,0,5,5,23,MIDDLESEX (23),779,EAST BRUNSWICK,27,27,5,May,2023,7,Saturday,22,10:00pm-10:59pm,17,17,1,This Section IS ON the NHS,2,Urban,1,Interstate,31,State Toll Road,1,Interstate,I-95,,787,787,40.41881111,40.41881111,-74.445011110,-74.44501111,0,No Special Jurisdiction,12,Motor Vehicle In-Transport,7,Sideswipe - Same Direction,0,No,1,Non-Junction,1,Not an Intersection,0,None,,,1,On Roadway,2,Dark - Not Lighted,,,,,1,Clear,0,No,0000000,Not Applicable,99,Unknown,99,Unknown,99,Unknown EMS Scene Arrival Hour,99,Unknown EMS Scene Arrival Minutes,88,"Not Applicable (Not Transported) ",88,Not Applicable (Not Transported),,,,,,,1,
2023,34,340153,New Jersey,2,2,0,0,0,6,6,21,MERCER (21),3633,WEST WINDSOR,30,30,5,May,2023,3,Tuesday,4,4:00am-4:59am,21,21,1,This Section IS ON the NHS,2,Urban,3,Other Principal Arterial,1,State Highway Agency,2,U.S. Highway,US-1,WASHINGTON RD,112,112,40.33157500,40.33157500,-74.637825000,-74.63782500,0,No Special Jurisdiction,12,Motor Vehicle In-Transport,6,Angle,0,No,2,Intersection,2,Four-Way Intersection,0,None,,,1,On Roadway,6,Dark - Unknown Lighting,,,,,1,Clear,0,No,0000000,Not Applicable,4,4:00am-4:59am,23,23,4,4:00am-4:59am,25,25,5,5:00am-5:59am,6,6,,,,,,,1,
2023,34,340154,New Jersey,1,1,0,0,0,1,1,3,BERGEN (3),1795,MAHWAH,13,13,5,May,2023,7,Saturday,12,12:00pm-12:59pm,45,45,1,This Section IS ON the NHS,2,Urban,1,Interstate,1,State Highway Agency,1,Interstate,I-287,,628,628,41.05742778,41.05742778,-74.185983330,-74.18598333,0,No Special Jurisdiction,42,Tree (Standing Only),0,The First Harmful Event was Not a Collision with a Motor Vehicle in Transport,0,No,1,Non-Junction,1,Not an Intersection,0,None,,,4,On Roadside,1,Daylight,,,,,1,Clear,0,No,0000000,Not Applicable,12,12:00pm-12:59pm,48,48,12,12:00pm-12:59pm,56,56,99,Unknown,99,Unknown EMS Hospital Arrival Time,,,,,,,1,
2023,34,340155,New Jersey,1,1,0,0,0,3,3,7,CAMDEN (7),520,CAMDEN,18,18,1,January,2023,4,Wednesday,12,12:00pm-12:59pm,31,31,1,This Section IS ON the NHS,2,Urban,3,Other Principal Arterial,1,State Highway Agency,2,U.S. Highway,US-30,,23,23,39.93981944,39.93981944,-75.094497220,-75.09449722,0,No Special Jurisdiction,30,Utility Pole/Light Support,0,The First Harmful Event was Not a Collision with a Motor Vehicle in Transport,1,Yes,5,Entrance/Exit Ramp Related,1,Not an Intersection,0,None,,,4,On Roadside,1,Daylight,,,,,1,Clear,0,No,0000000,Not Applicable,12,12:00pm-12:59pm,29,29,12,12:00pm-12:59pm,34,34,12,12:00pm-12:59pm,53,53,,,,,,,1,
2023,34,340156,New Jersey,1,1,0,0,0,1,1,7,CAMDEN (7),520,CAMDEN,28,28,2,February,2023,3,Tuesday,12,12:00pm-12:59pm,16,16,0,This Section IS NOT on the NHS,2,Urban,4,Minor Arterial,2,County Highway Agency,4,County,CR-610 WESTFIELD AVE,,99998,Not Reported,39.95004167,39.95004167,-75.079333330,-75.07933333,0,No Special Jurisdiction,30,Utility Pole/Light Support,0,The First Harmful Event was Not a Collision with a Motor Vehicle in Transport,0,No,1,Non-Junction,1,Not an Intersection,0,None,,,4,On Roadside,1,Daylight,,,,,2,Rain,0,No,0000000,Not Applicable,12,12:00pm-12:59pm,18,18,12,12:00pm-12:59pm,21,21,12,12:00pm-12:59pm,42,42,,,,,,,1,
2023,34,340157,New Jersey,1,1,0,1,1,2,2,7,CAMDEN (7),520,CAMDEN,8,8,2,February,2023,4,Wednesday,5,5:00am-5:59am,6,6,0,This Section IS NOT on the NHS,2,Urban,4,Minor Arterial,2,County Highway Agency,4,County,CR-673 SPRINGDALE RD,,92,92,39.88822778,39.88822778,-74.968755560,-74.96875556,0,No Special Jurisdiction,8,Pedestrian,0,The First Harmful Event was Not a Collision with a Motor Vehicle in Transport,0,No,1,Non-Junction,1,Not an Intersection,0,None,,,1,On Roadway,6,Dark - Unknown Lighting,,,,,2,Rain,0,No,0000000,Not Applicable,99,Unknown,99,Unknown,99,Unknown EMS Scene Arrival Hour,99,Unknown EMS Scene Arrival Minutes,99,Unknown,99,Unknown EMS Hospital Arrival Time,,,,,,,1,
2023,34,340158,New Jersey,2,2,0,0,0,5,5,7,CAMDEN (7),240,BELLMAWR,27,27,4,April,2023,5,Thursday,13,1:00pm-1:59pm,4,4,1,This Section IS ON the NHS,2,Urban,3,Other Principal Arterial,1,State Highway Agency,3,State Highway,SR-168 NORTH BLACK HORSE PIKE,,72,72,39.87058889,39.87058889,-75.081250000,-75.08125000,0,No Special Jurisdiction,12,Motor Vehicle In-Transport,1,Front-to-Rear,0,No,1,Non-Junction,1,Not an Intersection,0,None,,,2,On Shoulder,1,Daylight,,,,,1,Clear,0,No,0000000,Not Applicable,13,1:00pm-1:59pm,6,6,13,1:00pm-1:59pm,9,9,13,1:00pm-1:59pm,26,26,,,,,,,1,
2023,34,340159,New Jersey,1,1,0,0,0,1,1,7,CAMDEN (7),3521,WATERFORD WORKS,9,9,4,April,2023,1,Sunday,9,9:00am-9:59am,17,17,0,This Section IS NOT on the NHS,2,Urban,7,Local,4,City or Municipal Highway Agency,0,Not Signed,BURNT MILL RD,,99998,Not Reported,39.75561389,39.75561389,-74.873002780,-74.87300278,0,No Special Jurisdiction,30,Utility Pole/Light Support,0,The First Harmful Event was Not a Collision with a Motor Vehicle in Transport,0,No,1,Non-Junction,1,Not an Intersection,0,None,,,4,On Roadside,9,Reported as Unknown,,,,,1,Clear,0,No,0000000,Not Applicable,99,Unknown,99,Unknown,99,Unknown EMS Scene Arrival Hour,99,Unknown EMS Scene Arrival Minutes,88,"Not Applicable (Not Transported) ",88,Not Applicable (Not Transported),,,,,,,1,
2023,34,340160,New Jersey,1,1,0,0,0,1,1,41,WARREN (41),1455,HOPE,28,28,5,May,2023,1,Sunday,99,Unknown Hours,99,Unknown Minutes,0,This Section IS NOT on the NHS,1,Rural,5,Major Collector,2,County Highway Agency,4,County,CR-521 HOPE BLAIRSTOWN RD,,23,23,40.93607500,40.93607500,-74.972075000,-74.97207500,0,No Special Jurisdiction,52,Guardrail End,0,The First Harmful Event was Not a Collision with a Motor Vehicle in Transport,0,No,1,Non-Junction,1,Not an Intersection,0,None,,,4,On Roadside,2,Dark - Not Lighted,,,,,1,Clear,0,No,0000000,Not Applicable,14,2:00pm-2:59pm,28,28,14,2:00pm-2:59pm,43,43,88,"Not Applicable (Not Transported) ",88,Not Applicable (Not Transported),,,,,,,1,
2023,34,340161,New Jersey,2,1,1,0,1,1,2,23,MIDDLESEX (23),3705,WOODBRIDGE,1,1,5,May,2023,2,Monday,12,12:00pm-12:59pm,24,24,1,This Section IS ON the NHS,2,Urban,2,Other Freeways and Expressways,1,State Highway Agency,3,State Highway,SR-440,,14,14,40.52325556,40.52325556,-74.311522220,-74.31152222,0,No Special Jurisdiction,14,Parked Motor Vehicle,0,The First Harmful Event was Not a Collision with a Motor Vehicle in Transport,0,No,1,Non-Junction,1,Not an Intersection,0,None,,,2,On Shoulder,1,Daylight,,,,,1,Clear,0,No,0000000,Not Applicable,12,12:00pm-12:59pm,23,23,12,12:00pm-12:59pm,36,36,88,"Not Applicable (Not Transported) ",88,Not Applicable (Not Transported),,,,,,,1,
2023,34,340162,New Jersey,2,2,0,0,0,3,3,27,MORRIS (27),2120,NETCONG,5,5,5,May,2023,6,Friday,22,10:00pm-10:59pm,32,32,1,This Section IS ON the NHS,2,Urban,1,Interstate,1,State Highway Agency,1,Interstate,I-80,,263,263,40.89319444,40.89319444,-74.714116670,-74.71411667,0,No Special Jurisdiction,12,Motor Vehicle In-Transport,1,Front-to-Rear,0,No,1,Non-Junction,1,Not an Intersection,1,Construction,,,1,On Roadway,2,Dark - Not Lighted,,,,,1,Clear,0,No,0000000,Not Applicable,22,10:00pm-10:59pm,38,38,22,10:00pm-10:59pm,53,53,23,11:00pm-11:59pm,45,45,,,,,,,1,
2023,34,340163,New Jersey,2,2,0,0,0,4,4,1,ATLANTIC (1),470,BUENA,24,24,6,June,2023,7,Saturday,0,0:00am-0:59am,54,54,1,This Section IS ON the NHS,2,Urban,3,Other Principal Arterial,1,State Highway Agency,2,U.S. Highway,US-40,SR-54,351,351,39.51366111,39.51366111,-74.925077780,-74.92507778,0,No Special Jurisdiction,12,Motor Vehicle In-Transport,6,Angle,0,No,2,Intersection,2,Four-Way Intersection,0,None,,,1,On Roadway,3,Dark - Lighted,,,,,2,Rain,0,No,0000000,Not Applicable,0,0:00am-0:59am,56,56,1,1:00am-1:59am,4,4,2,2:00am-2:59am,7,7,,,,,,,1,
2023,34,340164,New Jersey,3,2,1,0,0,2,2,21,MERCER (21),3380,TRENTON,6,6,5,May,2023,7,Saturday,10,10:00am-10:59am,8,8,1,This Section IS ON the NHS,2,Urban,3,Other Principal Arterial,1,State Highway Agency,2,U.S. Highway,US-206 MARTIN LUTHER KING BLVD,CAVELL ST,99998,Not Reported,40.22733333,40.22733333,-74.764233330,-74.76423333,0,No Special Jurisdiction,12,Motor Vehicle In-Transport,1,Front-to-Rear,0,No,2,Intersection,2,Four-Way Intersection,0,None,,,1,On Roadway,1,Daylight,,,,,1,Clear,0,No,0000000,Not Applicable,10,10:00am-10:59am,11,11,10,10:00am-10:59am,12,12,10,10:00am-10:59am,25,25,,,,,,,1,
2023,34,340165,New Jersey,4,4,0,0,0,6,6,17,HUDSON (17),1520,JERSEY CITY,28,28,5,May,2023,1,Sunday,12,12:00pm-12:59pm,27,27,0,This Section IS NOT on the NHS,2,Urban,4,Minor Arterial,4,City or Municipal Highway Agency,0,Not Signed,GARFIELD AVE,,34,34,40.69303611,40.69303611,-74.089997220,-74.08999722,0,No Special Jurisdiction,12,Motor Vehicle In-Transport,98,Not Reported,0,No,1,Non-Junction,1,Not an Intersection,0,None,,,1,On Roadway,1,Daylight,,,,,1,Clear,0,No,0000000,Not Applicable,11,11:00am-11:59am,58,58,12,12:00pm-12:59pm,4,4,12,12:00pm-12:59pm,18,18,,,,,,,1,
2023,34,340166,New Jersey,1,1,0,1,1,1,1,39,UNION (39),2730,RAHWAY,1,1,4,April,2023,7,Saturday,19,7:00pm-7:59pm,7,7,0,This Section IS NOT on the NHS,2,Urban,4,Minor Arterial,2,County Highway Agency,4,County,CR-613 WEST GRAND AVE,,99998,Not Reported,40.61473889,40.61473889,-74.281052780,-74.28105278,0,No Special Jurisdiction,8,Pedestrian,0,The First Harmful Event was Not a Collision with a Motor Vehicle in Transport,0,No,1,Non-Junction,1,Not an Intersection,0,None,,,1,On Roadway,5,Dusk,,,,,2,Rain,0,No,0000000,Not Applicable,19,7:00pm-7:59pm,10,10,19,7:00pm-7:59pm,14,14,19,7:00pm-7:59pm,23,23,,,,,,,1,
2023,34,340167,New Jersey,1,1,0,0,0,3,3,5,BURLINGTON (5),2081,MT LAUREL,19,19,6,June,2023,2,Monday,21,9:00pm-9:59pm,6,6,1,This Section IS ON the NHS,2,Urban,1,Interstate,1,State Highway Agency,1,Interstate,I-295,,372,372,39.93785833,39.93785833,-74.959283330,-74.95928333,0,No Special Jurisdiction,42,Tree (Standing Only),0,The First Harmful Event was Not a Collision with a Motor Vehicle in Transport,0,No,1,Non-Junction,1,Not an Intersection,0,None,,,4,On Roadside,2,Dark - Not Lighted,,,,,1,Clear,0,No,0000000,Not Applicable,21,9:00pm-9:59pm,6,6,21,9:00pm-9:59pm,15,15,21,9:00pm-9:59pm,55,55,,,,,,,1,
2023,34,340168,New Jersey,2,2,0,0,0,2,2,5,BURLINGTON (5),0,NOT APPLICABLE,20,20,6,June,2023,3,Tuesday,16,4:00pm-4:59pm,54,54,1,This Section IS ON the NHS,1,Rural,3,Other Principal Arterial,1,State Highway Agency,2,U.S. Highway,US-206,CR-670,282,282,40.03915000,40.03915000,-74.728161110,-74.72816111,0,No Special Jurisdiction,12,Motor Vehicle In-Transport,6,Angle,0,No,2,Intersection,2,Four-Way Intersection,0,None,,,1,On Roadway,1,Daylight,,,,,1,Clear,0,No,0000000,Not Applicable,16,4:00pm-4:59pm,54,54,17,5:00pm-5:59pm,1,1,88,"Not Applicable (Not Transported) ",88,Not Applicable (Not Transported),,,,,,,1,
2023,34,340169,New Jersey,1,1,0,0,0,1,1,29,OCEAN (29),3360,TOMS RIVER,9,9,6,June,2023,6,Friday,13,1:00pm-1:59pm,18,18,1,This Section IS ON the NHS,2,Urban,2,Other Freeways and Expressways,31,State Toll Road,95,Other,444-GARDEN STATE PARKWAY,,828,828,39.97058889,39.97058889,-74.209258330,-74.20925833,0,No Special Jurisdiction,42,Tree (Standing Only),0,The First Harmful Event was Not a Collision with a Motor Vehicle in Transport,0,No,1,Non-Junction,1,Not an Intersection,0,None,,,4,On Roadside,1,Daylight,,,,,1,Clear,0,No,0000000,Not Applicable,13,1:00pm-1:59pm,20,20,13,1:00pm-1:59pm,25,25,88,"Not Applicable (Not Transported) ",88,Not Applicable (Not Transported),,,,,,,1,
2023,34,340170,New Jersey,1,1,0,0,0,1,1,39,UNION (39),3290,SUMMIT,13,13,6,June,2023,3,Tuesday,12,12:00pm-12:59pm,18,18,0,This Section IS NOT on the NHS,2,Urban,4,Minor Arterial,2,County Highway Agency,4,County,CR-636 ORCHARD ST,,99998,Not Reported,40.71228611,40.71228611,-74.339002780,-74.33900278,0,No Special Jurisdiction,33,Curb,0,The First Harmful Event was Not a Collision with a Motor Vehicle in Transport,0,No,1,Non-Junction,1,Not an Intersection,0,None,,,4,On Roadside,1,Daylight,,,,,1,Clear,0,No,0000000,Not Applicable,12,12:00pm-12:59pm,18,18,12,12:00pm-12:59pm,26,26,88,"Not Applicable (Not Transported) ",88,Not Applicable (Not Transported),,,,,,,1,
2023,34,340171,New Jersey,1,1,0,0,0,1,1,27,MORRIS (27),2745,RANDOLPH,18,18,6,June,2023,1,Sunday,17,5:00pm-5:59pm,46,46,0,This Section IS NOT on the NHS,2,Urban,7,Local,4,City or Municipal Highway Agency,0,Not Signed,SOUTH RD,,99998,Not Reported,40.82271667,40.82271667,-74.616822220,-74.61682222,0,No Special Jurisdiction,42,Tree (Standing Only),0,The First Harmful Event was Not a Collision with a Motor Vehicle in Transport,0,No,1,Non-Junction,1,Not an Intersection,0,None,,,4,On Roadside,1,Daylight,,,,,10,Cloudy,0,No,0000000,Not Applicable,17,5:00pm-5:59pm,49,49,18,6:00pm-6:59pm,2,2,18,6:00pm-6:59pm,30,30,,,,,,,1,