caseyear,state,st_case,statename,ve_total,ve_forms,pvh_invl,peds,pernotmvit,permvit,persons,county,countyname,city,cityname,day,dayname,month,monthname,year,day_week,day_weekname,hour,hourname,minute,minutename,nhs,nhsname,rur_urb,rur_urbname,func_sys,func_sysname,rd_owner,rd_ownername,route,routename,tway_id,tway_id2,milept,mileptname,latitude,latitudename,longitud,longitudname,sp_jur,sp_jurname,harm_ev,harm_evname,man_coll,man_collname,reljct1,reljct1name,reljct2,reljct2name,typ_int,typ_intname,wrk_zone,wrk_zonename,road_fnc,road_fncname,rel_road,rel_roadname,lgt_cond,lgt_condname,weather1,weather1name,weather2,weather2name,weather,weathername,sch_bus,sch_busname,rail,railname,not_hour,not_hourname,not_min,not_minname,arr_hour,arr_hourname,arr_min,arr_minname,hosp_hr,hosp_hrname,hosp_mn,hosp_mnname,cf1,cf1name,cf2,cf2name,cf3,cf3name,fatals,drunk_dr
2023,34,340210,New Jersey,2,2,0,0,0,3,3,41,WARREN (41),3510,WASHINGTON,10,10,7,July,2023,2,Monday,8,8:00am-8:59am,41,41,0,This Section IS NOT on the NHS,2,Urban,5,Major Collector,2,County Highway Agency,4,County,CR-623 BRASS CASTLE RD,,13,13,40.76651111,40.76651111,-75.016636110,-75.01663611,0,No Special Jurisdiction,12,Motor Vehicle In-Transport,2,Front-to-Front,0,No,1,Non-Junction,1,Not an Intersection,0,None,,,1,On Roadway,1,Daylight,,,,,1,Clear,0,No,0000000,Not Applicable,8,8:00am-8:59am,44,44,8,8:00am-8:59am,56,56,9,9:00am-9:59am,35,35,,,,,,,1,
2023,34,340211,New Jersey,1,1,0,1,1,1,1,39,UNION (39),2910,ROSELLE PARK,5,5,7,July,2023,4,Wednesday,17,5:00pm-5:59pm,8,8,1,This Section IS ON the NHS,2,Urban,3,Other Principal Arterial,1,State Highway Agency,3,State Highway,SR-28 EAST WESTFIELD AVE,LINDEN RD,251,251,40.66356667,40.66356667,-74.249561110,-74.24956111,0,No Special Jurisdiction,8,Pedestrian,0,The First Harmful Event was Not a Collision with a Motor Vehicle in Transport,0,No,3,Intersection-Related,3,T-Intersection,0,None,,,1,On Roadway,1,Daylight,,,,,1,Clear,0,No,0000000,Not Applicable,17,5:00pm-5:59pm,10,10,17,5:00pm-5:59pm,16,16,17,5:00pm-5:59pm,38,38,,,,,,,1,
2023,34,340212,New Jersey,1,1,0,0,0,1,1,5,BURLINGTON (5),2081,MT LAUREL,11,11,8,August,2023,6,Friday,6,6:00am-6:59am,49,49,1,This Section IS ON the NHS,2,Urban,2,Other Freeways and Expressways,31,State Toll Road,95,Other,700-NJ TURNPIKE,,390,390,39.98276944,39.98276944,-74.887077780,-74.88707778,0,No Special Jurisdiction,34,Ditch,0,The First Harmful Event was Not a Collision with a Motor Vehicle in Transport,0,No,1,Non-Junction,1,Not an Intersection,0,None,,,4,On Roadside,1,Daylight,,,,,1,Clear,0,No,0000000,Not Applicable,6,6:00am-6:59am,51,51,99,Unknown EMS Scene Arrival Hour,99,Unknown EMS Scene Arrival Minutes,88,"Not Applicable (Not Transported) ",88,Not Applicable (Not Transported),,,,,,,1,
2023,34,340213,New Jersey,1,1,0,0,0,1,1,11,CUMBERLAND (11),1845,MAURICETOWN,7,7,8,August,2023,2,Monday,7,7:00am-7:59am,42,42,1,This Section IS ON the NHS,1,Rural,2,Other Freeways and Expressways,1,State Highway Agency,3,State Highway,SR-55,,214,214,39.34811111,39.34811111,-74.998250000,-74.99825000,0,No Special Jurisdiction,42,Tree (Standing Only),0,The First Harmful Event was Not a Collision with a Motor Vehicle in Transport,0,No,1,Non-Junction,1,Not an Intersection,0,None,,,4,On Roadside,1,Daylight,,,,,2,Rain,0,No,0000000,Not Applicable,7,7:00am-7:59am,45,45,7,7:00am-7:59am,54,54,88,"Not Applicable (Not Transported) ",88,Not Applicable (Not Transported),,,,,,,1,
2023,34,340214,New Jersey,2,2,0,0,0,3,3,17,HUDSON (17),3040,SECAUCUS,16,16,8,August,2023,4,Wednesday,12,12:00pm-12:59pm,22,22,1,This Section IS ON the NHS,2,Urban,4,Minor Arterial,2,County Highway Agency,4,County,CR-653 COUNTY AVE,CHARLES ST,17,17,40.77237500,40.77237500,-74.064938890,-74.06493889,0,No Special Jurisdiction,12,Motor Vehicle In-Transport,6,Angle,0,No,2,Intersection,3,T-Intersection,0,None,,,1,On Roadway,1,Daylight,,,,,10,Cloudy,0,No,0000000,Not Applicable,12,12:00pm-12:59pm,25,25,12,12:00pm-12:59pm,27,27,12,12:00pm-12:59pm,53,53,,,,,,,1,
2023,34,340215,New Jersey,2,2,0,0,0,3,3,23,MIDDLESEX (23),3705,WOODBRIDGE,19,19,8,August,2023,7,Saturday,17,5:00pm-5:59pm,46,46,1,This Section IS ON the NHS,2,Urban,4,Minor Arterial,2,County Highway Agency,4,County,CR-657," ",99998,Not Reported,40.56765833,40.56765833,-74.328294440,-74.32829444,0,No Special Jurisdiction,33,Curb,0,The First Harmful Event was Not a Collision with a Motor Vehicle in Transport,0,No,1,Non-Junction,1,Not an Intersection,0,None,,,4,On Roadside,1,Daylight,,,,,1,Clear,0,No,0000000,Not Applicable,17,5:00pm-5:59pm,47,47,17,5:00pm-5:59pm,51,51,18,6:00pm-6:59pm,29,29,,,,,,,1,
2023,34,340216,New Jersey,1,1,0,1,1,1,1,23,MIDDLESEX (23),2417,OLD BRIDGE,12,12,2,February,2023,1,Sunday,21,9:00pm-9:59pm,31,31,1,This Section IS ON the NHS,2,Urban,3,Other Principal Arterial,1,State Highway Agency,2,U.S. Highway,US-9,,1250,1250,40.41054722,40.41054722,-74.305708330,-74.30570833,0,No Special Jurisdiction,8,Pedestrian,0,The First Harmful Event was Not a Collision with a Motor Vehicle in Transport,0,No,1,Non-Junction,1,Not an Intersection,0,None,,,1,On Roadway,6,Dark - Unknown Lighting,,,,,2,Rain,0,No,0000000,Not Applicable,99,Unknown,99,Unknown,99,Unknown EMS Scene Arrival Hour,99,Unknown EMS Scene Arrival Minutes,88,"Not Applicable (Not Transported) ",88,Not Applicable (Not Transported),,,,,,,1,
2023,34,340217,New Jersey,1,1,0,1,1,1,1,25,MONMOUTH (25),1090,FREEHOLD,9,9,1,January,2023,2,Monday,7,7:00am-7:59am,7,7,1,This Section IS ON the NHS,2,Urban,3,Other Principal Arterial,1,State Highway Agency,2,U.S. Highway,US-9,SCHIBANOFF LANE,1154,1154,40.27424167,40.27424167,-74.294258330,-74.29425833,0,No Special Jurisdiction,8,Pedestrian,0,The First Harmful Event was Not a Collision with a Motor Vehicle in Transport,0,No,3,Intersection-Related,2,Four-Way Intersection,0,None,,,1,On Roadway,4,Dawn,,,,,10,Cloudy,0,No,0000000,Not Applicable,7,7:00am-7:59am,10,10,7,7:00am-7:59am,15,15,7,7:00am-7:59am,48,48,,,,,,,1,
2023,34,340218,New Jersey,1,1,0,0,0,4,4,29,OCEAN (29),145,BARNEGAT,2,2,2,February,2023,5,Thursday,19,7:00pm-7:59pm,57,57,0,This Section IS NOT on the NHS,1,Rural,5,Major Collector,2,County Highway Agency,4,County,CR-539 WHITING RD,,155,155,39.82064167,39.82064167,-74.377694440,-74.37769444,0,No Special Jurisdiction,42,Tree (Standing Only),0,The First Harmful Event was Not a Collision with a Motor Vehicle in Transport,0,No,1,Non-Junction,1,Not an Intersection,0,None,,,4,On Roadside,2,Dark - Not Lighted,,,,,1,Clear,0,No,0000000,Not Applicable,20,8:00pm-8:59pm,9,9,20,8:00pm-8:59pm,50,50,21,9:00pm-9:59pm,18,18,,,,,,,1,
2023,34,340219,New Jersey,2,2,0,0,0,3,3,1,ATLANTIC (1),0,NOT APPLICABLE,30,30,6,June,2023,6,Friday,22,10:00pm-10:59pm,11,11,0,This Section IS NOT on the NHS,1,Rural,6,Minor Collector,2,County Highway Agency,4,County,CR-623,,63,63,39.58635556,39.58635556,-74.700775000,-74.70077500,0,No Special Jurisdiction,12,Motor Vehicle In-Transport,98,Not Reported,0,No,8,Driveway Access Related,1,Not an Intersection,0,None,,,1,On Roadway,2,Dark - Not Lighted,,,,,1,Clear,0,No,0000000,Not Applicable,22,10:00pm-10:59pm,14,14,22,10:00pm-10:59pm,18,18,99,Unknown,99,Unknown EMS Hospital Arrival Time,,,,,,,1,
2023,34,340220,New Jersey,1,1,0,1,1,1,1,25,MONMOUTH (25),2109,NEPTUNE CITY,24,24,1,January,2023,3,Tuesday,21,9:00pm-9:59pm,54,54,1,This Section IS ON the NHS,2,Urban,3,Other Principal Arterial,1,State Highway Agency,3,State Highway,SR-66,NEPTUNE BLVD,33,33,40.22716667,40.22716667,-74.043572220,-74.04357222,0,No Special Jurisdiction,9,Pedalcyclist,0,The First Harmful Event was Not a Collision with a Motor Vehicle in Transport,0,No,2,Intersection,2,Four-Way Intersection,0,None,,,1,On Roadway,3,Dark - Lighted,,,,,1,Clear,0,No,0000000,Not Applicable,21,9:00pm-9:59pm,58,58,22,10:00pm-10:59pm,8,8,22,10:00pm-10:59pm,20,20,,,,,,,1,
2023,34,340221,New Jersey,1,1,0,1,1,1,1,1,ATLANTIC (1),90,ATLANTIC CITY,20,20,7,July,2023,5,Thursday,9,9:00am-9:59am,47,47,0,This Section IS NOT on the NHS,2,Urban,7,Local,4,City or Municipal Highway Agency,0,Not Signed,MONTPELIER AVE,ARCTIC AVE,99998,Not Reported,39.35484167,39.35484167,-74.450994440,-74.45099444,0,No Special Jurisdiction,9,Pedalcyclist,0,The First Harmful Event was Not a Collision with a Motor Vehicle in Transport,0,No,2,Intersection,2,Four-Way Intersection,0,None,,,1,On Roadway,1,Daylight,,,,,1,Clear,0,No,0000000,Not Applicable,9,9:00am-9:59am,49,49,9,9:00am-9:59am,51,51,10,10:00am-10:59am,19,19,,,,,,,1,
2023,34,340222,New Jersey,1,1,0,1,1,1,1,25,MONMOUTH (25),1090,FREEHOLD,30,30,1,January,2023,2,Monday,18,6:00pm-6:59pm,49,49,1,This Section IS ON the NHS,2,Urban,3,Other Principal Arterial,1,State Highway Agency,2,U.S. Highway,US-9,,99998,Not Reported,40.26259167,40.26259167,-74.292816670,-74.29281667,0,No Special Jurisdiction,8,Pedestrian,0,The First Harmful Event was Not a Collision with a Motor Vehicle in Transport,0,No,1,Non-Junction,1,Not an Intersection,0,None,,,1,On Roadway,3,Dark - Lighted,,,,,1,Clear,0,No,0000000,Not Applicable,18,6:00pm-6:59pm,53,53,19,7:00pm-7:59pm,6,6,88,"Not Applicable (Not Transported) ",88,Not Applicable (Not Transported),,,,,,,1,
2023,34,340223,New Jersey,1,1,0,0,0,1,1,23,MIDDLESEX (23),2417,OLD BRIDGE,17,17,2,February,2023,6,Friday,17,5:00pm-5:59pm,56,56,0,This Section IS NOT on the NHS,2,Urban,6,Minor Collector,4,City or Municipal Highway Agency,0,Not Signed,WEST GREYSTONE RD,,99998,Not Reported,40.38293333,40.38293333,-74.362205560,-74.36220556,0,No Special Jurisdiction,42,Tree (Standing Only),0,The First Harmful Event was Not a Collision with a Motor Vehicle in Transport,0,No,1,Non-Junction,1,Not an Intersection,0,None,,,4,On Roadside,2,Dark - Not Lighted,,,,,10,Cloudy,0,No,0000000,Not Applicable,18,6:00pm-6:59pm,3,3,18,6:00pm-6:59pm,10,10,88,"Not Applicable (Not Transported) ",88,Not Applicable (Not Transported),,,,,,,1,
2023,34,340224,New Jersey,2,2,0,0,0,4,4,23,MIDDLESEX (23),3144,SOUTH BRUNSWICK,25,25,2,February,2023,7,Saturday,22,10:00pm-10:59pm,0,0,1,This Section IS ON the NHS,2,Urban,3,Other Principal Arterial,1,State Highway Agency,2,U.S. Highway,US-130,SR-32 FRIENDSHIP RD,745,745,40.35100278,40.35100278,-74.496602780,-74.49660278,0,No Special Jurisdiction,12,Motor Vehicle In-Transport,6,Angle,0,No,2,Intersection,2,Four-Way Intersection,0,None,,,1,On Roadway,6,Dark - Unknown Lighting,,,,,10,Cloudy,0,No,0000000,Not Applicable,21,9:00pm-9:59pm,4,4,21,9:00pm-9:59pm,14,14,88,"Not Applicable (Not Transported) ",88,Not Applicable (Not Transported),,,,,,,1,
2023,34,340225,New Jersey,2,2,0,0,0,2,2,23,MIDDLESEX (23),2582,PISCATAWAY,16,16,2,February,2023,5,Thursday,0,0:00am-0:59am,58,58,1,This Section IS ON the NHS,2,Urban,2,Other Freeways and Expressways,1,State Highway Agency,3,State Highway,SR-18,,436,436,40.50895278,40.50895278,-74.459041670,-74.45904167,0,No Special Jurisdiction,12,Motor Vehicle In-Transport,2,Front-to-Front,0,No,1,Non-Junction,1,Not an Intersection,0,None,,,1,On Roadway,3,Dark - Lighted,,,,,1,Clear,0,No,0000000,Not Applicable,1,1:00am-1:59am,3,3,1,1:00am-1:59am,6,6,1,1:00am-1:59am,46,46,,,,,,,1,
2023,34,340226,New Jersey,1,1,0,0,0,2,2,29,OCEAN (29),0,NOT APPLICABLE,15,15,7,July,2023,7,Saturday,18,6:00pm-6:59pm,27,27,1,This Section IS ON the NHS,2,Urban,2,Other Freeways and Expressways,31,State Toll Road,0,Not Signed,444-GARDEN STATE PARKWAY,,644,644,39.71582778,39.71582778,-74.276955560,-74.27695556,0,No Special Jurisdiction,24,Guardrail Face,0,The First Harmful Event was Not a Collision with a Motor Vehicle in Transport,0,No,1,Non-Junction,1,Not an Intersection,0,None,,,3,On Median,5,Dusk,,,,,1,Clear,0,No,0000000,Not Applicable,18,6:00pm-6:59pm,36,36,18,6:00pm-6:59pm,42,42,99,Unknown,99,Unknown EMS Hospital Arrival Time,,,,,,,1,
2023,34,340227,New Jersey,2,2,0,0,0,3,3,29,OCEAN (29),416,BRICK TOWN,9,9,5,May,2023,3,Tuesday,23,11:00pm-11:59pm,6,6,1,This Section IS ON the NHS,2,Urban,3,Other Principal Arterial,2,County Highway Agency,4,County,CR-632 BURNT TAVERN RD,,4,4,40.09463889,40.09463889,-74.131775000,-74.13177500,0,No Special Jurisdiction,12,Motor Vehicle In-Transport,2,Front-to-Front,0,No,1,Non-Junction,1,Not an Intersection,0,None,,,1,On Roadway,3,Dark - Lighted,,,,,1,Clear,0,No,0000000,Not Applicable,23,11:00pm-11:59pm,8,8,23,11:00pm-11:59pm,18,18,23,11:00pm-11:59pm,56,56,,,,,,,2,
2023,34,340228,New Jersey,3,3,0,0,0,3,3,15,GLOUCESTER (15),0,NOT APPLICABLE,27,27,7,July,2023,5,Thursday,22,10:00pm-10:59pm,32,32,0,This Section IS NOT on the NHS,2,Urban,4,Minor Arterial,2,County Highway Agency,4,County,CR-630 EGG HARBOR RD,CR-639 GANTTOWN RD,7,7,39.74269722,39.74269722,-75.069911110,-75.06991111,0,No Special Jurisdiction,12,Motor Vehicle In-Transport,6,Angle,0,No,2,Intersection,2,Four-Way Intersection,0,None,,,1,On Roadway,3,Dark - Lighted,,,,,1,Clear,0,No,0000000,Not Applicable,22,10:00pm-10:59pm,35,35,22,10:00pm-10:59pm,40,40,23,11:00pm-11:59pm,9,9,,,,,,,1,
2023,34,340229,New Jersey,2,2,0,0,0,2,2,29,OCEAN (29),0,NOT APPLICABLE,30,30,1,January,2023,2,Monday,17,5:00pm-5:59pm,59,59,1,This Section IS ON the NHS,2,Urban,3,Other Principal Arterial,1,State Highway Agency,2,U.S. Highway,US-9,,823,823,39.84746389,39.84746389,-74.185661110,-74.18566111,0,No Special Jurisdiction,12,Motor Vehicle In-Transport,6,Angle,0,No,8,Driveway Access Related,1,Not an Intersection,0,None,,,1,On Roadway,3,Dark - Lighted,,,,,1,Clear,0,No,0000000,Not Applicable,99,Unknown,99,Unknown,99,Unknown EMS Scene Arrival Hour,99,Unknown EMS Scene Arrival Minutes,99,Unknown,99,Unknown EMS Hospital Arrival Time,,,,,,,1,
2023,34,340230,New Jersey,1,1,0,0,0,2,2,25,MONMOUTH (25),1832,MARLBORO,17,17,3,March,2023,6,Friday,12,12:00pm-12:59pm,16,16,0,This Section IS NOT on the NHS,2,Urban,5,Major Collector,4,City or Municipal Highway Agency,0,Not Signed,RYAN RD,SR-79,99998,Not Reported,40.30319167,40.30319167,-74.253563890,-74.25356389,0,No Special Jurisdiction,6,Injured In Vehicle (Non-Collision),0,The First Harmful Event was Not a Collision with a Motor Vehicle in Transport,0,No,3,Intersection-Related,2,Four-Way Intersection,0,None,,,1,On Roadway,1,Daylight,,,,,1,Clear,0,No,0000000,Not Applicable,99,Unknown,99,Unknown,99,Unknown EMS Scene Arrival Hour,99,Unknown EMS Scene Arrival Minutes,99,Unknown,99,Unknown EMS Hospital Arrival Time,,,,,,,1,
2023,34,340231,New Jersey,1,1,0,1,1,2,2,17,HUDSON (17),1310,HARRISON,27,27,8,August,2023,1,Sunday,9,9:00am-9:59am,27,27,1,This Section IS ON the NHS,2,Urban,1,Interstate,1,State Highway Agency,1,Interstate,I-280 RAMP,,99998,Not Reported,40.74575833,40.74575833,-74.160666670,-74.16066667,0,No Special Jurisdiction,9,Pedalcyclist,0,The First Harmful Event was Not a Collision with a Motor Vehicle in Transport,1,Yes,20,Entrance/Exit Ramp,1,Not an Intersection,0,None,,,1,On Roadway,1,Daylight,,,,,1,Clear,0,No,0000000,Not Applicable,9,9:00am-9:59am,26,26,9,9:00am-9:59am,29,29,88,"Not Applicable (Not Transported) ",88,Not Applicable (Not Transported),,,,,,,1,
2023,34,340232,New Jersey,1,1,0,0,0,2,2,11,CUMBERLAND (11),0,NOT APPLICABLE,10,10,8,August,2023,5,Thursday,23,11:00pm-11:59pm,33,33,0,This Section IS NOT on the NHS,2,Urban,4,Minor Arterial,2,County Highway Agency,4,County,CR-553 BRIDGETON FAIRTON RD,,160,160,39.38385278,39.38385278,-75.221827780,-75.22182778,0,No Special Jurisdiction,33,Curb,0,The First Harmful Event was Not a Collision with a Motor Vehicle in Transport,0,No,1,Non-Junction,1,Not an Intersection,0,None,,,4,On Roadside,6,Dark - Unknown Lighting,,,,,5,"Fog, Smog, Smoke",0,No,0000000,Not Applicable,23,11:00pm-11:59pm,35,35,23,11:00pm-11:59pm,41,41,0,0:00am-0:59am,47,47,,,,,,,1,
2023,34,340233,New Jersey,1,1,0,1,1,1,1,1,ATLANTIC (1),1264,HAMILTON,15,15,8,August,2023,3,Tuesday,1,1:00am-1:59am,18,18,0,This Section IS NOT on the NHS,1,Rural,4,Minor Arterial,1,State Highway Agency,3,State Highway,SR-50,,240,240,39.50894722,39.50894722,-74.674325000,-74.67432500,0,No Special Jurisdiction,8,Pedestrian,0,The First Harmful Event was Not a Collision with a Motor Vehicle in Transport,0,No,1,Non-Junction,1,Not an Intersection,0,None,,,1,On Roadway,2,Dark - Not Lighted,,,,,1,Clear,0,No,0000000,Not Applicable,1,1:00am-1:59am,22,22,1,1:00am-1:59am,28,28,2,2:00am-2:59am,20,20,,,,,,,1,
2023,34,340234,New Jersey,1,1,0,0,0,2,2,1,ATLANTIC (1),1264,HAMILTON,9,9,8,August,2023,4,Wednesday,22,10:00pm-10:59pm,26,26,1,This Section IS ON the NHS,1,Rural,2,Other Freeways and Expressways,31,State Toll Road,95,Other,446-ATLANTIC CITY EXPRESSWAY,,234,234,39.57252222,39.57252222,-74.766944440,-74.76694444,0,No Special Jurisdiction,42,Tree (Standing Only),0,The First Harmful Event was Not a Collision with a Motor Vehicle in Transport,0,No,1,Non-Junction,1,Not an Intersection,0,None,,,4,On Roadside,2,Dark - Not Lighted,,,,,1,Clear,0,No,0000000,Not Applicable,22,10:00pm-10:59pm,32,32,22,10:00pm-10:59pm,48,48,88,"Not Applicable (Not Transported) ",88,Not Applicable (Not Transported),,,,,,,2,
2023,34,340235,New Jersey,5,2,3,0,0,3,3,17,HUDSON (17),1520,JERSEY CITY,13,13,8,August,2023,1,Sunday,20,8:00pm-8:59pm,38,38,1,This Section IS ON the NHS,2,Urban,3,Other Principal Arterial,2,County Highway Agency,4,County,CR-501 JOHN F KENNEDY BLVD,DEKALB AVE,301,301,40.72881111,40.72881111,-74.069852780,-74.06985278,0,No Special Jurisdiction,12,Motor Vehicle In-Transport,6,Angle,0,No,2,Intersection,2,Four-Way Intersection,0,None,,,1,On Roadway,3,Dark - Lighted,,,,,1,Clear,0,No,0000000,Not Applicable,20,8:00pm-8:59pm,41,41,20,8:00pm-8:59pm,46,46,88,"Not Applicable (Not Transported) ",88,Not Applicable (Not Transported),,,,,,,1,
2023,34,340236,New Jersey,1,1,0,1,1,1,1,23,MIDDLESEX (23),3705,WOODBRIDGE,31,31,8,August,2023,5,Thursday,17,5:00pm-5:59pm,39,39,0,This Section IS NOT on the NHS,2,Urban,4,Minor Arterial,2,County Highway Agency,4,County,CR-646 WOODBRIDGE CENTER DR,,99998,Not Reported,40.54853333,40.54853333,-74.297938890,-74.29793889,0,No Special Jurisdiction,8,Pedestrian,0,The First Harmful Event was Not a Collision with a Motor Vehicle in Transport,0,No,1,Non-Junction,1,Not an Intersection,0,None,,,1,On Roadway,1,Daylight,,,,,1,Clear,0,No,0000000,Not Applicable,17,5:00pm-5:59pm,42,42,17,5:00pm-5:59pm,49,49,18,6:00pm-6:59pm,14,14,,,,,,,1,
2023,34,340237,New Jersey,2,2,0,0,0,2,2,5,BURLINGTON (5),1880,MEDFORD,22,22,8,August,2023,3,Tuesday,9,9:00am-9:59am,30,30,1,This Section IS ON the NHS,2,Urban,3,Other Principal Arterial,1,State Highway Agency,3,State Highway,SR-70,MEDFORD-MT HOLLY RD,139,139,39.90466944,39.90466944,-74.824469440,-74.82446944,0,No Special Jurisdiction,12,Motor Vehicle In-Transport,6,Angle,0,No,2,Intersection,2,Four-Way Intersection,0,None,,,1,On Roadway,1,Daylight,,,,,1,Clear,0,No,0000000,Not Applicable,9,9:00am-9:59am,39,39,9,9:00am-9:59am,39,39,10,10:00am-10:59am,21,21,,,,,,,1,
2023,34,340238,New Jersey,1,1,0,1,1,1,1,5,BURLINGTON (5),1774,LUMBERTON,22,22,8,August,2023,3,Tuesday,18,6:00pm-6:59pm,38,38,1,This Section IS ON the NHS,2,Urban,3,Other Principal Arterial,1,State Highway Agency,3,State Highway,SR-38,MT HOLLY BYPASS,152,152,39.98218333,39.98218333,-74.804825000,-74.80482500,0,No Special Jurisdiction,9,Pedalcyclist,0,The First Harmful Event was Not a Collision with a Motor Vehicle in Transport,0,No,3,Intersection-Related,2,Four-Way Intersection,0,None,,,1,On Roadway,1,Daylight,,,,,1,Clear,0,No,0000000,Not Applicable,18,6:00pm-6:59pm,38,38,18,6:00pm-6:59pm,41,41,19,7:00pm-7:59pm,9,9,,,,,,,1,
2023,34,340239,New Jersey,2,1,1,0,1,1,2,19,HUNTERDON (19),670,CLINTON,19,19,8,August,2023,7,Saturday,4,4:00am-4:59am,37,37,1,This Section IS ON the NHS,2,Urban,1,Interstate,1,State Highway Agency,1,Interstate,I-78,,174,174,40.63810556,40.63810556,-74.897863890,-74.89786389,0,No Special Jurisdiction,14,Parked Motor Vehicle,0,The First Harmful Event was Not a Collision with a Motor Vehicle in Transport,0,No,1,Non-Junction,1,Not an Intersection,0,None,,,2,On Shoulder,3,Dark - Lighted,,,,,1,Clear,0,No,0000000,Not Applicable,4,4:00am-4:59am,36,36,4,4:00am-4:59am,43,43,88,"Not Applicable (Not Transported) ",88,Not Applicable (Not Transported),,,,,,,1,
2023,34,340240,New Jersey,1,1,0,0,0,1,1,29,OCEAN (29),1505,CASSVILLE,2,2,8,August,2023,4,Wednesday,10,10:00am-10:59am,38,38,0,This Section IS NOT on the NHS,2,Urban,5,Major Collector,2,County Highway Agency,4,County,CR-34 DONCONNOR BLVD,,99998,Not Reported,40.10321667,40.10321667,-74.343347220,-74.34334722,0,No Special Jurisdiction,42,Tree (Standing Only),0,The First Harmful Event was Not a Collision with a Motor Vehicle in Transport,0,No,1,Non-Junction,1,Not an Intersection,0,None,,,4,On Roadside,1,Daylight,,,,,1,Clear,0,No,0000000,Not Applicable,10,10:00am-10:59am,40,40,10,10:00am-10:59am,44,44,11,11:00am-11:59am,23,23,,,,,,,1,
2023,34,340241,New Jersey,2,2,0,0,0,2,2,13,ESSEX (13),2130,NEWARK,4,4,8,August,2023,6,Friday,22,10:00pm-10:59pm,53,53,0,This Section IS NOT on the NHS,2,Urban,5,Major Collector,4,City or Municipal Highway Agency,0,Not Signed,DR MARTIN LUTHER KING JR BLVD,EAGLES PARKWAY,4,4,40.73128333,40.73128333,-74.181705560,-74.18170556,0,No Special Jurisdiction,12,Motor Vehicle In-Transport,6,Angle,0,No,2,Intersection,3,T-Intersection,0,None,,,1,On Roadway,3,Dark - Lighted,,,,,1,Clear,0,No,0000000,Not Applicable,22,10:00pm-10:59pm,57,57,22,10:00pm-10:59pm,58,58,23,11:00pm-11:59pm,10,10,,,,,,,1,
2023,34,340242,New Jersey,1,1,0,1,1,1,1,1,ATLANTIC (1),90,ATLANTIC CITY,13,13,8,August,2023,1,Sunday,9,9:00am-9:59am,26,26,0,This Section IS NOT on the NHS,2,Urban,4,Minor Arterial,4,City or Municipal Highway Agency,0,Not Signed,PACIFIC AVE,COLUMBIA PL,99998,Not Reported,39.35625833,39.35625833,-74.437769440,-74.43776944,0,No Special Jurisdiction,8,Pedestrian,0,The First Harmful Event was Not a Collision with a Motor Vehicle in Transport,0,No,3,Intersection-Related,3,T-Intersection,0,None,,,1,On Roadway,1,Daylight,,,,,1,Clear,0,No,0000000,Not Applicable,9,9:00am-9:59am,29,29,9,9:00am-9:59am,29,29,9,9:00am-9:59am,35,35,,,,,,,1,
2023,34,340244,New Jersey,1,1,0,1,1,1,1,27,MORRIS (27),2030,MORRISTOWN,12,12,8,August,2023,7,Saturday,20,8:00pm-8:59pm,59,59,1,This Section IS ON the NHS,2,Urban,3,Other Principal Arterial,2,County Highway Agency,4,County,CR-510 LAFAYETTE AVE,LACKWANA PL,99998,Not Reported,40.79797778,40.79797778,-74.474436110,-74.47443611,0,No Special Jurisdiction,8,Pedestrian,0,The First Harmful Event was Not a Collision with a Motor Vehicle in Transport,0,No,3,Intersection-Related,3,T-Intersection,0,None,,,1,On Roadway,3,Dark - Lighted,,,,,1,Clear,0,No,0000000,Not Applicable,99,Unknown,99,Unknown,99,Unknown EMS Scene Arrival Hour,99,Unknown EMS Scene Arrival Minutes,99,Unknown,99,Unknown EMS Hospital Arrival Time,,,,,,,1,
2023,34,340245,New Jersey,1,1,0,0,0,1,1,17,HUDSON (17),3040,SECAUCUS,20,20,8,August,2023,1,Sunday,19,7:00pm-7:59pm,32,32,1,This Section IS ON the NHS,2,Urban,2,Other Freeways and Expressways,1,State Highway Agency,0,Not Signed,495 RAMP,,1124,1124,40.77996944,40.77996944,-74.057502780,-74.05750278,0,No Special Jurisdiction,25,Concrete Traffic Barrier,0,The First Harmful Event was Not a Collision with a Motor Vehicle in Transport,1,Yes,5,Entrance/Exit Ramp Related,1,Not an Intersection,0,None,,,10,Separator,1,Daylight,,,,,1,Clear,0,No,0000000,Not Applicable,19,7:00pm-7:59pm,27,27,19,7:00pm-7:59pm,32,32,88,"Not Applicable (Not Transported) ",88,Not Applicable (Not Transported),,,,,,,1,
2023,34,340246,New Jersey,1,1,0,0,0,1,1,7,CAMDEN (7),3694,WINSLOW,5,5,6,June,2023,2,Monday,20,8:00pm-8:59pm,51,51,0,This Section IS NOT on the NHS,2,Urban,4,Minor Arterial,2,County Highway Agency,4,County,CR-536 WILLIAMSTOWN RD,,44,44,39.74057500,39.74057500,-74.944325000,-74.94432500,0,No Special Jurisdiction,30,Utility Pole/Light Support,0,The First Harmful Event was Not a Collision with a Motor Vehicle in Transport,0,No,1,Non-Junction,1,Not an Intersection,0,None,,,4,On Roadside,2,Dark - Not Lighted,,,,,1,Clear,0,No,0000000,Not Applicable,20,8:00pm-8:59pm,55,55,20,8:00pm-8:59pm,59,59,21,9:00pm-9:59pm,31,31,,,,,,,1,