caseyear,state,st_case,statename,ve_total,ve_forms,pvh_invl,peds,pernotmvit,permvit,persons,county,countyname,city,cityname,day,dayname,month,monthname,year,day_week,day_weekname,hour,hourname,minute,minutename,nhs,nhsname,rur_urb,rur_urbname,func_sys,func_sysname,rd_owner,rd_ownername,route,routename,tway_id,tway_id2,milept,mileptname,latitude,latitudename,longitud,longitudname,sp_jur,sp_jurname,harm_ev,harm_evname,man_coll,man_collname,reljct1,reljct1name,reljct2,reljct2name,typ_int,typ_intname,wrk_zone,wrk_zonename,road_fnc,road_fncname,rel_road,rel_roadname,lgt_cond,lgt_condname,weather1,weather1name,weather2,weather2name,weather,weathername,sch_bus,sch_busname,rail,railname,not_hour,not_hourname,not_min,not_minname,arr_hour,arr_hourname,arr_min,arr_minname,hosp_hr,hosp_hrname,hosp_mn,hosp_mnname,cf1,cf1name,cf2,cf2name,cf3,cf3name,fatals,drunk_dr
2023,34,340395,New Jersey,1,1,0,1,1,1,1,31,PASSAIC (31),3610,WOODLAND PARK,15,15,10,October,2023,1,Sunday,19,7:00pm-7:59pm,35,35,0,This Section IS NOT on the NHS,2,Urban,4,Minor Arterial,2,County Highway Agency,4,County,CR-639 MCBRIDE AVE,,99998,Not Reported,40.89166944,40.89166944,-74.212916670,-74.21291667,0,No Special Jurisdiction,33,Curb,0,The First Harmful Event was Not a Collision with a Motor Vehicle in Transport,0,No,1,Non-Junction,1,Not an Intersection,0,None,,,4,On Roadside,3,Dark - Lighted,,,,,1,Clear,0,No,0000000,Not Applicable,99,Unknown,99,Unknown,99,Unknown EMS Scene Arrival Hour,99,Unknown EMS Scene Arrival Minutes,99,Unknown,99,Unknown EMS Hospital Arrival Time,,,,,,,1,
2023,34,340396,New Jersey,1,1,0,0,0,1,1,7,CAMDEN (7),3694,WINSLOW,29,29,10,October,2023,1,Sunday,6,6:00am-6:59am,22,22,1,This Section IS ON the NHS,2,Urban,2,Other Freeways and Expressways,31,State Toll Road,95,Other,446-ATLANTIC CITY EXPRESSWAY,,376,376,39.70610278,39.70610278,-74.968813890,-74.96881389,0,No Special Jurisdiction,42,Tree (Standing Only),0,The First Harmful Event was Not a Collision with a Motor Vehicle in Transport,0,No,1,Non-Junction,1,Not an Intersection,0,None,,,4,On Roadside,2,Dark - Not Lighted,,,,,1,Clear,0,No,0000000,Not Applicable,6,6:00am-6:59am,21,21,6,6:00am-6:59am,29,29,88,"Not Applicable (Not Transported) ",88,Not Applicable (Not Transported),,,,,,,1,
2023,34,340397,New Jersey,1,1,0,1,1,1,1,13,ESSEX (13),320,BLOOMFIELD,20,20,10,October,2023,6,Friday,18,6:00pm-6:59pm,44,44,1,This Section IS ON the NHS,2,Urban,3,Other Principal Arterial,2,County Highway Agency,4,County,CR-506 BLOOMFIELD AVE,CR-509 GROVE ST,19,19,40.77911389,40.77911389,-74.189433330,-74.18943333,0,No Special Jurisdiction,8,Pedestrian,0,The First Harmful Event was Not a Collision with a Motor Vehicle in Transport,0,No,3,Intersection-Related,2,Four-Way Intersection,0,None,,,1,On Roadway,3,Dark - Lighted,,,,,2,Rain,0,No,0000000,Not Applicable,18,6:00pm-6:59pm,46,46,18,6:00pm-6:59pm,53,53,19,7:00pm-7:59pm,25,25,,,,,,,1,
2023,34,340398,New Jersey,1,1,0,0,0,2,2,3,BERGEN (3),2740,RAMSEY,2,2,10,October,2023,2,Monday,20,8:00pm-8:59pm,46,46,1,This Section IS ON the NHS,2,Urban,2,Other Freeways and Expressways,1,State Highway Agency,3,State Highway,SR-17,,240,240,41.07179722,41.07179722,-74.140397220,-74.14039722,0,No Special Jurisdiction,30,Utility Pole/Light Support,0,The First Harmful Event was Not a Collision with a Motor Vehicle in Transport,0,No,1,Non-Junction,1,Not an Intersection,0,None,,,4,On Roadside,3,Dark - Lighted,,,,,1,Clear,0,No,0000000,Not Applicable,20,8:00pm-8:59pm,48,48,20,8:00pm-8:59pm,57,57,21,9:00pm-9:59pm,22,22,,,,,,,1,
2023,34,340399,New Jersey,3,2,1,0,0,3,3,23,MIDDLESEX (23),3705,WOODBRIDGE,8,8,9,September,2023,6,Friday,12,12:00pm-12:59pm,45,45,1,This Section IS ON the NHS,2,Urban,3,Other Principal Arterial,1,State Highway Agency,2,U.S. Highway,US-1,,357,357,40.56385556,40.56385556,-74.299686110,-74.29968611,0,No Special Jurisdiction,1,Rollover/Overturn,0,The First Harmful Event was Not a Collision with a Motor Vehicle in Transport,0,No,8,Driveway Access Related,1,Not an Intersection,1,Construction,,,1,On Roadway,1,Daylight,,,,,1,Clear,0,No,0000000,Not Applicable,12,12:00pm-12:59pm,46,46,12,12:00pm-12:59pm,51,51,14,2:00pm-2:59pm,3,3,,,,,,,1,
2023,34,340400,New Jersey,1,1,0,0,0,1,1,27,MORRIS (27),2498,PARSIPPANY,27,27,10,October,2023,6,Friday,1,1:00am-1:59am,14,14,1,This Section IS ON the NHS,2,Urban,1,Interstate,1,State Highway Agency,1,Interstate,I-280,,5,5,40.85923611,40.85923611,-74.366608330,-74.36660833,0,No Special Jurisdiction,25,Concrete Traffic Barrier,0,The First Harmful Event was Not a Collision with a Motor Vehicle in Transport,0,No,1,Non-Junction,1,Not an Intersection,0,None,,,3,On Median,2,Dark - Not Lighted,,,,,1,Clear,0,No,0000000,Not Applicable,1,1:00am-1:59am,18,18,1,1:00am-1:59am,29,29,88,"Not Applicable (Not Transported) ",88,Not Applicable (Not Transported),,,,,,,1,
2023,34,340401,New Jersey,1,1,0,1,1,1,1,23,MIDDLESEX (23),1920,NEW BRUNSWICK,29,29,7,July,2023,7,Saturday,6,6:00am-6:59am,43,43,0,This Section IS NOT on the NHS,2,Urban,5,Major Collector,4,City or Municipal Highway Agency,0,Not Signed,SOUTH AVE,,99998,Not Reported,40.58451944,40.58451944,-74.471363890,-74.47136389,0,No Special Jurisdiction,9,Pedalcyclist,0,The First Harmful Event was Not a Collision with a Motor Vehicle in Transport,0,No,1,Non-Junction,1,Not an Intersection,0,None,,,1,On Roadway,1,Daylight,,,,,1,Clear,0,No,0000000,Not Applicable,99,Unknown,99,Unknown,99,Unknown EMS Scene Arrival Hour,99,Unknown EMS Scene Arrival Minutes,88,"Not Applicable (Not Transported) ",88,Not Applicable (Not Transported),,,,,,,1,
2023,34,340402,New Jersey,1,1,0,1,1,1,1,25,MONMOUTH (25),1925,MIDDLETOWN,19,19,7,July,2023,4,Wednesday,21,9:00pm-9:59pm,21,21,1,This Section IS ON the NHS,2,Urban,3,Other Principal Arterial,1,State Highway Agency,3,State Highway,SR-35,CHAPEL HILL RD,357,357,40.37313889,40.37313889,-74.087475000,-74.08747500,0,No Special Jurisdiction,9,Pedalcyclist,0,The First Harmful Event was Not a Collision with a Motor Vehicle in Transport,0,No,2,Intersection,2,Four-Way Intersection,0,None,,,1,On Roadway,6,Dark - Unknown Lighting,,,,,1,Clear,0,No,0000000,Not Applicable,21,9:00pm-9:59pm,31,31,21,9:00pm-9:59pm,47,47,99,Unknown,99,Unknown EMS Hospital Arrival Time,,,,,,,1,
2023,34,340403,New Jersey,1,1,0,1,1,1,1,23,MIDDLESEX (23),3170,SOUTH RIVER,7,7,7,July,2023,6,Friday,16,4:00pm-4:59pm,21,21,0,This Section IS NOT on the NHS,2,Urban,5,Major Collector,2,County Highway Agency,4,County,CR-677 WHITEHEAD AVE,,99998,Not Reported,40.44800278,40.44800278,-74.375094440,-74.37509444,0,No Special Jurisdiction,9,Pedalcyclist,0,The First Harmful Event was Not a Collision with a Motor Vehicle in Transport,0,No,1,Non-Junction,1,Not an Intersection,0,None,,,1,On Roadway,1,Daylight,,,,,1,Clear,0,No,0000000,Not Applicable,16,4:00pm-4:59pm,25,25,16,4:00pm-4:59pm,30,30,16,4:00pm-4:59pm,56,56,,,,,,,1,
2023,34,340404,New Jersey,2,2,0,0,0,3,3,29,OCEAN (29),3360,TOMS RIVER,16,16,8,August,2023,4,Wednesday,11,11:00am-11:59am,35,35,1,This Section IS ON the NHS,2,Urban,3,Other Principal Arterial,2,County Highway Agency,4,County,CR-571 FISCHER BLVD,WINDSOR AVE,5,5,39.95722222,39.95722222,-74.124511110,-74.12451111,0,No Special Jurisdiction,12,Motor Vehicle In-Transport,6,Angle,0,No,2,Intersection,2,Four-Way Intersection,0,None,,,1,On Roadway,1,Daylight,,,,,1,Clear,0,No,0000000,Not Applicable,11,11:00am-11:59am,36,36,11,11:00am-11:59am,37,37,99,Unknown,99,Unknown EMS Hospital Arrival Time,,,,,,,1,
2023,34,340405,New Jersey,2,2,0,0,0,6,6,29,OCEAN (29),1590,LAKEWOOD,7,7,10,October,2023,7,Saturday,2,2:00am-2:59am,18,18,1,This Section IS ON the NHS,2,Urban,3,Other Principal Arterial,2,County Highway Agency,4,County,CR-528 CEDARBRIDGE AVE,CR-623 NEW HAMPSHIRE AVE,321,321,40.07574444,40.07574444,-74.184561110,-74.18456111,0,No Special Jurisdiction,12,Motor Vehicle In-Transport,6,Angle,0,No,2,Intersection,2,Four-Way Intersection,0,None,,,1,On Roadway,6,Dark - Unknown Lighting,,,,,5,"Fog, Smog, Smoke",0,No,0000000,Not Applicable,2,2:00am-2:59am,24,24,2,2:00am-2:59am,28,28,3,3:00am-3:59am,23,23,,,,,,,3,
2023,34,340406,New Jersey,1,1,0,1,1,1,1,1,ATLANTIC (1),1105,GALLOWAY TOWNSHIP,19,19,11,November,2023,1,Sunday,18,6:00pm-6:59pm,35,35,0,This Section IS NOT on the NHS,1,Rural,5,Major Collector,2,County Highway Agency,4,County,CR-561 WEST MOSS MILL RD,,99,99,39.53860000,39.53860000,-74.612113890,-74.61211389,0,No Special Jurisdiction,8,Pedestrian,0,The First Harmful Event was Not a Collision with a Motor Vehicle in Transport,0,No,1,Non-Junction,1,Not an Intersection,0,None,,,1,On Roadway,1,Daylight,,,,,1,Clear,0,No,0000000,Not Applicable,18,6:00pm-6:59pm,39,39,18,6:00pm-6:59pm,51,51,19,7:00pm-7:59pm,24,24,,,,,,,1,
2023,34,340407,New Jersey,2,2,0,0,0,2,2,29,OCEAN (29),1590,LAKEWOOD,6,6,11,November,2023,2,Monday,20,8:00pm-8:59pm,22,22,0,This Section IS NOT on the NHS,2,Urban,4,Minor Arterial,2,County Highway Agency,4,County,CR-639 HOPE CHAPEL RD,SHONNY CT,99998,Not Reported,40.09836111,40.09836111,-74.256300000,-74.25630000,0,No Special Jurisdiction,12,Motor Vehicle In-Transport,6,Angle,0,No,3,Intersection-Related,3,T-Intersection,0,None,,,1,On Roadway,6,Dark - Unknown Lighting,,,,,1,Clear,0,No,0000000,Not Applicable,21,9:00pm-9:59pm,29,29,21,9:00pm-9:59pm,29,29,21,9:00pm-9:59pm,50,50,,,,,,,1,
2023,34,340408,New Jersey,1,1,0,1,1,1,1,39,UNION (39),860,ELIZABETH,7,7,11,November,2023,3,Tuesday,0,0:00am-0:59am,53,53,0,This Section IS NOT on the NHS,2,Urban,5,Major Collector,4,City or Municipal Highway Agency,0,Not Signed,SPRING ST,,99998,Not Reported,40.68022778,40.68022778,-74.195405560,-74.19540556,0,No Special Jurisdiction,8,Pedestrian,0,The First Harmful Event was Not a Collision with a Motor Vehicle in Transport,0,No,1,Non-Junction,1,Not an Intersection,0,None,,,1,On Roadway,6,Dark - Unknown Lighting,,,,,1,Clear,0,No,0000000,Not Applicable,1,1:00am-1:59am,7,7,1,1:00am-1:59am,16,16,99,Unknown,99,Unknown EMS Hospital Arrival Time,,,,,,,1,
2023,34,340409,New Jersey,3,1,2,0,0,1,1,39,UNION (39),1412,HILLSIDE,7,7,11,November,2023,3,Tuesday,15,3:00pm-3:59pm,18,18,0,This Section IS NOT on the NHS,2,Urban,4,Minor Arterial,2,County Highway Agency,4,County,CR-623 NORTH BROAD ST,,99998,Not Reported,40.69923056,40.69923056,-74.215472220,-74.21547222,0,No Special Jurisdiction,5,Fell/Jumped from Vehicle,0,The First Harmful Event was Not a Collision with a Motor Vehicle in Transport,0,No,1,Non-Junction,1,Not an Intersection,0,None,,,1,On Roadway,1,Daylight,,,,,1,Clear,0,No,0000000,Not Applicable,15,3:00pm-3:59pm,18,18,15,3:00pm-3:59pm,23,23,88,"Not Applicable (Not Transported) ",88,Not Applicable (Not Transported),,,,,,,1,
2023,34,340410,New Jersey,1,1,0,0,0,2,2,21,MERCER (21),1650,LAWRENCEVILLE,7,7,11,November,2023,3,Tuesday,14,2:00pm-2:59pm,43,43,0,This Section IS NOT on the NHS,2,Urban,4,Minor Arterial,2,County Highway Agency,4,County,CR-569 FACKLER RD,,99998,Not Reported,40.30913333,40.30913333,-74.706033330,-74.70603333,0,No Special Jurisdiction,42,Tree (Standing Only),0,The First Harmful Event was Not a Collision with a Motor Vehicle in Transport,0,No,1,Non-Junction,1,Not an Intersection,0,None,,,4,On Roadside,1,Daylight,,,,,1,Clear,0,No,0000000,Not Applicable,14,2:00pm-2:59pm,48,48,14,2:00pm-2:59pm,54,54,15,3:00pm-3:59pm,27,27,,,,,,,1,
2023,34,340411,New Jersey,2,2,0,0,0,6,6,13,ESSEX (13),2130,NEWARK,10,10,11,November,2023,6,Friday,4,4:00am-4:59am,32,32,1,This Section IS ON the NHS,2,Urban,3,Other Principal Arterial,2,County Highway Agency,4,County,CR-508 CENTRAL AVE,1ST STREET,101,101,40.74720278,40.74720278,-74.188961110,-74.18896111,0,No Special Jurisdiction,12,Motor Vehicle In-Transport,6,Angle,0,No,2,Intersection,2,Four-Way Intersection,0,None,,,1,On Roadway,3,Dark - Lighted,,,,,1,Clear,0,No,0000000,Not Applicable,4,4:00am-4:59am,35,35,4,4:00am-4:59am,40,40,5,5:00am-5:59am,19,19,,,,,,,1,
2023,34,340412,New Jersey,1,1,0,1,1,1,1,17,HUDSON (17),1520,JERSEY CITY,4,4,11,November,2023,7,Saturday,15,3:00pm-3:59pm,50,50,1,This Section IS ON the NHS,2,Urban,4,Minor Arterial,4,City or Municipal Highway Agency,0,Not Signed,MARIN BLVD,16TH STREET,99998,Not Reported,40.73298611,40.73298611,-74.039175000,-74.03917500,0,No Special Jurisdiction,9,Pedalcyclist,0,The First Harmful Event was Not a Collision with a Motor Vehicle in Transport,0,No,3,Intersection-Related,3,T-Intersection,0,None,,,1,On Roadway,1,Daylight,,,,,1,Clear,0,No,0000000,Not Applicable,15,3:00pm-3:59pm,52,52,15,3:00pm-3:59pm,54,54,16,4:00pm-4:59pm,5,5,,,,,,,1,
2023,34,340413,New Jersey,1,1,0,1,1,1,1,1,ATLANTIC (1),851,EGG HARBOR TOWNSHIP,9,9,11,November,2023,5,Thursday,18,6:00pm-6:59pm,41,41,1,This Section IS ON the NHS,2,Urban,3,Other Principal Arterial,1,State Highway Agency,2,U.S. Highway,US-40 BLACK HORSE PIKE,,613,613,39.37970278,39.37970278,-74.492858330,-74.49285833,0,No Special Jurisdiction,8,Pedestrian,0,The First Harmful Event was Not a Collision with a Motor Vehicle in Transport,0,No,1,Non-Junction,1,Not an Intersection,0,None,,,1,On Roadway,3,Dark - Lighted,,,,,1,Clear,0,No,0000000,Not Applicable,18,6:00pm-6:59pm,42,42,18,6:00pm-6:59pm,50,50,88,"Not Applicable (Not Transported) ",88,Not Applicable (Not Transported),,,,,,,1,
2023,34,340414,New Jersey,3,3,0,0,0,3,3,5,BURLINGTON (5),2081,MT LAUREL,9,9,11,November,2023,5,Thursday,8,8:00am-8:59am,12,12,1,This Section IS ON the NHS,2,Urban,1,Interstate,1,State Highway Agency,1,Interstate,I-295,,426,426,39.98767222,39.98767222,-74.885230560,-74.88523056,0,No Special Jurisdiction,12,Motor Vehicle In-Transport,7,Sideswipe - Same Direction,0,No,1,Non-Junction,1,Not an Intersection,0,None,,,1,On Roadway,1,Daylight,,,,,1,Clear,0,No,0000000,Not Applicable,8,8:00am-8:59am,16,16,8,8:00am-8:59am,19,19,8,8:00am-8:59am,56,56,,,,,,,1,
2023,34,340415,New Jersey,1,1,0,0,0,2,2,1,ATLANTIC (1),1264,HAMILTON,22,22,11,November,2023,4,Wednesday,0,0:00am-0:59am,56,56,1,This Section IS ON the NHS,1,Rural,2,Other Freeways and Expressways,31,State Toll Road,95,Other,446-ATLANTIC CITY EXPRESSWAY,,242,242,39.57957222,39.57957222,-74.776600000,-74.77660000,0,No Special Jurisdiction,42,Tree (Standing Only),0,The First Harmful Event was Not a Collision with a Motor Vehicle in Transport,0,No,1,Non-Junction,1,Not an Intersection,0,None,,,4,On Roadside,2,Dark - Not Lighted,,,,,2,Rain,0,No,0000000,Not Applicable,1,1:00am-1:59am,0,0,1,1:00am-1:59am,15,15,1,1:00am-1:59am,59,59,,,,,,,1,
2023,34,340416,New Jersey,1,1,0,1,1,1,1,21,MERCER (21),3633,WEST WINDSOR,27,27,11,November,2023,2,Monday,17,5:00pm-5:59pm,37,37,0,This Section IS NOT on the NHS,2,Urban,6,Minor Collector,4,City or Municipal Highway Agency,0,Not Signed,RABBITT HILL RD,ABBINGTON LANE,4,4,40.30119722,40.30119722,-74.595177780,-74.59517778,0,No Special Jurisdiction,8,Pedestrian,0,The First Harmful Event was Not a Collision with a Motor Vehicle in Transport,0,No,3,Intersection-Related,2,Four-Way Intersection,0,None,,,1,On Roadway,6,Dark - Unknown Lighting,,,,,1,Clear,0,No,0000000,Not Applicable,17,5:00pm-5:59pm,37,37,17,5:00pm-5:59pm,43,43,18,6:00pm-6:59pm,2,2,,,,,,,1,
2023,34,340417,New Jersey,1,1,0,1,1,1,1,39,UNION (39),860,ELIZABETH,24,24,10,October,2023,3,Tuesday,3,3:00am-3:59am,52,52,1,This Section IS ON the NHS,2,Urban,3,Other Principal Arterial,1,State Highway Agency,3,State Highway,SR-27 NEWARK AVE,,99998,Not Reported,40.68061389,40.68061389,-74.209061110,-74.20906111,0,No Special Jurisdiction,8,Pedestrian,0,The First Harmful Event was Not a Collision with a Motor Vehicle in Transport,0,No,1,Non-Junction,1,Not an Intersection,0,None,,,1,On Roadway,3,Dark - Lighted,,,,,1,Clear,0,No,0000000,Not Applicable,3,3:00am-3:59am,53,53,3,3:00am-3:59am,59,59,4,4:00am-4:59am,20,20,,,,,,,1,
2023,34,340418,New Jersey,1,1,0,0,0,1,1,21,MERCER (21),2710,PRINCETON,4,4,10,October,2023,4,Wednesday,23,11:00pm-11:59pm,45,45,0,This Section IS NOT on the NHS,2,Urban,5,Major Collector,4,City or Municipal Highway Agency,4,County,CR-533 MERCER RD,,99998,Not Reported,40.32774444,40.32774444,-74.679363890,-74.67936389,0,No Special Jurisdiction,17,Boulder,0,The First Harmful Event was Not a Collision with a Motor Vehicle in Transport,0,No,1,Non-Junction,1,Not an Intersection,0,None,,,4,On Roadside,3,Dark - Lighted,,,,,5,"Fog, Smog, Smoke",0,No,0000000,Not Applicable,23,11:00pm-11:59pm,57,57,0,0:00am-0:59am,2,2,88,"Not Applicable (Not Transported) ",88,Not Applicable (Not Transported),,,,,,,1,
2023,34,340419,New Jersey,1,1,0,0,0,2,2,23,MIDDLESEX (23),844,EDISON,21,21,10,October,2023,7,Saturday,13,1:00pm-1:59pm,8,8,1,This Section IS ON the NHS,2,Urban,1,Interstate,31,State Toll Road,1,Interstate,I-95 NJ TURNPIKE,,877,877,40.52133889,40.52133889,-74.352700000,-74.35270000,0,No Special Jurisdiction,52,Guardrail End,0,The First Harmful Event was Not a Collision with a Motor Vehicle in Transport,0,No,1,Non-Junction,1,Not an Intersection,0,None,,,10,Separator,1,Daylight,,,,,1,Clear,0,No,0000000,Not Applicable,13,1:00pm-1:59pm,4,4,13,1:00pm-1:59pm,20,20,14,2:00pm-2:59pm,2,2,,,,,,,1,
2023,34,340420,New Jersey,2,2,0,0,0,2,2,31,PASSAIC (31),3522,WAYNE,15,15,10,October,2023,1,Sunday,10,10:00am-10:59am,50,50,0,This Section IS NOT on the NHS,2,Urban,4,Minor Arterial,2,County Highway Agency,4,County,CR-670 ALPS RD,,99998,Not Reported,40.94368889,40.94368889,-74.243572220,-74.24357222,0,No Special Jurisdiction,12,Motor Vehicle In-Transport,6,Angle,0,No,1,Non-Junction,1,Not an Intersection,0,None,,,1,On Roadway,1,Daylight,,,,,1,Clear,0,No,0000000,Not Applicable,99,Unknown,99,Unknown,99,Unknown EMS Scene Arrival Hour,99,Unknown EMS Scene Arrival Minutes,99,Unknown,99,Unknown EMS Hospital Arrival Time,,,,,,,1,
2023,34,340421,New Jersey,4,4,0,0,0,6,6,7,CAMDEN (7),2545,PENNSAUKEN,8,8,8,August,2023,3,Tuesday,12,12:00pm-12:59pm,54,54,1,This Section IS ON the NHS,2,Urban,3,Other Principal Arterial,1,State Highway Agency,2,U.S. Highway,US-130,DREXEL AVE,99998,Not Reported,39.94164444,39.94164444,-75.072475000,-75.07247500,0,No Special Jurisdiction,12,Motor Vehicle In-Transport,1,Front-to-Rear,0,No,3,Intersection-Related,2,Four-Way Intersection,0,None,,,1,On Roadway,1,Daylight,,,,,1,Clear,0,No,0000000,Not Applicable,12,12:00pm-12:59pm,55,55,13,1:00pm-1:59pm,0,0,13,1:00pm-1:59pm,35,35,,,,,,,1,
2023,34,340422,New Jersey,2,2,0,0,0,4,4,25,MONMOUTH (25),1465,HOWELL,24,24,9,September,2023,1,Sunday,2,2:00am-2:59am,53,53,1,This Section IS ON the NHS,2,Urban,3,Other Principal Arterial,1,State Highway Agency,2,U.S. Highway,US-9,ALDRICH RD,1063,1063,40.15517222,40.15517222,-74.229630560,-74.22963056,0,No Special Jurisdiction,12,Motor Vehicle In-Transport,6,Angle,0,No,2,Intersection,2,Four-Way Intersection,0,None,,,1,On Roadway,6,Dark - Unknown Lighting,,,,,2,Rain,0,No,0000000,Not Applicable,2,2:00am-2:59am,55,55,3,3:00am-3:59am,1,1,3,3:00am-3:59am,55,55,,,,,,,1,
2023,34,340423,New Jersey,2,1,1,0,1,1,2,3,BERGEN (3),1750,LODI,23,23,7,July,2023,1,Sunday,9,9:00am-9:59am,7,7,1,This Section IS ON the NHS,2,Urban,1,Interstate,1,State Highway Agency,1,Interstate,I-80 LOCALS,,641,641,40.88986389,40.88986389,-74.073147220,-74.07314722,0,No Special Jurisdiction,14,Parked Motor Vehicle,0,The First Harmful Event was Not a Collision with a Motor Vehicle in Transport,0,No,1,Non-Junction,1,Not an Intersection,0,None,,,2,On Shoulder,1,Daylight,,,,,1,Clear,0,No,0000000,Not Applicable,99,Unknown,99,Unknown,99,Unknown EMS Scene Arrival Hour,99,Unknown EMS Scene Arrival Minutes,99,Unknown,99,Unknown EMS Hospital Arrival Time,,,,,,,1,
2023,34,340424,New Jersey,1,1,0,0,0,1,1,23,MIDDLESEX (23),704,CRANBURY,26,26,10,October,2023,5,Thursday,17,5:00pm-5:59pm,48,48,1,This Section IS ON the NHS,2,Urban,1,Interstate,1,State Highway Agency,1,Interstate,I-95 NJ TURNPIKE,,712,712,40.31449722,40.31449722,-74.489158330,-74.48915833,0,No Special Jurisdiction,24,Guardrail Face,0,The First Harmful Event was Not a Collision with a Motor Vehicle in Transport,0,No,1,Non-Junction,1,Not an Intersection,0,None,,,10,Separator,1,Daylight,,,,,1,Clear,0,No,0000000,Not Applicable,17,5:00pm-5:59pm,51,51,18,6:00pm-6:59pm,2,2,88,"Not Applicable (Not Transported) ",88,Not Applicable (Not Transported),,,,,,,1,
2023,34,340425,New Jersey,1,1,0,1,1,3,3,35,SOMERSET (35),425,BRIDGEWATER,19,19,11,November,2023,1,Sunday,9,9:00am-9:59am,55,55,1,This Section IS ON the NHS,2,Urban,3,Other Principal Arterial,1,State Highway Agency,3,State Highway,SR-28,,56,56,40.56937778,40.56937778,-74.575313890,-74.57531389,0,No Special Jurisdiction,8,Pedestrian,0,The First Harmful Event was Not a Collision with a Motor Vehicle in Transport,0,No,1,Non-Junction,1,Not an Intersection,0,None,,,1,On Roadway,1,Daylight,,,,,1,Clear,0,No,0000000,Not Applicable,9,9:00am-9:59am,58,58,10,10:00am-10:59am,0,0,10,10:00am-10:59am,28,28,,,,,,,1,
2023,34,340426,New Jersey,3,3,0,0,0,4,4,41,WARREN (41),18,ALLAMUCHY,22,22,11,November,2023,4,Wednesday,15,3:00pm-3:59pm,18,18,0,This Section IS NOT on the NHS,2,Urban,4,Minor Arterial,2,County Highway Agency,4,County,CR-517,RIDGE RD,185,185,40.89066667,40.89066667,-74.826950000,-74.82695000,0,No Special Jurisdiction,12,Motor Vehicle In-Transport,6,Angle,0,No,3,Intersection-Related,3,T-Intersection,0,None,,,1,On Roadway,1,Daylight,,,,,1,Clear,0,No,0000000,Not Applicable,15,3:00pm-3:59pm,20,20,15,3:00pm-3:59pm,27,27,16,4:00pm-4:59pm,0,0,,,,,,,1,
2023,34,340427,New Jersey,2,2,0,0,0,2,2,27,MORRIS (27),2810,RIVERDALE,26,26,11,November,2023,1,Sunday,21,9:00pm-9:59pm,2,2,0,This Section IS NOT on the NHS,6,Trafficway Not in State Inventory,96,Trafficway Not in State Inventory,96,Trafficway Not in State Inventory,96,Trafficway Not in State Inventory,NONE,NONE,99998,Not Reported,40.98863611,40.98863611,-74.326827780,-74.32682778,0,No Special Jurisdiction,1,Rollover/Overturn,0,The First Harmful Event was Not a Collision with a Motor Vehicle in Transport,0,No,2,Intersection,2,Four-Way Intersection,0,None,,,1,On Roadway,3,Dark - Lighted,,,,,2,Rain,0,No,0000000,Not Applicable,21,9:00pm-9:59pm,4,4,21,9:00pm-9:59pm,9,9,21,9:00pm-9:59pm,38,38,,,,,,,1,
2023,34,340428,New Jersey,2,2,0,0,0,2,2,5,BURLINGTON (5),0,NOT APPLICABLE,1,1,11,November,2023,4,Wednesday,17,5:00pm-5:59pm,15,15,0,This Section IS NOT on the NHS,1,Rural,5,Major Collector,2,County Highway Agency,4,County,CR-563,CR-679,302,302,39.68525000,39.68525000,-74.533302780,-74.53330278,0,No Special Jurisdiction,12,Motor Vehicle In-Transport,2,Front-to-Front,0,No,2,Intersection,3,T-Intersection,0,None,,,1,On Roadway,1,Daylight,,,,,1,Clear,0,No,0000000,Not Applicable,17,5:00pm-5:59pm,19,19,17,5:00pm-5:59pm,32,32,99,Unknown,99,Unknown EMS Hospital Arrival Time,,,,,,,2,
2023,34,340429,New Jersey,2,2,0,0,0,3,3,5,BURLINGTON (5),2540,PEMBERTON,14,14,11,November,2023,3,Tuesday,12,12:00pm-12:59pm,33,33,1,This Section IS ON the NHS,2,Urban,3,Other Principal Arterial,2,County Highway Agency,4,County,CR-530 PEMBERTON BYPASS,,99998,Not Reported,39.95994722,39.95994722,-74.658880560,-74.65888056,0,No Special Jurisdiction,24,Guardrail Face,0,The First Harmful Event was Not a Collision with a Motor Vehicle in Transport,0,No,1,Non-Junction,1,Not an Intersection,0,None,,,4,On Roadside,1,Daylight,,,,,1,Clear,0,No,0000000,Not Applicable,12,12:00pm-12:59pm,37,37,12,12:00pm-12:59pm,44,44,13,1:00pm-1:59pm,25,25,,,,,,,2,
2023,34,340430,New Jersey,3,3,0,0,0,4,4,41,WARREN (41),2450,OXFORD,21,21,11,November,2023,3,Tuesday,15,3:00pm-3:59pm,29,29,1,This Section IS ON the NHS,2,Urban,3,Other Principal Arterial,1,State Highway Agency,3,State Highway,SR-31,,466,466,40.80290000,40.80290000,-74.992977780,-74.99297778,0,No Special Jurisdiction,12,Motor Vehicle In-Transport,6,Angle,0,No,1,Non-Junction,1,Not an Intersection,0,None,,,1,On Roadway,1,Daylight,,,,,2,Rain,0,No,0000000,Not Applicable,15,3:00pm-3:59pm,35,35,15,3:00pm-3:59pm,36,36,17,5:00pm-5:59pm,20,20,,,,,,,1,
2023,34,340431,New Jersey,2,2,0,0,0,2,2,19,HUNTERDON (19),2757,READINGTON,10,10,11,November,2023,6,Friday,14,2:00pm-2:59pm,11,11,1,This Section IS ON the NHS,2,Urban,3,Other Principal Arterial,1,State Highway Agency,2,U.S. Highway,US-22,,264,264,40.61881111,40.61881111,-74.755480560,-74.75548056,0,No Special Jurisdiction,12,Motor Vehicle In-Transport,7,Sideswipe - Same Direction,0,No,1,Non-Junction,1,Not an Intersection,0,None,,,1,On Roadway,1,Daylight,,,,,1,Clear,0,No,0000000,Not Applicable,14,2:00pm-2:59pm,18,18,14,2:00pm-2:59pm,28,28,14,2:00pm-2:59pm,52,52,,,,,,,1,