caseyear,state,st_case,statename,ve_total,ve_forms,pvh_invl,peds,pernotmvit,permvit,persons,county,countyname,city,cityname,day,dayname,month,monthname,year,day_week,day_weekname,hour,hourname,minute,minutename,nhs,nhsname,rur_urb,rur_urbname,func_sys,func_sysname,rd_owner,rd_ownername,route,routename,tway_id,tway_id2,milept,mileptname,latitude,latitudename,longitud,longitudname,sp_jur,sp_jurname,harm_ev,harm_evname,man_coll,man_collname,reljct1,reljct1name,reljct2,reljct2name,typ_int,typ_intname,wrk_zone,wrk_zonename,road_fnc,road_fncname,rel_road,rel_roadname,lgt_cond,lgt_condname,weather1,weather1name,weather2,weather2name,weather,weathername,sch_bus,sch_busname,rail,railname,not_hour,not_hourname,not_min,not_minname,arr_hour,arr_hourname,arr_min,arr_minname,hosp_hr,hosp_hrname,hosp_mn,hosp_mnname,cf1,cf1name,cf2,cf2name,cf3,cf3name,fatals,drunk_dr
2023,34,340506,New Jersey,1,1,0,0,0,1,1,13,ESSEX (13),2130,NEWARK,29,29,6,June,2023,5,Thursday,11,11:00am-11:59am,42,42,1,This Section IS ON the NHS,2,Urban,2,Other Freeways and Expressways,1,State Highway Agency,2,U.S. Highway,US-1 US9 RAMP,,3,3,40.70866944,40.70866944,-74.169366670,-74.16936667,0,No Special Jurisdiction,24,Guardrail Face,0,The First Harmful Event was Not a Collision with a Motor Vehicle in Transport,1,Yes,5,Entrance/Exit Ramp Related,1,Not an Intersection,0,None,,,4,On Roadside,1,Daylight,,,,,1,Clear,0,No,0000000,Not Applicable,11,11:00am-11:59am,50,50,12,12:00pm-12:59pm,18,18,12,12:00pm-12:59pm,33,33,,,,,,,1,
2023,34,340507,New Jersey,1,1,0,1,1,1,1,13,ESSEX (13),800,EAST ORANGE,16,16,6,June,2023,6,Friday,20,8:00pm-8:59pm,50,50,1,This Section IS ON the NHS,2,Urban,3,Other Principal Arterial,2,County Highway Agency,4,County,CR-508 CENTRAL AVE,,87,87,40.75441667,40.75441667,-74.214288890,-74.21428889,0,No Special Jurisdiction,8,Pedestrian,0,The First Harmful Event was Not a Collision with a Motor Vehicle in Transport,0,No,1,Non-Junction,1,Not an Intersection,0,None,,,1,On Roadway,3,Dark - Lighted,,,,,1,Clear,0,No,0000000,Not Applicable,20,8:00pm-8:59pm,52,52,20,8:00pm-8:59pm,23,23,21,9:00pm-9:59pm,0,0,,,,,,,1,
2023,34,340508,New Jersey,1,1,0,1,1,1,1,13,ESSEX (13),2130,NEWARK,31,31,7,July,2023,2,Monday,7,7:00am-7:59am,3,3,1,This Section IS ON the NHS,2,Urban,3,Other Principal Arterial,1,State Highway Agency,4,County,CR-27 FRELINGHUYSEN AVE,WHITTIER PL,0,None,40.69753056,40.69753056,-74.198369440,-74.19836944,0,No Special Jurisdiction,15,Non-Motorist on Personal Conveyance,0,The First Harmful Event was Not a Collision with a Motor Vehicle in Transport,0,No,2,Intersection,3,T-Intersection,0,None,,,1,On Roadway,1,Daylight,,,,,1,Clear,0,No,0000000,Not Applicable,7,7:00am-7:59am,15,15,7,7:00am-7:59am,18,18,88,"Not Applicable (Not Transported) ",88,Not Applicable (Not Transported),,,,,,,1,
2023,34,340509,New Jersey,1,1,0,0,0,1,1,31,PASSAIC (31),3610,WOODLAND PARK,16,16,7,July,2023,1,Sunday,3,3:00am-3:59am,39,39,1,This Section IS ON the NHS,2,Urban,3,Other Principal Arterial,1,State Highway Agency,2,U.S. Highway,US-46,,17,17,40.88822222,40.88822222,-74.217266670,-74.21726667,0,No Special Jurisdiction,30,Utility Pole/Light Support,0,The First Harmful Event was Not a Collision with a Motor Vehicle in Transport,0,No,1,Non-Junction,1,Not an Intersection,0,None,,,5,Outside Trafficway,3,Dark - Lighted,,,,,1,Clear,0,No,0000000,Not Applicable,99,Unknown,99,Unknown,99,Unknown EMS Scene Arrival Hour,99,Unknown EMS Scene Arrival Minutes,88,"Not Applicable (Not Transported) ",88,Not Applicable (Not Transported),,,,,,,1,
2023,34,340510,New Jersey,2,2,0,0,0,4,4,33,SALEM (33),0,NOT APPLICABLE,27,27,7,July,2023,5,Thursday,9,9:00am-9:59am,7,7,0,This Section IS NOT on the NHS,1,Rural,5,Major Collector,2,County Highway Agency,4,County,CR-603 ALLOWAY-WOODSTOWN RD,MANNINGTON-YORKTOWN RD,15,15,39.61487778,39.61487778,-75.337711110,-75.33771111,0,No Special Jurisdiction,12,Motor Vehicle In-Transport,6,Angle,0,No,2,Intersection,2,Four-Way Intersection,0,None,,,1,On Roadway,1,Daylight,,,,,1,Clear,0,No,0000000,Not Applicable,9,9:00am-9:59am,10,10,9,9:00am-9:59am,20,20,9,9:00am-9:59am,44,44,,,,,,,2,
2023,34,340511,New Jersey,2,2,0,0,0,5,5,13,ESSEX (13),2130,NEWARK,15,15,8,August,2023,3,Tuesday,4,4:00am-4:59am,20,20,1,This Section IS ON the NHS,2,Urban,3,Other Principal Arterial,4,City or Municipal Highway Agency,0,Not Signed,BROAD ST,PENNINGTON ST,0,None,40.72588056,40.72588056,-74.177811110,-74.17781111,0,No Special Jurisdiction,12,Motor Vehicle In-Transport,2,Front-to-Front,0,No,2,Intersection,3,T-Intersection,0,None,,,1,On Roadway,3,Dark - Lighted,,,,,2,Rain,0,No,0000000,Not Applicable,4,4:00am-4:59am,23,23,4,4:00am-4:59am,29,29,4,4:00am-4:59am,54,54,,,,,,,1,
2023,34,340512,New Jersey,1,1,0,1,1,1,1,13,ESSEX (13),2440,ORANGE,16,16,9,September,2023,7,Saturday,19,7:00pm-7:59pm,42,42,1,This Section IS ON the NHS,2,Urban,3,Other Principal Arterial,2,County Highway Agency,4,County,CR-580 CENTRAL AVE,S JEFFERSON ST,0,None,40.76908333,40.76908333,-74.242100000,-74.24210000,0,No Special Jurisdiction,8,Pedestrian,0,The First Harmful Event was Not a Collision with a Motor Vehicle in Transport,0,No,3,Intersection-Related,2,Four-Way Intersection,0,None,,,1,On Roadway,5,Dusk,,,,,1,Clear,0,No,0000000,Not Applicable,19,7:00pm-7:59pm,43,43,19,7:00pm-7:59pm,52,52,20,8:00pm-8:59pm,16,16,,,,,,,1,
2023,34,340513,New Jersey,2,2,0,1,1,2,2,13,ESSEX (13),2130,NEWARK,2,2,9,September,2023,7,Saturday,15,3:00pm-3:59pm,30,30,1,This Section IS ON the NHS,2,Urban,3,Other Principal Arterial,1,State Highway Agency,4,County,CR-27 FRELINGHUYSEN AVE,E PEDDIE ST,0,None,40.71191389,40.71191389,-74.189888890,-74.18988889,0,No Special Jurisdiction,12,Motor Vehicle In-Transport,98,Not Reported,0,No,2,Intersection,2,Four-Way Intersection,0,None,,,1,On Roadway,1,Daylight,,,,,1,Clear,0,No,0000000,Not Applicable,15,3:00pm-3:59pm,22,22,15,3:00pm-3:59pm,31,31,15,3:00pm-3:59pm,49,49,,,,,,,1,
2023,34,340515,New Jersey,2,2,0,0,0,3,3,23,MIDDLESEX (23),844,EDISON,20,20,9,September,2023,4,Wednesday,14,2:00pm-2:59pm,16,16,1,This Section IS ON the NHS,2,Urban,3,Other Principal Arterial,1,State Highway Agency,2,U.S. Highway,US-1,OLD POST RD,305,305,40.51026389,40.51026389,-74.386755560,-74.38675556,0,No Special Jurisdiction,1,Rollover/Overturn,0,The First Harmful Event was Not a Collision with a Motor Vehicle in Transport,0,No,3,Intersection-Related,2,Four-Way Intersection,0,None,,,1,On Roadway,1,Daylight,,,,,1,Clear,0,No,0000000,Not Applicable,14,2:00pm-2:59pm,19,19,14,2:00pm-2:59pm,24,24,14,2:00pm-2:59pm,59,59,,,,,,,1,
2023,34,340516,New Jersey,1,1,0,1,1,1,1,13,ESSEX (13),1480,TOWNSHIP OF IRVINGTON,28,28,10,October,2023,7,Saturday,21,9:00pm-9:59pm,25,25,0,This Section IS NOT on the NHS,2,Urban,4,Minor Arterial,2,County Highway Agency,4,County,CR-665 CLINTON AVE,LINDEN AVE,21,21,40.72716111,40.72716111,-74.229577780,-74.22957778,0,No Special Jurisdiction,8,Pedestrian,0,The First Harmful Event was Not a Collision with a Motor Vehicle in Transport,0,No,3,Intersection-Related,3,T-Intersection,0,None,,,1,On Roadway,3,Dark - Lighted,,,,,1,Clear,0,No,0000000,Not Applicable,21,9:00pm-9:59pm,26,26,21,9:00pm-9:59pm,29,29,21,9:00pm-9:59pm,57,57,,,,,,,1,
2023,34,340517,New Jersey,2,2,0,0,0,3,3,15,GLOUCESTER (15),1915,MICKLETON,26,26,10,October,2023,5,Thursday,18,6:00pm-6:59pm,54,54,0,This Section IS NOT on the NHS,6,Trafficway Not in State Inventory,96,Trafficway Not in State Inventory,96,Trafficway Not in State Inventory,96,Trafficway Not in State Inventory,UNION RD,,99998,Not Reported,39.77173056,39.77173056,-75.235111110,-75.23511111,0,No Special Jurisdiction,12,Motor Vehicle In-Transport,1,Front-to-Rear,0,No,8,Driveway Access Related,1,Not an Intersection,0,None,,,1,On Roadway,2,Dark - Not Lighted,,,,,1,Clear,0,No,0000000,Not Applicable,18,6:00pm-6:59pm,56,56,19,7:00pm-7:59pm,2,2,19,7:00pm-7:59pm,42,42,,,,,,,1,
2023,34,340518,New Jersey,1,1,0,1,1,2,2,25,MONMOUTH (25),1000,FARMINGDALE,1,1,10,October,2023,1,Sunday,12,12:00pm-12:59pm,8,8,0,This Section IS NOT on the NHS,2,Urban,5,Major Collector,4,City or Municipal Highway Agency,0,Not Signed,W FARMS RD,LEMON RD,36,36,40.18895833,40.18895833,-74.223097220,-74.22309722,0,No Special Jurisdiction,9,Pedalcyclist,0,The First Harmful Event was Not a Collision with a Motor Vehicle in Transport,0,No,2,Intersection,2,Four-Way Intersection,0,None,,,1,On Roadway,1,Daylight,,,,,1,Clear,0,No,0000000,Not Applicable,12,12:00pm-12:59pm,14,14,12,12:00pm-12:59pm,18,18,13,1:00pm-1:59pm,12,12,,,,,,,1,
2023,34,340519,New Jersey,1,1,0,0,0,2,2,25,MONMOUTH (25),1465,HOWELL,14,14,10,October,2023,7,Saturday,14,2:00pm-2:59pm,41,41,0,This Section IS NOT on the NHS,6,Trafficway Not in State Inventory,96,Trafficway Not in State Inventory,96,Trafficway Not in State Inventory,96,Trafficway Not in State Inventory,FORT PLAINS RD,,99998,Not Reported,40.19562500,40.19562500,-74.259694440,-74.25969444,0,No Special Jurisdiction,59,"Traffic Sign Support ",0,The First Harmful Event was Not a Collision with a Motor Vehicle in Transport,0,No,1,Non-Junction,1,Not an Intersection,0,None,,,4,On Roadside,1,Daylight,,,,,2,Rain,0,No,0000000,Not Applicable,14,2:00pm-2:59pm,49,49,14,2:00pm-2:59pm,58,58,15,3:00pm-3:59pm,43,43,,,,,,,1,
2023,34,340520,New Jersey,2,2,0,0,0,2,2,25,MONMOUTH (25),1760,LONG BRANCH,23,23,10,October,2023,2,Monday,6,6:00am-6:59am,52,52,0,This Section IS NOT on the NHS,2,Urban,4,Minor Arterial,1,State Highway Agency,3,State Highway,SR-71 NORWOOD AVE,ALBERT PLACE,119,119,40.26718333,40.26718333,-74.001202780,-74.00120278,0,No Special Jurisdiction,12,Motor Vehicle In-Transport,6,Angle,0,No,2,Intersection,3,T-Intersection,0,None,,,1,On Roadway,4,Dawn,,,,,1,Clear,0,No,0000000,Not Applicable,6,6:00am-6:59am,58,58,7,7:00am-7:59am,6,6,7,7:00am-7:59am,38,38,,,,,,,1,
2023,34,340521,New Jersey,3,1,2,0,0,3,3,23,MIDDLESEX (23),2970,SAYREVILLE,28,28,10,October,2023,7,Saturday,5,5:00am-5:59am,0,0,1,This Section IS ON the NHS,2,Urban,3,Other Principal Arterial,1,State Highway Agency,3,State Highway,SR-35,,76,76,40.46675833,40.46675833,-74.280675000,-74.28067500,0,No Special Jurisdiction,33,Curb,0,The First Harmful Event was Not a Collision with a Motor Vehicle in Transport,0,No,1,Non-Junction,1,Not an Intersection,0,None,,,4,On Roadside,3,Dark - Lighted,,,,,1,Clear,0,No,0000000,Not Applicable,5,5:00am-5:59am,7,7,5,5:00am-5:59am,15,15,6,6:00am-6:59am,5,5,,,,,,,1,
2023,34,340522,New Jersey,2,2,0,0,0,6,6,23,MIDDLESEX (23),2970,SAYREVILLE,31,31,10,October,2023,3,Tuesday,16,4:00pm-4:59pm,11,11,0,This Section IS NOT on the NHS,2,Urban,4,Minor Arterial,2,County Highway Agency,0,Not Signed,BORDENTOWN AVE,,192,192,40.43453611,40.43453611,-74.331891670,-74.33189167,0,No Special Jurisdiction,12,Motor Vehicle In-Transport,2,Front-to-Front,0,No,1,Non-Junction,1,Not an Intersection,0,None,,,1,On Roadway,1,Daylight,,,,,1,Clear,0,No,0000000,Not Applicable,16,4:00pm-4:59pm,18,18,16,4:00pm-4:59pm,24,24,17,5:00pm-5:59pm,6,6,,,,,,,2,
2023,34,340524,New Jersey,1,1,0,1,1,1,1,21,MERCER (21),3380,TRENTON,28,28,10,October,2023,7,Saturday,6,6:00am-6:59am,27,27,0,This Section IS NOT on the NHS,2,Urban,4,Minor Arterial,4,City or Municipal Highway Agency,0,Not Signed,SOUTHARD ST,,5,5,40.23144167,40.23144167,-74.759941670,-74.75994167,0,No Special Jurisdiction,8,Pedestrian,0,The First Harmful Event was Not a Collision with a Motor Vehicle in Transport,0,No,1,Non-Junction,1,Not an Intersection,0,None,,,1,On Roadway,3,Dark - Lighted,,,,,1,Clear,0,No,0000000,Not Applicable,6,6:00am-6:59am,25,25,6,6:00am-6:59am,27,27,6,6:00am-6:59am,42,42,,,,,,,1,
2023,34,340525,New Jersey,1,1,0,1,1,1,1,13,ESSEX (13),2130,NEWARK,11,11,11,November,2023,7,Saturday,11,11:00am-11:59am,46,46,0,This Section IS NOT on the NHS,2,Urban,4,Minor Arterial,2,County Highway Agency,4,County,CR-665 IRVINGTON AVE,NONE,8,8,40.73523333,40.73523333,-74.250250000,-74.25025000,0,No Special Jurisdiction,8,Pedestrian,0,The First Harmful Event was Not a Collision with a Motor Vehicle in Transport,0,No,3,Intersection-Related,2,Four-Way Intersection,0,None,,,1,On Roadway,1,Daylight,,,,,1,Clear,0,No,0000000,Not Applicable,11,11:00am-11:59am,54,54,12,12:00pm-12:59pm,5,5,12,12:00pm-12:59pm,25,25,,,,,,,1,
2023,34,340526,New Jersey,2,2,0,1,1,2,2,15,GLOUCESTER (15),747,DEPTFORD,12,12,11,November,2023,1,Sunday,5,5:00am-5:59am,16,16,0,This Section IS NOT on the NHS,2,Urban,4,Minor Arterial,1,State Highway Agency,3,State Highway,SR-47 DELSEA DR,,732,732,39.84811667,39.84811667,-75.125122220,-75.12512222,0,No Special Jurisdiction,8,Pedestrian,0,The First Harmful Event was Not a Collision with a Motor Vehicle in Transport,0,No,1,Non-Junction,1,Not an Intersection,0,None,,,1,On Roadway,2,Dark - Not Lighted,,,,,1,Clear,0,No,0000000,Not Applicable,5,5:00am-5:59am,17,17,5,5:00am-5:59am,20,20,88,"Not Applicable (Not Transported) ",88,Not Applicable (Not Transported),,,,,,,1,
2023,34,340527,New Jersey,2,2,0,1,1,2,2,3,BERGEN (3),2000,MONTVALE,16,16,11,November,2023,5,Thursday,5,5:00am-5:59am,2,2,1,This Section IS ON the NHS,2,Urban,2,Other Freeways and Expressways,31,State Toll Road,11,Off-Interstate Business Marker,BUS-444 GARDEN STATE PKWY,,12,12,41.05118611,41.05118611,-74.066336110,-74.06633611,0,No Special Jurisdiction,8,Pedestrian,0,The First Harmful Event was Not a Collision with a Motor Vehicle in Transport,0,No,1,Non-Junction,1,Not an Intersection,0,None,,,1,On Roadway,6,Dark - Unknown Lighting,,,,,1,Clear,0,No,0000000,Not Applicable,99,Unknown,99,Unknown,99,Unknown EMS Scene Arrival Hour,99,Unknown EMS Scene Arrival Minutes,88,"Not Applicable (Not Transported) ",88,Not Applicable (Not Transported),,,,,,,1,
2023,34,340528,New Jersey,3,3,0,1,1,3,3,13,ESSEX (13),500,CALDWELL,26,26,11,November,2023,1,Sunday,18,6:00pm-6:59pm,33,33,1,This Section IS ON the NHS,2,Urban,3,Other Principal Arterial,2,County Highway Agency,4,County,CR-506 BLOOMFIELD AVE,GOULD PLACE,24,24,40.84113889,40.84113889,-74.278755560,-74.27875556,0,No Special Jurisdiction,8,Pedestrian,0,The First Harmful Event was Not a Collision with a Motor Vehicle in Transport,0,No,3,Intersection-Related,3,T-Intersection,0,None,,,1,On Roadway,3,Dark - Lighted,,,,,2,Rain,0,No,0000000,Not Applicable,18,6:00pm-6:59pm,38,38,18,6:00pm-6:59pm,40,40,19,7:00pm-7:59pm,15,15,,,,,,,1,
2023,34,340529,New Jersey,1,1,0,2,2,1,1,13,ESSEX (13),2130,NEWARK,29,29,11,November,2023,4,Wednesday,18,6:00pm-6:59pm,15,15,1,This Section IS ON the NHS,2,Urban,3,Other Principal Arterial,4,City or Municipal Highway Agency,0,Not Signed,RAYMOND BLVD,,18,18,40.73266944,40.73266944,-74.158047220,-74.15804722,2,Military,8,Pedestrian,0,The First Harmful Event was Not a Collision with a Motor Vehicle in Transport,0,No,1,Non-Junction,1,Not an Intersection,0,None,,,1,On Roadway,6,Dark - Unknown Lighting,,,,,1,Clear,0,No,0000000,Not Applicable,18,6:00pm-6:59pm,25,25,18,6:00pm-6:59pm,30,30,19,7:00pm-7:59pm,2,2,,,,,,,1,
2023,34,340530,New Jersey,1,1,0,0,0,1,1,37,SUSSEX (37),0,NOT APPLICABLE,6,6,11,November,2023,2,Monday,10,10:00am-10:59am,34,34,9,Unknown if This Section Is on the NHS,1,Rural,4,Minor Arterial,2,County Highway Agency,4,County,CR-565,,8,8,41.13090000,41.13090000,-74.704913890,-74.70491389,0,No Special Jurisdiction,42,Tree (Standing Only),0,The First Harmful Event was Not a Collision with a Motor Vehicle in Transport,0,No,1,Non-Junction,1,Not an Intersection,0,None,,,4,On Roadside,1,Daylight,,,,,1,Clear,0,No,0000000,Not Applicable,10,10:00am-10:59am,45,45,10,10:00am-10:59am,59,59,11,11:00am-11:59am,44,44,,,,,,,1,
2023,34,340531,New Jersey,1,1,0,0,0,1,1,7,CAMDEN (7),520,CAMDEN,22,22,11,November,2023,4,Wednesday,21,9:00pm-9:59pm,55,55,1,This Section IS ON the NHS,2,Urban,3,Other Principal Arterial,1,State Highway Agency,2,U.S. Highway,US-130 S CRESCENT BLVD,,514,514,39.94784722,39.94784722,-75.067463890,-75.06746389,0,No Special Jurisdiction,59,"Traffic Sign Support ",0,The First Harmful Event was Not a Collision with a Motor Vehicle in Transport,0,No,1,Non-Junction,1,Not an Intersection,0,None,,,4,On Roadside,3,Dark - Lighted,,,,,1,Clear,0,No,0000000,Not Applicable,21,9:00pm-9:59pm,53,53,21,9:00pm-9:59pm,58,58,88,"Not Applicable (Not Transported) ",88,Not Applicable (Not Transported),,,,,,,1,
2023,34,340532,New Jersey,1,1,0,0,0,1,1,25,MONMOUTH (25),2374,OCEAN TOWNSHIP,9,9,11,November,2023,5,Thursday,2,2:00am-2:59am,26,26,0,This Section IS NOT on the NHS,2,Urban,4,Minor Arterial,4,City or Municipal Highway Agency,0,Not Signed,DEAL RD,,27,27,40.25023889,40.25023889,-74.064461110,-74.06446111,0,No Special Jurisdiction,18,Other Object (not fixed),0,The First Harmful Event was Not a Collision with a Motor Vehicle in Transport,0,No,1,Non-Junction,1,Not an Intersection,0,None,,,4,On Roadside,3,Dark - Lighted,,,,,1,Clear,0,No,0000000,Not Applicable,2,2:00am-2:59am,34,34,2,2:00am-2:59am,46,46,88,"Not Applicable (Not Transported) ",88,Not Applicable (Not Transported),,,,,,,1,
2023,34,340533,New Jersey,2,2,0,1,1,2,2,23,MIDDLESEX (23),2970,SAYREVILLE,13,13,11,November,2023,2,Monday,17,5:00pm-5:59pm,4,4,9,Unknown if This Section Is on the NHS,2,Urban,4,Minor Arterial,4,City or Municipal Highway Agency,0,Not Signed,ERNSTON RD,,1,1,40.45405000,40.45405000,-74.294836110,-74.29483611,0,No Special Jurisdiction,8,Pedestrian,0,The First Harmful Event was Not a Collision with a Motor Vehicle in Transport,0,No,1,Non-Junction,1,Not an Intersection,0,None,,,1,On Roadway,1,Daylight,,,,,1,Clear,0,No,0000000,Not Applicable,17,5:00pm-5:59pm,8,8,17,5:00pm-5:59pm,14,14,17,5:00pm-5:59pm,55,55,,,,,,,1,
2023,34,340534,New Jersey,2,2,0,0,0,2,2,23,MIDDLESEX (23),0,NOT APPLICABLE,20,20,11,November,2023,2,Monday,22,10:00pm-10:59pm,30,30,1,This Section IS ON the NHS,2,Urban,3,Other Principal Arterial,1,State Highway Agency,3,State Highway,SR-27 LINCOLN HWY,STURGIS RD,199,199,40.52551111,40.52551111,-74.388150000,-74.38815000,0,No Special Jurisdiction,12,Motor Vehicle In-Transport,2,Front-to-Front,0,No,2,Intersection,2,Four-Way Intersection,0,None,,,1,On Roadway,7,Other,,,,,1,Clear,0,No,0000000,Not Applicable,22,10:00pm-10:59pm,28,28,22,10:00pm-10:59pm,35,35,23,11:00pm-11:59pm,32,32,,,,,,,1,
2023,34,340535,New Jersey,2,2,0,0,0,2,2,23,MIDDLESEX (23),0,NOT APPLICABLE,20,20,11,November,2023,2,Monday,18,6:00pm-6:59pm,0,0,1,This Section IS ON the NHS,2,Urban,3,Other Principal Arterial,1,State Highway Agency,2,U.S. Highway,US-1,,140,140,40.36072778,40.36072778,-74.602316670,-74.60231667,0,No Special Jurisdiction,30,Utility Pole/Light Support,0,The First Harmful Event was Not a Collision with a Motor Vehicle in Transport,0,No,1,Non-Junction,1,Not an Intersection,0,None,,,4,On Roadside,3,Dark - Lighted,,,,,1,Clear,0,No,0000000,Not Applicable,99,Unknown,99,Unknown,99,Unknown EMS Scene Arrival Hour,99,Unknown EMS Scene Arrival Minutes,99,Unknown,99,Unknown EMS Hospital Arrival Time,,,,,,,1,
2023,34,340536,New Jersey,1,1,0,0,0,1,1,3,BERGEN (3),3340,TENAFLY,28,28,11,November,2023,3,Tuesday,13,1:00pm-1:59pm,45,45,1,This Section IS ON the NHS,2,Urban,2,Other Freeways and Expressways,1,State Highway Agency,11,Off-Interstate Business Marker,BUS-445 PALISADES INTERSTATE P,,46,46,40.91610000,40.91610000,-73.935500000,-73.93550000,0,No Special Jurisdiction,42,Tree (Standing Only),0,The First Harmful Event was Not a Collision with a Motor Vehicle in Transport,0,No,1,Non-Junction,1,Not an Intersection,0,None,,,3,On Median,1,Daylight,,,,,1,Clear,0,No,0000000,Not Applicable,13,1:00pm-1:59pm,46,46,14,2:00pm-2:59pm,1,1,14,2:00pm-2:59pm,36,36,,,,,,,1,
2023,34,340537,New Jersey,3,3,0,0,0,6,6,39,UNION (39),1700,LINDEN,25,25,11,November,2023,7,Saturday,19,7:00pm-7:59pm,43,43,1,This Section IS ON the NHS,2,Urban,3,Other Principal Arterial,1,State Highway Agency,3,State Highway,SR-27,BALDWIN AVE,308,308,40.63923333,40.63923333,-74.262647220,-74.26264722,0,No Special Jurisdiction,12,Motor Vehicle In-Transport,1,Front-to-Rear,0,No,2,Intersection,3,T-Intersection,0,None,,,1,On Roadway,3,Dark - Lighted,,,,,1,Clear,0,No,0000000,Not Applicable,19,7:00pm-7:59pm,53,53,19,7:00pm-7:59pm,56,56,20,8:00pm-8:59pm,40,40,,,,,,,1,
2023,34,340538,New Jersey,1,1,0,0,0,4,4,15,GLOUCESTER (15),0,NOT APPLICABLE,23,23,12,December,2023,7,Saturday,0,0:00am-0:59am,38,38,0,This Section IS NOT on the NHS,2,Urban,5,Major Collector,2,County Highway Agency,4,County,CR-FOX RUN RD,,99998,Not Reported,39.80775556,39.80775556,-75.111975000,-75.11197500,0,No Special Jurisdiction,53,Mail Box,0,The First Harmful Event was Not a Collision with a Motor Vehicle in Transport,0,No,1,Non-Junction,1,Not an Intersection,0,None,,,4,On Roadside,2,Dark - Not Lighted,,,,,1,Clear,0,No,0000000,Not Applicable,0,0:00am-0:59am,39,39,0,0:00am-0:59am,49,49,1,1:00am-1:59am,20,20,,,,,,,2,
2023,34,340539,New Jersey,2,2,0,0,0,2,2,15,GLOUCESTER (15),0,NOT APPLICABLE,27,27,12,December,2023,4,Wednesday,16,4:00pm-4:59pm,27,27,1,This Section IS ON the NHS,2,Urban,3,Other Principal Arterial,1,State Highway Agency,2,U.S. Highway,US-322 BYP STEPHEN M SWEENEY W,,119,119,39.73518333,39.73518333,-75.207422220,-75.20742222,0,No Special Jurisdiction,12,Motor Vehicle In-Transport,2,Front-to-Front,0,No,1,Non-Junction,1,Not an Intersection,0,None,,,1,On Roadway,5,Dusk,,,,,2,Rain,0,No,0000000,Not Applicable,16,4:00pm-4:59pm,29,29,16,4:00pm-4:59pm,35,35,17,5:00pm-5:59pm,3,3,,,,,,,1,
2023,34,340540,New Jersey,2,2,0,0,0,2,2,13,ESSEX (13),2890,ROSELAND,1,1,12,December,2023,6,Friday,9,9:00am-9:59am,25,25,1,This Section IS ON the NHS,2,Urban,1,Interstate,1,State Highway Agency,1,Interstate,I-280,,130,130,40.82498056,40.82498056,-74.320388890,-74.32038889,0,No Special Jurisdiction,12,Motor Vehicle In-Transport,7,Sideswipe - Same Direction,1,Yes,18,Through Roadway,1,Not an Intersection,0,None,,,1,On Roadway,1,Daylight,,,,,1,Clear,0,No,0000000,Not Applicable,9,9:00am-9:59am,33,33,9,9:00am-9:59am,47,47,10,10:00am-10:59am,30,30,,,,,,,1,
2023,34,340541,New Jersey,1,1,0,1,1,1,1,13,ESSEX (13),800,EAST ORANGE,15,15,12,December,2023,6,Friday,3,3:00am-3:59am,35,35,1,This Section IS ON the NHS,2,Urban,3,Other Principal Arterial,4,City or Municipal Highway Agency,0,Not Signed,DR MARTIN LUTHER KING JR BLVD,CR-509 GROVE ST,19,19,40.75830000,40.75830000,-74.203700000,-74.20370000,0,No Special Jurisdiction,9,Pedalcyclist,0,The First Harmful Event was Not a Collision with a Motor Vehicle in Transport,0,No,2,Intersection,2,Four-Way Intersection,0,None,,,1,On Roadway,6,Dark - Unknown Lighting,,,,,1,Clear,0,No,0000000,Not Applicable,3,3:00am-3:59am,43,43,3,3:00am-3:59am,52,52,4,4:00am-4:59am,8,8,,,,,,,1,
2023,34,340542,New Jersey,7,7,0,0,0,7,7,25,MONMOUTH (25),1090,FREEHOLD,5,5,12,December,2023,3,Tuesday,10,10:00am-10:59am,31,31,1,This Section IS ON the NHS,2,Urban,3,Other Principal Arterial,1,State Highway Agency,2,U.S. Highway,US-9,SR-33BUS PARK AVE,99998,Not Reported,40.25927222,40.25927222,-74.291486110,-74.29148611,0,No Special Jurisdiction,12,Motor Vehicle In-Transport,6,Angle,0,No,2,Intersection,2,Four-Way Intersection,0,None,,,1,On Roadway,1,Daylight,,,,,10,Cloudy,0,No,0000000,Not Applicable,10,10:00am-10:59am,36,36,10,10:00am-10:59am,36,36,10,10:00am-10:59am,56,56,,,,,,,1,
2023,34,340543,New Jersey,1,1,0,1,1,1,1,25,MONMOUTH (25),8,ABERDEEN,11,11,12,December,2023,2,Monday,23,11:00pm-11:59pm,18,18,1,This Section IS ON the NHS,2,Urban,3,Other Principal Arterial,1,State Highway Agency,3,State Highway,SR-35,,446,446,40.43653333,40.43653333,-74.221736110,-74.22173611,0,No Special Jurisdiction,8,Pedestrian,0,The First Harmful Event was Not a Collision with a Motor Vehicle in Transport,0,No,1,Non-Junction,1,Not an Intersection,0,None,,,1,On Roadway,3,Dark - Lighted,,,,,1,Clear,0,No,0000000,Not Applicable,23,11:00pm-11:59pm,37,37,23,11:00pm-11:59pm,38,38,88,"Not Applicable (Not Transported) ",88,Not Applicable (Not Transported),,,,,,,1,
2023,34,340544,New Jersey,3,1,2,0,0,2,2,7,CAMDEN (7),520,CAMDEN,22,22,12,December,2023,6,Friday,5,5:00am-5:59am,43,43,1,This Section IS ON the NHS,2,Urban,3,Other Principal Arterial,1,State Highway Agency,2,U.S. Highway,US-130 CRESCENT BLVD,,276,276,39.94823889,39.94823889,-75.067266670,-75.06726667,0,No Special Jurisdiction,33,Curb,0,The First Harmful Event was Not a Collision with a Motor Vehicle in Transport,0,No,1,Non-Junction,1,Not an Intersection,0,None,,,4,On Roadside,3,Dark - Lighted,,,,,1,Clear,0,No,0000000,Not Applicable,5,5:00am-5:59am,39,39,5,5:00am-5:59am,44,44,88,"Not Applicable (Not Transported) ",88,Not Applicable (Not Transported),,,,,,,1,