caseyear,state,st_case,statename,ve_total,ve_forms,pvh_invl,peds,pernotmvit,permvit,persons,county,countyname,city,cityname,day,dayname,month,monthname,year,day_week,day_weekname,hour,hourname,minute,minutename,nhs,nhsname,rur_urb,rur_urbname,func_sys,func_sysname,rd_owner,rd_ownername,route,routename,tway_id,tway_id2,milept,mileptname,latitude,latitudename,longitud,longitudname,sp_jur,sp_jurname,harm_ev,harm_evname,man_coll,man_collname,reljct1,reljct1name,reljct2,reljct2name,typ_int,typ_intname,wrk_zone,wrk_zonename,road_fnc,road_fncname,rel_road,rel_roadname,lgt_cond,lgt_condname,weather1,weather1name,weather2,weather2name,weather,weathername,sch_bus,sch_busname,rail,railname,not_hour,not_hourname,not_min,not_minname,arr_hour,arr_hourname,arr_min,arr_minname,hosp_hr,hosp_hrname,hosp_mn,hosp_mnname,cf1,cf1name,cf2,cf2name,cf3,cf3name,fatals,drunk_dr
2023,34,340545,New Jersey,2,2,0,0,0,2,2,21,MERCER (21),2845,ROBBINSVILLE,22,22,12,December,2023,6,Friday,4,4:00am-4:59am,28,28,1,This Section IS ON the NHS,2,Urban,1,Interstate,1,State Highway Agency,1,Interstate,I-195 NJ TPKE,,167,167,40.19671111,40.19671111,-74.672311110,-74.67231111,0,No Special Jurisdiction,12,Motor Vehicle In-Transport,1,Front-to-Rear,0,No,1,Non-Junction,1,Not an Intersection,0,None,,,1,On Roadway,6,Dark - Unknown Lighting,,,,,1,Clear,0,No,0000000,Not Applicable,4,4:00am-4:59am,33,33,4,4:00am-4:59am,41,41,88,"Not Applicable (Not Transported) ",88,Not Applicable (Not Transported),,,,,,,1,
2023,34,340546,New Jersey,2,2,0,0,0,2,2,25,MONMOUTH (25),390,BRADLEY BEACH,13,13,12,December,2023,4,Wednesday,10,10:00am-10:59am,20,20,0,This Section IS NOT on the NHS,2,Urban,4,Minor Arterial,1,State Highway Agency,3,State Highway,SR-71 MAIN ST,PARK PLACE AVE,73,73,40.20653611,40.20653611,-74.016680560,-74.01668056,0,No Special Jurisdiction,12,Motor Vehicle In-Transport,6,Angle,1,Yes,2,Intersection,3,T-Intersection,0,None,,,1,On Roadway,1,Daylight,,,,,1,Clear,0,No,0000000,Not Applicable,10,10:00am-10:59am,19,19,10,10:00am-10:59am,25,25,10,10:00am-10:59am,46,46,,,,,,,1,
2023,34,340547,New Jersey,1,1,0,1,1,1,1,25,MONMOUTH (25),3475,WALL TOWNSHIP,6,6,12,December,2023,4,Wednesday,20,8:00pm-8:59pm,24,24,0,This Section IS NOT on the NHS,2,Urban,5,Major Collector,4,City or Municipal Highway Agency,0,Not Signed,BRIGHTON AVE,,17,17,40.19072222,40.19072222,-74.073352780,-74.07335278,0,No Special Jurisdiction,8,Pedestrian,0,The First Harmful Event was Not a Collision with a Motor Vehicle in Transport,0,No,1,Non-Junction,1,Not an Intersection,0,None,,,1,On Roadway,2,Dark - Not Lighted,,,,,1,Clear,0,No,0000000,Not Applicable,20,8:00pm-8:59pm,31,31,20,8:00pm-8:59pm,38,38,21,9:00pm-9:59pm,1,1,,,,,,,1,
2023,34,340548,New Jersey,1,1,0,1,1,2,2,3,BERGEN (3),820,EAST RUTHERFORD,3,3,12,December,2023,1,Sunday,17,5:00pm-5:59pm,7,7,0,This Section IS NOT on the NHS,2,Urban,4,Minor Arterial,2,County Highway Agency,3,State Highway,SR-120 CR14 PATERSON AVE,FRANKLIN PL,8,8,40.84594444,40.84594444,-74.110172220,-74.11017222,0,No Special Jurisdiction,8,Pedestrian,0,The First Harmful Event was Not a Collision with a Motor Vehicle in Transport,0,No,3,Intersection-Related,3,T-Intersection,0,None,,,1,On Roadway,3,Dark - Lighted,,,,,2,Rain,0,No,0000000,Not Applicable,17,5:00pm-5:59pm,11,11,17,5:00pm-5:59pm,14,14,17,5:00pm-5:59pm,39,39,,,,,,,1,
2023,34,340549,New Jersey,3,3,0,0,0,5,5,23,MIDDLESEX (23),1920,NEW BRUNSWICK,9,9,12,December,2023,7,Saturday,14,2:00pm-2:59pm,9,9,0,This Section IS NOT on the NHS,2,Urban,4,Minor Arterial,2,County Highway Agency,4,County,CR-522 BUCKELEW AVE,CR-613 SPOTSWOOD ENGLISHTOWN R,143,143,40.30809444,40.30809444,-74.378144440,-74.37814444,0,No Special Jurisdiction,33,Curb,0,The First Harmful Event was Not a Collision with a Motor Vehicle in Transport,0,No,3,Intersection-Related,2,Four-Way Intersection,0,None,,,4,On Roadside,1,Daylight,,,,,1,Clear,0,No,0000000,Not Applicable,14,2:00pm-2:59pm,12,12,14,2:00pm-2:59pm,19,19,14,2:00pm-2:59pm,36,36,,,,,,,1,
2023,34,340550,New Jersey,1,1,0,0,0,1,1,21,MERCER (21),1265,HAMILTON TOWNSHIP,5,5,12,December,2023,3,Tuesday,12,12:00pm-12:59pm,0,0,1,This Section IS ON the NHS,2,Urban,1,Interstate,1,State Highway Agency,1,Interstate,I-195 RAMP,,32,32,40.19785278,40.19785278,-74.666650000,-74.66665000,0,No Special Jurisdiction,33,Curb,0,The First Harmful Event was Not a Collision with a Motor Vehicle in Transport,1,Yes,5,Entrance/Exit Ramp Related,1,Not an Intersection,0,None,,,4,On Roadside,1,Daylight,,,,,1,Clear,0,No,0000000,Not Applicable,12,12:00pm-12:59pm,3,3,12,12:00pm-12:59pm,9,9,88,"Not Applicable (Not Transported) ",88,Not Applicable (Not Transported),,,,,,,1,
2023,34,340551,New Jersey,1,1,0,1,1,1,1,29,OCEAN (29),1320,HARVEY CEDARS,1,1,12,December,2023,6,Friday,16,4:00pm-4:59pm,57,57,0,This Section IS NOT on the NHS,2,Urban,4,Minor Arterial,2,County Highway Agency,4,County,CR-607 LONG BEACH BLVD,WEST 80TH ST,139,139,39.70715000,39.70715000,-74.133783330,-74.13378333,0,No Special Jurisdiction,8,Pedestrian,0,The First Harmful Event was Not a Collision with a Motor Vehicle in Transport,0,No,3,Intersection-Related,2,Four-Way Intersection,0,None,,,1,On Roadway,3,Dark - Lighted,,,,,2,Rain,0,No,0000000,Not Applicable,16,4:00pm-4:59pm,57,57,17,5:00pm-5:59pm,3,3,99,Unknown,99,Unknown EMS Hospital Arrival Time,,,,,,,1,
2023,34,340552,New Jersey,3,3,0,0,0,6,6,23,MIDDLESEX (23),2208,NORTH BRUNSWICK,19,19,12,December,2023,3,Tuesday,6,6:00am-6:59am,32,32,1,This Section IS ON the NHS,2,Urban,3,Other Principal Arterial,1,State Highway Agency,2,U.S. Highway,US-130,RENAISSANCE BLVD,90,90,40.43075000,40.43075000,-74.491213890,-74.49121389,0,No Special Jurisdiction,12,Motor Vehicle In-Transport,1,Front-to-Rear,0,No,3,Intersection-Related,2,Four-Way Intersection,0,None,,,1,On Roadway,4,Dawn,,,,,1,Clear,0,No,0000000,Not Applicable,6,6:00am-6:59am,46,46,7,7:00am-7:59am,3,3,7,7:00am-7:59am,29,29,,,,,,,1,
2023,34,340553,New Jersey,1,1,0,1,1,1,1,21,MERCER (21),3380,TRENTON,8,8,12,December,2023,6,Friday,20,8:00pm-8:59pm,15,15,0,This Section IS NOT on the NHS,2,Urban,4,Minor Arterial,4,City or Municipal Highway Agency,0,Not Signed,S CLINTON AVE,REMSEN AVE,20,20,40.20365278,40.20365278,-74.737530560,-74.73753056,0,No Special Jurisdiction,8,Pedestrian,0,The First Harmful Event was Not a Collision with a Motor Vehicle in Transport,0,No,3,Intersection-Related,2,Four-Way Intersection,0,None,,,1,On Roadway,3,Dark - Lighted,,,,,1,Clear,0,No,0000000,Not Applicable,20,8:00pm-8:59pm,16,16,20,8:00pm-8:59pm,21,21,20,8:00pm-8:59pm,36,36,,,,,,,1,
2023,34,340554,New Jersey,1,1,0,1,1,2,2,3,BERGEN (3),2480,PARAMUS,4,4,9,September,2023,2,Monday,13,1:00pm-1:59pm,0,0,0,This Section IS NOT on the NHS,6,Trafficway Not in State Inventory,96,Trafficway Not in State Inventory,96,Trafficway Not in State Inventory,96,Trafficway Not in State Inventory,NONE,,99998,Not Reported,40.91411944,40.91411944,-74.053555560,-74.05355556,0,No Special Jurisdiction,8,Pedestrian,0,The First Harmful Event was Not a Collision with a Motor Vehicle in Transport,0,No,4,Driveway Access,1,Not an Intersection,0,None,,,1,On Roadway,1,Daylight,,,,,1,Clear,0,No,0000000,Not Applicable,13,1:00pm-1:59pm,4,4,13,1:00pm-1:59pm,7,7,13,1:00pm-1:59pm,43,43,,,,,,,1,
2023,34,340555,New Jersey,2,2,0,0,0,2,2,15,GLOUCESTER (15),0,NOT APPLICABLE,19,19,10,October,2023,5,Thursday,16,4:00pm-4:59pm,13,13,1,This Section IS ON the NHS,2,Urban,3,Other Principal Arterial,2,County Highway Agency,2,U.S. Highway,US-322 CR536 MULLICA HILL RD,LAMBS RD,147,147,39.72117778,39.72117778,-75.161283330,-75.16128333,0,No Special Jurisdiction,12,Motor Vehicle In-Transport,6,Angle,0,No,2,Intersection,2,Four-Way Intersection,0,None,,,1,On Roadway,1,Daylight,,,,,1,Clear,0,No,0000000,Not Applicable,16,4:00pm-4:59pm,15,15,16,4:00pm-4:59pm,20,20,16,4:00pm-4:59pm,38,38,,,,,,,1,
2023,34,340556,New Jersey,1,1,0,0,0,1,1,23,MIDDLESEX (23),2970,SAYREVILLE,22,22,12,December,2023,6,Friday,99,Unknown Hours,99,Unknown Minutes,1,This Section IS ON the NHS,2,Urban,3,Other Principal Arterial,1,State Highway Agency,3,State Highway,SR-35,,511,511,40.50019167,40.50019167,-74.297725000,-74.29772500,0,No Special Jurisdiction,33,Curb,0,The First Harmful Event was Not a Collision with a Motor Vehicle in Transport,0,No,1,Non-Junction,1,Not an Intersection,0,None,,,4,On Roadside,3,Dark - Lighted,,,,,1,Clear,0,No,0000000,Not Applicable,99,Unknown,99,Unknown,7,7:00am-7:59am,2,2,88,"Not Applicable (Not Transported) ",88,Not Applicable (Not Transported),,,,,,,1,
2023,34,340557,New Jersey,1,1,0,0,0,1,1,23,MIDDLESEX (23),3144,SOUTH BRUNSWICK,24,24,12,December,2023,1,Sunday,0,0:00am-0:59am,53,53,1,This Section IS ON the NHS,2,Urban,3,Other Principal Arterial,1,State Highway Agency,2,U.S. Highway,US-1,,474,474,40.39713333,40.39713333,-74.558419440,-74.55841944,0,No Special Jurisdiction,30,Utility Pole/Light Support,0,The First Harmful Event was Not a Collision with a Motor Vehicle in Transport,0,No,1,Non-Junction,1,Not an Intersection,0,None,,,4,On Roadside,3,Dark - Lighted,,,,,2,Rain,0,No,0000000,Not Applicable,0,0:00am-0:59am,57,57,1,1:00am-1:59am,13,13,88,"Not Applicable (Not Transported) ",88,Not Applicable (Not Transported),,,,,,,1,
2023,34,340558,New Jersey,3,3,0,0,0,4,4,1,ATLANTIC (1),0,NOT APPLICABLE,13,13,11,November,2023,2,Monday,17,5:00pm-5:59pm,28,28,0,This Section IS NOT on the NHS,1,Rural,4,Minor Arterial,1,State Highway Agency,3,State Highway,SR-54,,52,52,39.57626667,39.57626667,-74.872794440,-74.87279444,0,No Special Jurisdiction,12,Motor Vehicle In-Transport,6,Angle,0,No,8,Driveway Access Related,1,Not an Intersection,0,None,,,1,On Roadway,5,Dusk,,,,,1,Clear,0,No,0000000,Not Applicable,99,Unknown,99,Unknown,99,Unknown EMS Scene Arrival Hour,99,Unknown EMS Scene Arrival Minutes,99,Unknown,99,Unknown EMS Hospital Arrival Time,,,,,,,1,
2023,34,340559,New Jersey,2,2,0,0,0,3,3,33,SALEM (33),0,NOT APPLICABLE,16,16,8,August,2023,4,Wednesday,9,9:00am-9:59am,30,30,1,This Section IS ON the NHS,1,Rural,3,Other Principal Arterial,1,State Highway Agency,2,U.S. Highway,US-50,CR-677,183,183,39.60556944,39.60556944,-75.199858330,-75.19985833,0,No Special Jurisdiction,12,Motor Vehicle In-Transport,6,Angle,0,No,2,Intersection,2,Four-Way Intersection,0,None,,,1,On Roadway,1,Daylight,,,,,1,Clear,0,No,0000000,Not Applicable,9,9:00am-9:59am,32,32,9,9:00am-9:59am,33,33,9,9:00am-9:59am,46,46,,,,,,,1,
2023,34,340560,New Jersey,1,1,0,1,1,1,1,7,CAMDEN (7),520,CAMDEN,26,26,10,October,2023,5,Thursday,18,6:00pm-6:59pm,48,48,1,This Section IS ON the NHS,2,Urban,3,Other Principal Arterial,1,State Highway Agency,3,State Highway,SR-168 MT EPHRAIM AVE,NONE,100,100,39.90920556,39.90920556,-75.097891670,-75.09789167,0,No Special Jurisdiction,8,Pedestrian,0,The First Harmful Event was Not a Collision with a Motor Vehicle in Transport,0,No,2,Intersection,3,T-Intersection,0,None,,,1,On Roadway,2,Dark - Not Lighted,,,,,1,Clear,0,No,0000000,Not Applicable,99,Unknown,99,Unknown,99,Unknown EMS Scene Arrival Hour,99,Unknown EMS Scene Arrival Minutes,88,"Not Applicable (Not Transported) ",88,Not Applicable (Not Transported),,,,,,,1,
2023,34,340561,New Jersey,1,1,0,2,2,1,1,31,PASSAIC (31),2510,PATERSON,13,13,9,September,2023,4,Wednesday,2,2:00am-2:59am,11,11,0,This Section IS NOT on the NHS,2,Urban,4,Minor Arterial,2,County Highway Agency,4,County,CR-651 17TH AVE,VREELAND AVE,33,33,40.91199444,40.91199444,-74.142205560,-74.14220556,0,No Special Jurisdiction,9,Pedalcyclist,0,The First Harmful Event was Not a Collision with a Motor Vehicle in Transport,0,No,3,Intersection-Related,7,"Five Point, or More",0,None,,,1,On Roadway,3,Dark - Lighted,,,,,1,Clear,0,No,0000000,Not Applicable,88,Not Applicable (Not Notified),88,Not Applicable (Not Notified),88,Not Applicable,88,Not Applicable,88,"Not Applicable (Not Transported) ",88,Not Applicable (Not Transported),,,,,,,1,
2023,34,340562,New Jersey,2,2,0,0,0,3,3,29,OCEAN (29),0,NOT APPLICABLE,9,9,12,December,2023,7,Saturday,9,9:00am-9:59am,19,19,0,This Section IS NOT on the NHS,1,Rural,5,Major Collector,2,County Highway Agency,4,County,CR-614 LACEY RD,,94,94,39.86830833,39.86830833,-74.234313890,-74.23431389,0,No Special Jurisdiction,12,Motor Vehicle In-Transport,6,Angle,0,No,1,Non-Junction,1,Not an Intersection,0,None,,,1,On Roadway,1,Daylight,,,,,1,Clear,0,No,0000000,Not Applicable,9,9:00am-9:59am,21,21,9,9:00am-9:59am,34,34,10,10:00am-10:59am,13,13,,,,,,,1,
2023,34,340563,New Jersey,2,2,0,0,0,4,4,9,CAPE MAY (9),0,NOT APPLICABLE,26,26,8,August,2023,7,Saturday,1,1:00am-1:59am,56,56,0,This Section IS NOT on the NHS,2,Urban,4,Minor Arterial,1,State Highway Agency,2,U.S. Highway,US-9,CHURCH RD,66,66,39.01053056,39.01053056,-74.879352780,-74.87935278,0,No Special Jurisdiction,12,Motor Vehicle In-Transport,6,Angle,0,No,2,Intersection,3,T-Intersection,0,None,,,1,On Roadway,3,Dark - Lighted,,,,,1,Clear,0,No,0000000,Not Applicable,2,2:00am-2:59am,2,2,2,2:00am-2:59am,14,14,2,2:00am-2:59am,47,47,,,,,,,1,
2023,34,340564,New Jersey,1,1,0,1,1,1,1,9,CAPE MAY (9),2804,RIO GRANDE,15,15,11,November,2023,4,Wednesday,18,6:00pm-6:59pm,29,29,0,This Section IS NOT on the NHS,2,Urban,4,Minor Arterial,1,State Highway Agency,2,U.S. Highway,US-9,SR-47,72,72,39.01473889,39.01473889,-74.875980560,-74.87598056,0,No Special Jurisdiction,8,Pedestrian,0,The First Harmful Event was Not a Collision with a Motor Vehicle in Transport,0,No,3,Intersection-Related,2,Four-Way Intersection,0,None,,,1,On Roadway,3,Dark - Lighted,,,,,1,Clear,0,No,0000000,Not Applicable,18,6:00pm-6:59pm,32,32,18,6:00pm-6:59pm,35,35,18,6:00pm-6:59pm,53,53,,,,,,,1,
2023,34,340565,New Jersey,2,2,0,0,0,2,2,13,ESSEX (13),2130,NEWARK,5,5,10,October,2023,5,Thursday,21,9:00pm-9:59pm,36,36,0,This Section IS NOT on the NHS,2,Urban,4,Minor Arterial,4,City or Municipal Highway Agency,0,Not Signed,CLIFTON AVE,BRANCH BROOK PARK DR,29,29,40.75316944,40.75316944,-74.178819440,-74.17881944,0,No Special Jurisdiction,12,Motor Vehicle In-Transport,7,Sideswipe - Same Direction,0,No,3,Intersection-Related,3,T-Intersection,0,None,,,1,On Roadway,3,Dark - Lighted,,,,,1,Clear,0,No,0000000,Not Applicable,21,9:00pm-9:59pm,37,37,21,9:00pm-9:59pm,37,37,22,10:00pm-10:59pm,12,12,,,,,,,1,
2023,34,340566,New Jersey,1,1,0,0,0,2,2,9,CAPE MAY (9),130,AVALON,9,9,12,December,2023,7,Saturday,15,3:00pm-3:59pm,40,40,0,This Section IS NOT on the NHS,1,Rural,5,Major Collector,2,County Highway Agency,4,County,CR-601 AVALON BLVD,,33,33,39.10028333,39.10028333,-74.731905560,-74.73190556,0,No Special Jurisdiction,42,Tree (Standing Only),0,The First Harmful Event was Not a Collision with a Motor Vehicle in Transport,0,No,1,Non-Junction,1,Not an Intersection,0,None,,,4,On Roadside,1,Daylight,,,,,1,Clear,0,No,0000000,Not Applicable,15,3:00pm-3:59pm,42,42,15,3:00pm-3:59pm,48,48,16,4:00pm-4:59pm,11,11,,,,,,,1,
2023,34,340567,New Jersey,1,1,0,1,1,1,1,13,ESSEX (13),500,CALDWELL,30,30,6,June,2023,6,Friday,15,3:00pm-3:59pm,13,13,1,This Section IS ON the NHS,2,Urban,3,Other Principal Arterial,2,County Highway Agency,4,County,CR-506 BLOOMFIELD AVE,CR-527 ROSELAND AVE,26,26,40.83885833,40.83885833,-74.274963890,-74.27496389,0,No Special Jurisdiction,8,Pedestrian,0,The First Harmful Event was Not a Collision with a Motor Vehicle in Transport,0,No,3,Intersection-Related,3,T-Intersection,0,None,,,1,On Roadway,1,Daylight,,,,,1,Clear,0,No,0000000,Not Applicable,15,3:00pm-3:59pm,17,17,15,3:00pm-3:59pm,25,25,16,4:00pm-4:59pm,14,14,,,,,,,1,
2023,34,340568,New Jersey,1,1,0,1,1,3,3,11,CUMBERLAND (11),1970,MILLVILLE,17,17,12,December,2023,1,Sunday,19,7:00pm-7:59pm,10,10,0,This Section IS NOT on the NHS,2,Urban,4,Minor Arterial,1,State Highway Agency,3,State Highway,SR-47 N 2ND ST,,420,420,39.42122778,39.42122778,-75.039463890,-75.03946389,0,No Special Jurisdiction,8,Pedestrian,0,The First Harmful Event was Not a Collision with a Motor Vehicle in Transport,0,No,1,Non-Junction,1,Not an Intersection,0,None,,,1,On Roadway,3,Dark - Lighted,,,,,2,Rain,0,No,0000000,Not Applicable,19,7:00pm-7:59pm,9,9,19,7:00pm-7:59pm,13,13,88,"Not Applicable (Not Transported) ",88,Not Applicable (Not Transported),,,,,,,1,
2023,34,340569,New Jersey,2,2,0,0,0,5,5,11,CUMBERLAND (11),1970,MILLVILLE,18,18,12,December,2023,2,Monday,16,4:00pm-4:59pm,48,48,0,This Section IS NOT on the NHS,2,Urban,4,Minor Arterial,1,State Highway Agency,3,State Highway,SR-47 S 2ND ST,NONE,379,379,39.36513889,39.36513889,-75.020047220,-75.02004722,0,No Special Jurisdiction,12,Motor Vehicle In-Transport,6,Angle,0,No,2,Intersection,3,T-Intersection,0,None,,,1,On Roadway,3,Dark - Lighted,,,,,10,Cloudy,0,No,0000000,Not Applicable,16,4:00pm-4:59pm,48,48,16,4:00pm-4:59pm,58,58,88,"Not Applicable (Not Transported) ",88,Not Applicable (Not Transported),,,,,,,1,
2023,34,340570,New Jersey,1,1,0,3,3,1,1,13,ESSEX (13),1480,TOWNSHIP OF IRVINGTON,13,13,7,July,2023,5,Thursday,21,9:00pm-9:59pm,29,29,1,This Section IS ON the NHS,2,Urban,3,Other Principal Arterial,2,County Highway Agency,4,County,CR-603 SPRINGFIELD AVE,,5,5,40.72488333,40.72488333,-74.240016670,-74.24001667,0,No Special Jurisdiction,8,Pedestrian,0,The First Harmful Event was Not a Collision with a Motor Vehicle in Transport,0,No,1,Non-Junction,1,Not an Intersection,0,None,,,1,On Roadway,3,Dark - Lighted,,,,,1,Clear,0,No,0000000,Not Applicable,21,9:00pm-9:59pm,28,28,21,9:00pm-9:59pm,30,30,21,9:00pm-9:59pm,51,51,,,,,,,1,
2023,34,340571,New Jersey,2,2,0,0,0,4,4,39,UNION (39),860,ELIZABETH,10,10,12,December,2023,1,Sunday,5,5:00am-5:59am,49,49,1,This Section IS ON the NHS,2,Urban,3,Other Principal Arterial,1,State Highway Agency,2,U.S. Highway,US-1 SPRING ST,E GRAND ST,445,445,40.66547778,40.66547778,-74.204944440,-74.20494444,0,No Special Jurisdiction,12,Motor Vehicle In-Transport,6,Angle,0,No,2,Intersection,2,Four-Way Intersection,0,None,,,1,On Roadway,3,Dark - Lighted,,,,,10,Cloudy,0,No,0000000,Not Applicable,5,5:00am-5:59am,52,52,5,5:00am-5:59am,57,57,6,6:00am-6:59am,39,39,,,,,,,2,
2023,34,340572,New Jersey,1,1,0,1,1,1,1,39,UNION (39),860,ELIZABETH,23,23,12,December,2023,7,Saturday,14,2:00pm-2:59pm,49,49,1,This Section IS ON the NHS,2,Urban,3,Other Principal Arterial,1,State Highway Agency,3,State Highway,SR-27 NEWARK AVE,WAVERLY PL,350,350,40.67883056,40.67883056,-74.210547220,-74.21054722,0,No Special Jurisdiction,8,Pedestrian,0,The First Harmful Event was Not a Collision with a Motor Vehicle in Transport,0,No,3,Intersection-Related,3,T-Intersection,0,None,,,1,On Roadway,1,Daylight,,,,,1,Clear,0,No,0000000,Not Applicable,14,2:00pm-2:59pm,50,50,14,2:00pm-2:59pm,56,56,15,3:00pm-3:59pm,30,30,,,,,,,1,
2023,34,340573,New Jersey,2,2,0,0,0,3,3,31,PASSAIC (31),2510,PATERSON,20,20,9,September,2023,4,Wednesday,19,7:00pm-7:59pm,19,19,0,This Section IS NOT on the NHS,2,Urban,4,Minor Arterial,2,County Highway Agency,4,County,CR-639 MCBRIDE AVE,NAGLE ST,30,30,40.91071389,40.91071389,-74.189863890,-74.18986389,0,No Special Jurisdiction,12,Motor Vehicle In-Transport,6,Angle,0,No,2,Intersection,2,Four-Way Intersection,0,None,,,1,On Roadway,3,Dark - Lighted,,,,,1,Clear,0,No,0000000,Not Applicable,19,7:00pm-7:59pm,27,27,19,7:00pm-7:59pm,34,34,19,7:00pm-7:59pm,49,49,,,,,,,1,
2023,34,340574,New Jersey,1,1,0,1,1,2,2,39,UNION (39),1700,LINDEN,18,18,12,December,2023,2,Monday,18,6:00pm-6:59pm,48,48,1,This Section IS ON the NHS,2,Urban,3,Other Principal Arterial,1,State Highway Agency,2,U.S. Highway,US-1 W EDGAR RD,S WOOD AVE,411,411,40.62651667,40.62651667,-74.243475000,-74.24347500,0,No Special Jurisdiction,8,Pedestrian,0,The First Harmful Event was Not a Collision with a Motor Vehicle in Transport,0,No,3,Intersection-Related,2,Four-Way Intersection,0,None,,,1,On Roadway,3,Dark - Lighted,,,,,1,Clear,0,No,0000000,Not Applicable,18,6:00pm-6:59pm,52,52,18,6:00pm-6:59pm,53,53,88,"Not Applicable (Not Transported) ",88,Not Applicable (Not Transported),,,,,,,1,
2023,34,340575,New Jersey,1,1,0,1,1,1,1,25,MONMOUTH (25),0,NOT APPLICABLE,19,19,8,August,2023,7,Saturday,1,1:00am-1:59am,28,28,1,This Section IS ON the NHS,2,Urban,3,Other Principal Arterial,1,State Highway Agency,3,State Highway,SR-36,ATLANTIC ST,240,240,40.42754722,40.42754722,-74.195047220,-74.19504722,0,No Special Jurisdiction,8,Pedestrian,0,The First Harmful Event was Not a Collision with a Motor Vehicle in Transport,0,No,3,Intersection-Related,2,Four-Way Intersection,0,None,,,1,On Roadway,3,Dark - Lighted,,,,,1,Clear,0,No,0000000,Not Applicable,1,1:00am-1:59am,33,33,1,1:00am-1:59am,38,38,2,2:00am-2:59am,7,7,,,,,,,1,
2023,34,340576,New Jersey,1,1,0,1,1,1,1,39,UNION (39),0,NOT APPLICABLE,15,15,12,December,2023,6,Friday,13,1:00pm-1:59pm,57,57,0,This Section IS NOT on the NHS,2,Urban,5,Major Collector,2,County Highway Agency,4,County,CR-625 CHESTNUT ST,E 2ND AVE,6,6,40.65875833,40.65875833,-74.263355560,-74.26335556,0,No Special Jurisdiction,8,Pedestrian,0,The First Harmful Event was Not a Collision with a Motor Vehicle in Transport,0,No,3,Intersection-Related,2,Four-Way Intersection,0,None,,,1,On Roadway,1,Daylight,,,,,1,Clear,0,No,0000000,Not Applicable,13,1:00pm-1:59pm,59,59,14,2:00pm-2:59pm,0,0,14,2:00pm-2:59pm,45,45,,,,,,,1,
2023,34,340577,New Jersey,2,2,0,1,1,4,4,27,MORRIS (27),0,NOT APPLICABLE,22,22,12,December,2023,6,Friday,5,5:00am-5:59am,46,46,1,This Section IS ON the NHS,2,Urban,3,Other Principal Arterial,1,State Highway Agency,3,State Highway,SR-15 W UNION TPKE,MT PLEASANT LN,168,168,40.91385833,40.91385833,-74.580022220,-74.58002222,0,No Special Jurisdiction,12,Motor Vehicle In-Transport,6,Angle,0,No,3,Intersection-Related,3,T-Intersection,0,None,,,1,On Roadway,3,Dark - Lighted,,,,,1,Clear,0,No,0000000,Not Applicable,5,5:00am-5:59am,46,46,5,5:00am-5:59am,55,55,6,6:00am-6:59am,32,32,,,,,,,1,
2023,34,340578,New Jersey,2,2,0,0,0,3,3,25,MONMOUTH (25),1760,LONG BRANCH,14,14,8,August,2023,2,Monday,4,4:00am-4:59am,9,9,0,This Section IS NOT on the NHS,2,Urban,7,Local,4,City or Municipal Highway Agency,0,Not Signed,MACARTHUR AVE,,99998,Not Reported,40.31424722,40.31424722,-73.986186110,-73.98618611,0,No Special Jurisdiction,12,Motor Vehicle In-Transport,2,Front-to-Front,0,No,1,Non-Junction,1,Not an Intersection,0,None,,,1,On Roadway,3,Dark - Lighted,,,,,1,Clear,0,No,0000000,Not Applicable,4,4:00am-4:59am,5,5,4,4:00am-4:59am,8,8,5,5:00am-5:59am,0,0,,,,,,,1,
2023,34,340579,New Jersey,2,1,1,1,1,1,1,13,ESSEX (13),2130,NEWARK,31,31,10,October,2023,3,Tuesday,8,8:00am-8:59am,35,35,0,This Section IS NOT on the NHS,2,Urban,5,Major Collector,4,City or Municipal Highway Agency,0,Not Signed,NICHOLS ST,ADAMS ST,5,5,40.72441111,40.72441111,-74.161636110,-74.16163611,0,No Special Jurisdiction,8,Pedestrian,0,The First Harmful Event was Not a Collision with a Motor Vehicle in Transport,0,No,3,Intersection-Related,2,Four-Way Intersection,0,None,,,1,On Roadway,1,Daylight,,,,,1,Clear,0,No,0000000,Not Applicable,8,8:00am-8:59am,37,37,8,8:00am-8:59am,44,44,9,9:00am-9:59am,12,12,,,,,,,1,
2023,34,340580,New Jersey,1,1,0,1,1,1,1,13,ESSEX (13),2130,NEWARK,31,31,12,December,2023,1,Sunday,20,8:00pm-8:59pm,39,39,0,This Section IS NOT on the NHS,2,Urban,4,Minor Arterial,4,City or Municipal Highway Agency,0,Not Signed,IRVINE TURNER BLVD,CLINTON AVE,6,6,40.72153889,40.72153889,-74.193677780,-74.19367778,0,No Special Jurisdiction,8,Pedestrian,0,The First Harmful Event was Not a Collision with a Motor Vehicle in Transport,0,No,3,Intersection-Related,2,Four-Way Intersection,0,None,,,1,On Roadway,3,Dark - Lighted,,,,,1,Clear,0,No,0000000,Not Applicable,20,8:00pm-8:59pm,39,39,20,8:00pm-8:59pm,43,43,21,9:00pm-9:59pm,16,16,,,,,,,1,
2023,34,340581,New Jersey,1,1,0,1,1,1,1,13,ESSEX (13),1990,MONTCLAIR,28,28,10,October,2023,7,Saturday,12,12:00pm-12:59pm,15,15,0,This Section IS NOT on the NHS,2,Urban,5,Major Collector,4,City or Municipal Highway Agency,0,Not Signed,BELLEVUE AVE,PARK ST,99998,Not Reported,40.83988056,40.83988056,-74.201613890,-74.20161389,0,No Special Jurisdiction,8,Pedestrian,0,The First Harmful Event was Not a Collision with a Motor Vehicle in Transport,0,No,3,Intersection-Related,2,Four-Way Intersection,0,None,,,1,On Roadway,1,Daylight,,,,,1,Clear,0,No,0000000,Not Applicable,99,Unknown,99,Unknown,99,Unknown EMS Scene Arrival Hour,99,Unknown EMS Scene Arrival Minutes,99,Unknown,99,Unknown EMS Hospital Arrival Time,,,,,,,1,